time,open,high,low,close,tick_volume,spread
2026-06-01T08:00:00Z,2050.00,2050.20,2049.66,2050.06,47,109
2026-06-01T08:01:00Z,2050.06,2050.25,2049.24,2049.26,48,112
2026-06-01T08:02:00Z,2049.26,2049.92,2049.26,2049.79,47,89
2026-06-01T08:03:00Z,2049.79,2050.98,2049.68,2050.98,49,130
2026-06-01T08:04:00Z,2050.98,2051.73,2050.33,2050.97,51,80
2026-06-01T08:05:00Z,2050.97,2051.27,2048.38,2048.80,56,86
2026-06-01T08:06:00Z,2048.80,2049.76,2047.90,2049.76,48,96
2026-06-01T08:07:00Z,2049.76,2051.45,2049.76,2050.37,55,71
2026-06-01T08:08:00Z,2050.37,2050.84,2050.00,2050.70,49,89
2026-06-01T08:09:00Z,2050.70,2050.82,2050.27,2050.66,47,98
2026-06-01T08:10:00Z,2050.66,2052.00,2050.50,2051.33,53,72
2026-06-01T08:11:00Z,2051.33,2052.17,2051.32,2052.17,41,70
2026-06-01T08:12:00Z,2052.17,2053.11,2052.00,2052.88,48,81
2026-06-01T08:13:00Z,2052.88,2053.88,2052.88,2053.87,42,52
2026-06-01T08:14:00Z,2053.87,2054.58,2053.38,2053.38,49,56
2026-06-01T08:15:00Z,2053.38,2054.03,2052.80,2053.03,42,52
2026-06-01T08:16:00Z,2053.03,2053.62,2052.57,2052.75,49,51
2026-06-01T08:17:00Z,2052.75,2053.52,2052.75,2053.52,50,74
2026-06-01T08:18:00Z,2053.52,2053.52,2052.47,2053.30,43,45
2026-06-01T08:19:00Z,2053.30,2054.05,2052.89,2053.87,41,54
2026-06-01T08:20:00Z,2053.87,2053.87,2052.21,2052.97,43,67
2026-06-01T08:21:00Z,2052.97,2053.20,2051.60,2053.20,44,53
2026-06-01T08:22:00Z,2053.20,2054.01,2053.20,2053.80,35,51
2026-06-01T08:23:00Z,2053.80,2055.67,2053.80,2055.04,34,54
2026-06-01T08:24:00Z,2055.04,2056.30,2055.04,2055.86,38,60
2026-06-01T08:25:00Z,2055.86,2057.33,2055.73,2057.17,34,41
2026-06-01T08:26:00Z,2057.17,2058.42,2056.79,2057.94,48,46
2026-06-01T08:27:00Z,2057.94,2058.99,2057.30,2058.84,32,52
2026-06-01T08:28:00Z,2058.84,2059.21,2058.63,2059.21,33,38
2026-06-01T08:29:00Z,2059.21,2059.71,2058.73,2059.71,47,38
2026-06-01T08:30:00Z,2059.71,2059.71,2058.18,2058.41,45,40
2026-06-01T08:31:00Z,2058.41,2058.75,2057.42,2057.42,36,51
2026-06-01T08:32:00Z,2057.42,2058.01,2056.09,2056.14,38,39
2026-06-01T08:33:00Z,2056.14,2056.45,2055.29,2055.78,43,39
2026-06-01T08:34:00Z,2055.78,2056.20,2054.42,2055.96,43,34
2026-06-01T08:35:00Z,2055.96,2057.92,2055.67,2057.47,40,51
2026-06-01T08:36:00Z,2057.47,2059.66,2057.47,2059.66,43,38
2026-06-01T08:37:00Z,2059.66,2060.33,2059.38,2060.29,32,33
2026-06-01T08:38:00Z,2060.29,2061.24,2059.87,2060.18,35,46
2026-06-01T08:39:00Z,2060.18,2061.09,2060.18,2060.73,37,35
2026-06-01T08:40:00Z,2060.73,2061.01,2059.04,2059.04,32,37
2026-06-01T08:41:00Z,2059.04,2060.14,2058.90,2059.87,42,36
2026-06-01T08:42:00Z,2059.87,2061.24,2059.07,2061.23,40,44
2026-06-01T08:43:00Z,2061.23,2062.20,2061.23,2061.54,42,50
2026-06-01T08:44:00Z,2061.54,2061.90,2061.03,2061.03,30,33
2026-06-01T08:45:00Z,2061.03,2063.20,2060.84,2063.06,37,44
2026-06-01T08:46:00Z,2063.06,2064.96,2063.06,2064.96,33,41
2026-06-01T08:47:00Z,2064.96,2065.17,2064.10,2064.91,35,48
2026-06-01T08:48:00Z,2064.91,2065.76,2064.91,2065.76,37,33
2026-06-01T08:49:00Z,2065.76,2066.16,2064.50,2066.16,36,38
2026-06-01T08:50:00Z,2066.16,2066.65,2065.41,2066.65,27,41
2026-06-01T08:51:00Z,2066.65,2067.07,2066.10,2066.10,32,38
2026-06-01T08:52:00Z,2066.10,2067.80,2065.93,2067.22,25,48
2026-06-01T08:53:00Z,2067.22,2067.47,2066.48,2067.47,33,33
2026-06-01T08:54:00Z,2067.47,2068.02,2066.89,2066.89,36,39
2026-06-01T08:55:00Z,2066.89,2066.89,2065.25,2066.37,35,35
2026-06-01T08:56:00Z,2066.37,2067.43,2066.24,2067.40,25,48
2026-06-01T08:57:00Z,2067.40,2067.40,2066.27,2066.27,39,42
2026-06-01T08:58:00Z,2066.27,2067.78,2066.27,2067.78,36,48
2026-06-01T08:59:00Z,2067.78,2067.92,2066.35,2066.35,32,42
2026-06-01T09:00:00Z,2066.35,2066.57,2065.64,2065.64,37,32
2026-06-01T09:01:00Z,2065.64,2065.64,2064.81,2065.53,33,47
2026-06-01T09:02:00Z,2065.53,2065.67,2064.93,2065.11,31,46
2026-06-01T09:03:00Z,2065.11,2065.11,2063.05,2063.05,27,49
2026-06-01T09:04:00Z,2063.05,2063.88,2062.44,2062.58,27,45
2026-06-01T09:05:00Z,2062.58,2063.68,2062.20,2063.43,34,43
2026-06-01T09:06:00Z,2063.43,2063.74,2063.03,2063.35,34,45
2026-06-01T09:07:00Z,2063.35,2063.70,2063.10,2063.27,21,34
2026-06-01T09:08:00Z,2063.27,2064.61,2063.27,2064.03,35,38
2026-06-01T09:09:00Z,2064.03,2067.37,2064.03,2067.37,31,36
2026-06-01T09:10:00Z,2067.37,2067.82,2066.71,2066.71,32,43
2026-06-01T09:11:00Z,2066.71,2067.50,2066.28,2066.52,30,38
2026-06-01T09:12:00Z,2066.52,2068.24,2066.42,2068.24,34,47
2026-06-01T09:13:00Z,2068.24,2068.91,2068.09,2068.91,29,41
2026-06-01T09:14:00Z,2068.91,2069.02,2067.58,2067.68,26,45
2026-06-01T09:15:00Z,2067.68,2067.68,2066.96,2067.14,18,38
2026-06-01T09:16:00Z,2067.14,2068.30,2067.14,2067.40,20,37
2026-06-01T09:17:00Z,2067.40,2068.26,2066.79,2066.79,25,45
2026-06-01T09:18:00Z,2066.79,2067.88,2066.27,2067.88,30,34
2026-06-01T09:19:00Z,2067.88,2067.88,2066.65,2066.84,24,40
2026-06-01T09:20:00Z,2066.84,2066.90,2065.38,2065.60,21,47
2026-06-01T09:21:00Z,2065.60,2066.63,2065.60,2066.63,26,38
2026-06-01T09:22:00Z,2066.63,2067.22,2066.18,2067.07,23,41
2026-06-01T09:23:00Z,2067.07,2067.58,2066.27,2066.27,19,48
2026-06-01T09:24:00Z,2066.27,2066.27,2064.69,2064.89,18,48
2026-06-01T09:25:00Z,2064.89,2066.04,2064.89,2065.67,26,33
2026-06-01T09:26:00Z,2065.67,2065.84,2064.66,2064.68,18,36
2026-06-01T09:27:00Z,2064.68,2065.65,2064.26,2065.65,26,33
2026-06-01T09:28:00Z,2065.65,2065.65,2064.05,2064.05,16,37
2026-06-01T09:29:00Z,2064.05,2065.00,2064.05,2064.15,21,41
2026-06-01T09:30:00Z,2064.15,2065.05,2064.12,2064.89,25,30
2026-06-01T09:31:00Z,2064.89,2065.18,2064.08,2064.08,22,36
2026-06-01T09:32:00Z,2064.08,2064.82,2063.66,2064.35,30,43
2026-06-01T09:33:00Z,2064.35,2065.54,2064.35,2065.54,26,44
2026-06-01T09:34:00Z,2065.54,2065.54,2064.45,2065.03,14,35
2026-06-01T09:35:00Z,2065.03,2065.66,2064.71,2064.90,14,48
2026-06-01T09:36:00Z,2064.90,2064.90,2063.22,2063.46,29,37
2026-06-01T09:37:00Z,2063.46,2063.62,2062.22,2062.22,20,36
2026-06-01T09:38:00Z,2062.22,2063.57,2062.22,2062.71,23,44
2026-06-01T09:39:00Z,2062.71,2064.58,2062.71,2064.02,19,34
2026-06-01T09:40:00Z,2064.02,2065.66,2063.79,2064.90,27,47
2026-06-01T09:41:00Z,2064.90,2065.51,2064.84,2065.47,17,44
2026-06-01T09:42:00Z,2065.47,2065.76,2063.74,2063.74,21,33
2026-06-01T09:43:00Z,2063.74,2063.74,2061.75,2062.01,22,46
2026-06-01T09:44:00Z,2062.01,2062.58,2061.61,2061.76,25,40
2026-06-01T09:45:00Z,2061.76,2062.13,2061.00,2062.13,25,45
2026-06-01T09:46:00Z,2062.13,2063.05,2061.88,2063.05,20,34
2026-06-01T09:47:00Z,2063.05,2063.62,2062.63,2062.79,26,46
2026-06-01T09:48:00Z,2062.79,2063.03,2061.71,2061.78,26,37
2026-06-01T09:49:00Z,2061.78,2063.54,2061.78,2063.54,19,31
2026-06-01T09:50:00Z,2063.54,2063.88,2063.24,2063.43,14,43
2026-06-01T09:51:00Z,2063.43,2064.34,2063.43,2063.85,15,37
2026-06-01T09:52:00Z,2063.85,2065.69,2063.75,2065.66,27,38
2026-06-01T09:53:00Z,2065.66,2065.66,2064.31,2064.31,11,42
2026-06-01T09:54:00Z,2064.31,2064.51,2062.42,2062.43,13,47
2026-06-01T09:55:00Z,2062.43,2063.92,2062.36,2063.71,20,39
2026-06-01T09:56:00Z,2063.71,2064.44,2062.52,2062.52,17,35
2026-06-01T09:57:00Z,2062.52,2062.61,2060.94,2060.94,14,41
2026-06-01T09:58:00Z,2060.94,2061.28,2059.78,2060.55,21,37
2026-06-01T09:59:00Z,2060.55,2060.88,2059.11,2059.91,10,41
2026-06-01T10:00:00Z,2059.91,2059.91,2058.06,2058.47,18,42
2026-06-01T10:01:00Z,2058.47,2058.63,2057.28,2058.50,26,33
2026-06-01T10:02:00Z,2058.50,2060.49,2058.50,2060.19,13,40
2026-06-01T10:03:00Z,2060.19,2062.40,2059.92,2062.40,13,35
2026-06-01T10:04:00Z,2062.40,2062.40,2061.29,2061.37,17,35
2026-06-01T10:05:00Z,2061.37,2061.94,2060.72,2060.82,23,35
2026-06-01T10:06:00Z,2060.82,2062.44,2060.82,2062.44,23,34
2026-06-01T10:07:00Z,2062.44,2062.91,2061.85,2062.10,17,45
2026-06-01T10:08:00Z,2062.10,2062.44,2061.88,2062.42,14,37
2026-06-01T10:09:00Z,2062.42,2063.08,2062.24,2062.45,12,47
2026-06-01T10:10:00Z,2062.45,2062.45,2061.21,2061.21,14,39
2026-06-01T10:11:00Z,2061.21,2062.39,2061.09,2061.09,21,32
2026-06-01T10:12:00Z,2061.09,2061.09,2059.23,2059.25,12,30
2026-06-01T10:13:00Z,2059.25,2059.25,2058.26,2058.26,22,43
2026-06-01T10:14:00Z,2058.26,2058.26,2056.06,2056.28,24,46
2026-06-01T10:15:00Z,2056.28,2057.23,2056.16,2056.82,18,39
2026-06-01T10:16:00Z,2056.82,2057.39,2055.83,2055.83,24,42
2026-06-01T10:17:00Z,2055.83,2056.12,2055.14,2055.14,20,35
2026-06-01T10:18:00Z,2055.14,2056.17,2055.14,2055.94,17,43
2026-06-01T10:19:00Z,2055.94,2056.25,2055.54,2056.23,11,47
2026-06-01T10:20:00Z,2056.23,2058.02,2056.23,2057.13,11,48
2026-06-01T10:21:00Z,2057.13,2057.51,2056.73,2056.73,22,40
2026-06-01T10:22:00Z,2056.73,2058.61,2056.73,2058.42,9,41
2026-06-01T10:23:00Z,2058.42,2058.76,2056.71,2056.71,21,42
2026-06-01T10:24:00Z,2056.71,2057.86,2056.38,2056.96,22,31
2026-06-01T10:25:00Z,2056.96,2058.17,2056.95,2057.89,14,32
2026-06-01T10:26:00Z,2057.89,2058.85,2057.89,2058.28,8,45
2026-06-01T10:27:00Z,2058.28,2058.28,2056.78,2056.78,14,42
2026-06-01T10:28:00Z,2056.78,2058.06,2056.78,2057.71,16,35
2026-06-01T10:29:00Z,2057.71,2058.26,2057.69,2058.24,23,45
2026-06-01T10:30:00Z,2058.24,2058.34,2057.74,2057.88,23,36
2026-06-01T10:31:00Z,2057.88,2058.84,2057.84,2058.08,7,40
2026-06-01T10:32:00Z,2058.08,2058.08,2057.09,2057.25,16,43
2026-06-01T10:33:00Z,2057.25,2059.56,2057.25,2059.27,23,39
2026-06-01T10:34:00Z,2059.27,2059.88,2058.46,2059.04,19,41
2026-06-01T10:35:00Z,2059.04,2059.32,2058.60,2059.32,7,30
2026-06-01T10:36:00Z,2059.32,2059.37,2058.36,2058.48,19,48
2026-06-01T10:37:00Z,2058.48,2058.86,2058.23,2058.85,20,47
2026-06-01T10:38:00Z,2058.85,2059.39,2058.63,2059.08,10,30
2026-06-01T10:39:00Z,2059.08,2059.81,2058.83,2059.42,13,44
2026-06-01T10:40:00Z,2059.42,2059.42,2058.25,2058.75,20,46
2026-06-01T10:41:00Z,2058.75,2059.68,2058.72,2059.42,7,44
2026-06-01T10:42:00Z,2059.42,2059.55,2058.21,2058.21,22,43
2026-06-01T10:43:00Z,2058.21,2059.01,2058.06,2058.74,9,35
2026-06-01T10:44:00Z,2058.74,2059.27,2058.31,2058.50,7,32
2026-06-01T10:45:00Z,2058.50,2058.50,2057.01,2057.42,17,43
2026-06-01T10:46:00Z,2057.42,2058.02,2056.19,2058.02,22,40
2026-06-01T10:47:00Z,2058.02,2058.42,2057.60,2057.60,22,34
2026-06-01T10:48:00Z,2057.60,2058.15,2056.97,2058.03,10,37
2026-06-01T10:49:00Z,2058.03,2058.64,2057.60,2057.60,18,39
2026-06-01T10:50:00Z,2057.60,2059.29,2057.60,2059.22,6,37
2026-06-01T10:51:00Z,2059.22,2059.86,2059.10,2059.10,11,36
2026-06-01T10:52:00Z,2059.10,2060.09,2058.52,2059.09,13,46
2026-06-01T10:53:00Z,2059.09,2059.46,2058.68,2059.09,15,33
2026-06-01T10:54:00Z,2059.09,2060.20,2059.09,2059.57,19,42
2026-06-01T10:55:00Z,2059.57,2059.77,2059.06,2059.52,12,38
2026-06-01T10:56:00Z,2059.52,2059.74,2058.73,2058.94,15,46
2026-06-01T10:57:00Z,2058.94,2059.30,2058.50,2059.03,9,40
2026-06-01T10:58:00Z,2059.03,2059.63,2058.47,2058.48,13,30
2026-06-01T10:59:00Z,2058.48,2058.48,2057.21,2057.29,9,47
2026-06-01T11:00:00Z,2057.29,2057.74,2056.67,2057.25,13,37
2026-06-01T11:01:00Z,2057.25,2057.87,2056.49,2057.68,17,32
2026-06-01T11:02:00Z,2057.68,2058.52,2056.25,2056.25,9,39
2026-06-01T11:03:00Z,2056.25,2056.39,2055.11,2055.40,10,45
2026-06-01T11:04:00Z,2055.40,2055.79,2054.85,2055.28,20,42
2026-06-01T11:05:00Z,2055.28,2055.62,2054.93,2054.93,11,48
2026-06-01T11:06:00Z,2054.93,2055.81,2054.93,2055.14,6,37
2026-06-01T11:07:00Z,2055.14,2055.62,2054.54,2055.62,19,42
2026-06-01T11:08:00Z,2055.62,2055.71,2053.46,2053.89,12,37
2026-06-01T11:09:00Z,2053.89,2054.03,2053.25,2053.85,15,44
2026-06-01T11:10:00Z,2053.85,2054.75,2053.73,2054.71,10,33
2026-06-01T11:11:00Z,2054.71,2054.71,2053.67,2054.21,17,48
2026-06-01T11:12:00Z,2054.21,2055.00,2053.99,2054.25,10,33
2026-06-01T11:13:00Z,2054.25,2055.37,2053.04,2053.04,6,33
2026-06-01T11:14:00Z,2053.04,2054.79,2052.71,2054.79,11,47
2026-06-01T11:15:00Z,2054.79,2055.49,2054.32,2054.32,18,31
2026-06-01T11:16:00Z,2054.32,2054.64,2053.93,2054.51,6,37
2026-06-01T11:17:00Z,2054.51,2055.42,2054.22,2054.44,20,40
2026-06-01T11:18:00Z,2054.44,2056.92,2053.84,2056.92,13,37
2026-06-01T11:19:00Z,2056.92,2057.00,2053.65,2053.65,18,40
2026-06-01T11:20:00Z,2053.65,2055.53,2053.65,2055.09,6,30
2026-06-01T11:21:00Z,2055.09,2055.09,2053.60,2053.60,12,32
2026-06-01T11:22:00Z,2053.60,2054.93,2053.60,2053.95,14,46
2026-06-01T11:23:00Z,2053.95,2054.43,2053.69,2053.79,20,45
2026-06-01T11:24:00Z,2053.79,2053.79,2052.19,2053.09,13,40
2026-06-01T11:25:00Z,2053.09,2055.44,2053.09,2055.37,12,37
2026-06-01T11:26:00Z,2055.37,2055.45,2053.88,2054.79,7,43
2026-06-01T11:27:00Z,2054.79,2055.30,2053.83,2054.26,15,43
2026-06-01T11:28:00Z,2054.26,2056.20,2054.12,2056.03,23,36
2026-06-01T11:29:00Z,2056.03,2056.03,2055.20,2055.20,8,38
2026-06-01T11:30:00Z,2055.20,2055.64,2053.26,2053.46,19,34
2026-06-01T11:31:00Z,2053.46,2055.20,2053.43,2054.79,13,31
2026-06-01T11:32:00Z,2054.79,2055.41,2054.30,2054.40,8,44
2026-06-01T11:33:00Z,2054.40,2054.94,2053.65,2053.86,9,35
2026-06-01T11:34:00Z,2053.86,2053.86,2051.71,2052.21,20,34
2026-06-01T11:35:00Z,2052.21,2052.57,2052.10,2052.31,21,46
2026-06-01T11:36:00Z,2052.31,2053.92,2052.31,2053.14,18,48
2026-06-01T11:37:00Z,2053.14,2055.46,2053.14,2055.34,10,35
2026-06-01T11:38:00Z,2055.34,2056.30,2054.77,2055.33,22,45
2026-06-01T11:39:00Z,2055.33,2055.93,2054.98,2054.98,17,35
2026-06-01T11:40:00Z,2054.98,2057.61,2054.98,2057.61,11,47
2026-06-01T11:41:00Z,2057.61,2058.07,2056.98,2056.98,14,45
2026-06-01T11:42:00Z,2056.98,2057.84,2056.15,2056.15,11,46
2026-06-01T11:43:00Z,2056.15,2057.41,2056.15,2056.35,14,38
2026-06-01T11:44:00Z,2056.35,2056.35,2055.39,2055.39,16,46
2026-06-01T11:45:00Z,2055.39,2055.82,2053.90,2053.90,24,30
2026-06-01T11:46:00Z,2053.90,2054.33,2053.20,2053.20,13,39
2026-06-01T11:47:00Z,2053.20,2053.21,2052.42,2053.08,24,40
2026-06-01T11:48:00Z,2053.08,2053.95,2052.71,2053.95,18,36
2026-06-01T11:49:00Z,2053.95,2054.25,2053.28,2053.34,11,47
2026-06-01T11:50:00Z,2053.34,2055.28,2052.78,2055.28,23,36
2026-06-01T11:51:00Z,2055.28,2055.87,2055.00,2055.49,25,40
2026-06-01T11:52:00Z,2055.49,2055.78,2054.46,2054.66,18,44
2026-06-01T11:53:00Z,2054.66,2055.14,2053.85,2055.12,21,31
2026-06-01T11:54:00Z,2055.12,2055.99,2054.34,2055.99,22,48
2026-06-01T11:55:00Z,2055.99,2058.22,2055.99,2057.93,11,47
2026-06-01T11:56:00Z,2057.93,2059.01,2057.93,2058.60,21,45
2026-06-01T11:57:00Z,2058.60,2059.60,2058.60,2059.01,16,41
2026-06-01T11:58:00Z,2059.01,2060.73,2059.01,2060.23,21,34
2026-06-01T11:59:00Z,2060.23,2061.20,2059.71,2059.92,15,45
2026-06-01T12:00:00Z,2059.92,2059.92,2057.66,2057.66,11,45
2026-06-01T12:01:00Z,2057.66,2057.66,2056.84,2056.84,23,38
2026-06-01T12:02:00Z,2056.84,2056.87,2055.87,2056.87,12,48
2026-06-01T12:03:00Z,2056.87,2056.87,2054.97,2055.32,11,47
2026-06-01T12:04:00Z,2055.32,2055.32,2053.67,2054.22,10,34
2026-06-01T12:05:00Z,2054.22,2054.44,2052.66,2052.66,18,40
2026-06-01T12:06:00Z,2052.66,2054.05,2052.66,2054.00,23,45
2026-06-01T12:07:00Z,2054.00,2054.07,2052.83,2053.36,13,36
2026-06-01T12:08:00Z,2053.36,2054.12,2052.03,2053.33,17,34
2026-06-01T12:09:00Z,2053.33,2053.33,2052.24,2052.42,11,37
2026-06-01T12:10:00Z,2052.42,2053.52,2052.32,2052.80,24,47
2026-06-01T12:11:00Z,2052.80,2053.05,2052.10,2052.35,12,45
2026-06-01T12:12:00Z,2052.35,2053.33,2052.24,2053.02,20,41
2026-06-01T12:13:00Z,2053.02,2053.02,2052.07,2052.12,20,43
2026-06-01T12:14:00Z,2052.12,2052.89,2051.99,2052.78,24,32
2026-06-01T12:15:00Z,2052.78,2053.05,2051.92,2052.00,21,32
2026-06-01T12:16:00Z,2052.00,2052.35,2051.07,2051.07,22,42
2026-06-01T12:17:00Z,2051.07,2053.39,2051.07,2053.28,23,43
2026-06-01T12:18:00Z,2053.28,2054.38,2052.61,2054.35,25,42
2026-06-01T12:19:00Z,2054.35,2055.37,2053.62,2055.34,16,33
2026-06-01T12:20:00Z,2055.34,2055.48,2055.03,2055.28,27,47
2026-06-01T12:21:00Z,2055.28,2057.00,2055.20,2056.75,24,30
2026-06-01T12:22:00Z,2056.75,2056.75,2055.70,2056.18,28,48
2026-06-01T12:23:00Z,2056.18,2056.18,2054.68,2054.83,28,45
2026-06-01T12:24:00Z,2054.83,2055.67,2053.95,2055.67,29,32
2026-06-01T12:25:00Z,2055.67,2055.94,2055.12,2055.94,28,35
2026-06-01T12:26:00Z,2055.94,2056.25,2054.91,2055.79,26,42
2026-06-01T12:27:00Z,2055.79,2057.51,2055.79,2057.51,14,48
2026-06-01T12:28:00Z,2057.51,2057.51,2055.57,2057.15,15,44
2026-06-01T12:29:00Z,2057.15,2057.33,2056.36,2056.77,16,44
2026-06-01T12:30:00Z,2056.77,2056.98,2056.24,2056.62,23,48
2026-06-01T12:31:00Z,2056.62,2056.95,2056.06,2056.64,26,36
2026-06-01T12:32:00Z,2056.64,2057.78,2056.05,2056.96,29,48
2026-06-01T12:33:00Z,2056.96,2057.47,2056.64,2057.47,21,33
2026-06-01T12:34:00Z,2057.47,2057.47,2055.82,2055.82,29,46
2026-06-01T12:35:00Z,2055.82,2058.21,2055.82,2057.76,20,43
2026-06-01T12:36:00Z,2057.76,2059.75,2057.76,2059.30,32,39
2026-06-01T12:37:00Z,2059.30,2060.96,2059.23,2060.96,17,36
2026-06-01T12:38:00Z,2060.96,2062.43,2060.72,2061.78,20,41
2026-06-01T12:39:00Z,2061.78,2063.80,2061.78,2063.80,19,35
2026-06-01T12:40:00Z,2063.80,2063.80,2062.32,2062.38,31,40
2026-06-01T12:41:00Z,2062.38,2062.38,2060.55,2060.55,28,45
2026-06-01T12:42:00Z,2060.55,2060.97,2059.93,2060.30,23,43
2026-06-01T12:43:00Z,2060.30,2061.16,2059.69,2060.96,25,37
2026-06-01T12:44:00Z,2060.96,2060.99,2060.20,2060.20,30,35
2026-06-01T12:45:00Z,2060.20,2061.73,2060.20,2061.16,30,40
2026-06-01T12:46:00Z,2061.16,2061.16,2059.85,2060.28,30,45
2026-06-01T12:47:00Z,2060.28,2061.56,2060.28,2061.24,31,48
2026-06-01T12:48:00Z,2061.24,2061.41,2060.50,2061.23,20,43
2026-06-01T12:49:00Z,2061.23,2061.59,2060.69,2061.33,33,40
2026-06-01T12:50:00Z,2061.33,2061.34,2060.45,2060.55,21,31
2026-06-01T12:51:00Z,2060.55,2061.58,2060.47,2060.47,23,43
2026-06-01T12:52:00Z,2060.47,2060.90,2060.25,2060.31,21,41
2026-06-01T12:53:00Z,2060.31,2061.65,2060.31,2061.41,24,44
2026-06-01T12:54:00Z,2061.41,2061.84,2061.23,2061.69,28,36
2026-06-01T12:55:00Z,2061.69,2062.20,2059.91,2059.91,36,48
2026-06-01T12:56:00Z,2059.91,2059.91,2058.57,2059.16,28,46
2026-06-01T12:57:00Z,2059.16,2059.16,2058.19,2058.66,36,43
2026-06-01T12:58:00Z,2058.66,2058.66,2056.12,2056.29,28,38
2026-06-01T12:59:00Z,2056.29,2056.42,2055.33,2056.42,36,34
2026-06-01T13:00:00Z,2056.42,2057.72,2056.42,2056.61,29,42
2026-06-01T13:01:00Z,2056.61,2057.10,2055.33,2055.33,36,38
2026-06-01T13:02:00Z,2055.33,2055.36,2054.39,2054.77,31,46
2026-06-01T13:03:00Z,2054.77,2054.89,2053.65,2053.74,34,45
2026-06-01T13:04:00Z,2053.74,2054.10,2052.68,2052.68,29,34
2026-06-01T13:05:00Z,2052.68,2053.41,2052.22,2052.54,27,44
2026-06-01T13:06:00Z,2052.54,2052.93,2051.65,2051.65,36,32
2026-06-01T13:07:00Z,2051.65,2051.98,2050.99,2051.79,26,46
2026-06-01T13:08:00Z,2051.79,2052.09,2051.23,2051.36,30,31
2026-06-01T13:09:00Z,2051.36,2051.60,2051.03,2051.60,26,36
2026-06-01T13:10:00Z,2051.60,2052.81,2051.43,2052.22,29,38
2026-06-01T13:11:00Z,2052.22,2053.92,2052.22,2053.62,36,38
2026-06-01T13:12:00Z,2053.62,2053.95,2053.17,2053.95,25,45
2026-06-01T13:13:00Z,2053.95,2054.12,2051.97,2052.29,33,46
2026-06-01T13:14:00Z,2052.29,2052.63,2051.38,2051.81,37,39
2026-06-01T13:15:00Z,2051.81,2052.58,2051.21,2052.58,40,33
2026-06-01T13:16:00Z,2052.58,2054.06,2052.58,2053.93,33,39
2026-06-01T13:17:00Z,2053.93,2053.93,2052.92,2052.92,37,46
2026-06-01T13:18:00Z,2052.92,2053.01,2051.82,2051.82,32,44
2026-06-01T13:19:00Z,2051.82,2052.56,2051.53,2052.26,42,43
2026-06-01T13:20:00Z,2052.26,2052.26,2050.99,2051.52,41,44
2026-06-01T13:21:00Z,2051.52,2052.31,2051.42,2051.85,32,34
2026-06-01T13:22:00Z,2051.85,2051.92,2050.91,2051.38,33,42
2026-06-01T13:23:00Z,2051.38,2051.95,2051.02,2051.47,40,30
2026-06-01T13:24:00Z,2051.47,2052.26,2051.33,2051.51,37,40
2026-06-01T13:25:00Z,2051.51,2051.51,2050.79,2050.79,43,48
2026-06-01T13:26:00Z,2050.79,2052.50,2050.79,2051.25,46,39
2026-06-01T13:27:00Z,2051.25,2053.26,2051.01,2053.26,46,31
2026-06-01T13:28:00Z,2053.26,2054.50,2053.26,2053.95,42,48
2026-06-01T13:29:00Z,2053.95,2054.95,2053.95,2054.95,42,34
2026-06-01T13:30:00Z,2054.95,2056.47,2054.95,2055.44,39,40
2026-06-01T13:31:00Z,2055.44,2056.00,2054.54,2054.72,41,40
2026-06-01T13:32:00Z,2054.72,2055.46,2054.55,2054.94,43,33
2026-06-01T13:33:00Z,2054.94,2055.65,2054.61,2055.08,48,40
2026-06-01T13:34:00Z,2055.08,2056.46,2054.65,2054.65,38,37
2026-06-01T13:35:00Z,2054.65,2055.90,2054.08,2054.64,44,45
2026-06-01T13:36:00Z,2054.64,2054.64,2052.74,2053.31,44,46
2026-06-01T13:37:00Z,2053.31,2054.15,2053.14,2053.79,49,35
2026-06-01T13:38:00Z,2053.79,2055.53,2053.79,2055.01,36,39
2026-06-01T13:39:00Z,2055.01,2055.38,2054.82,2055.37,45,38
2026-06-01T13:40:00Z,2055.37,2055.68,2053.99,2053.99,47,33
2026-06-01T13:41:00Z,2053.99,2054.41,2052.98,2052.98,39,34
2026-06-01T13:42:00Z,2052.98,2053.21,2052.31,2052.94,45,45
2026-06-01T13:43:00Z,2052.94,2053.08,2052.54,2052.66,50,40
2026-06-01T13:44:00Z,2052.66,2052.66,2050.84,2051.53,52,48
2026-06-01T13:45:00Z,2051.53,2052.39,2051.53,2051.98,39,46
2026-06-01T13:46:00Z,2051.98,2053.50,2051.49,2053.36,39,39
2026-06-01T13:47:00Z,2053.36,2053.61,2052.58,2052.79,49,37
2026-06-01T13:48:00Z,2052.79,2054.45,2052.75,2053.16,46,33
2026-06-01T13:49:00Z,2053.16,2054.72,2053.16,2054.31,53,41
2026-06-01T13:50:00Z,2054.31,2055.38,2054.31,2055.19,43,38
2026-06-01T13:51:00Z,2055.19,2055.48,2054.44,2054.95,39,36
2026-06-01T13:52:00Z,2054.95,2055.10,2054.19,2054.59,47,33
2026-06-01T13:53:00Z,2054.59,2055.50,2054.50,2054.50,43,30
2026-06-01T13:54:00Z,2054.50,2054.51,2053.59,2053.80,49,39
2026-06-01T13:55:00Z,2053.80,2054.72,2053.73,2054.12,56,45
2026-06-01T13:56:00Z,2054.12,2054.27,2052.96,2053.84,49,47
2026-06-01T13:57:00Z,2053.84,2054.56,2053.84,2053.87,57,45
2026-06-01T13:58:00Z,2053.87,2055.35,2053.46,2055.35,44,34
2026-06-01T13:59:00Z,2055.35,2055.45,2054.82,2055.45,53,31
2026-06-02T08:00:00Z,2058.88,2058.88,2056.96,2057.43,54,141
2026-06-02T08:01:00Z,2057.43,2057.43,2055.33,2055.33,51,103
2026-06-02T08:02:00Z,2055.33,2055.42,2054.46,2055.27,46,120
2026-06-02T08:03:00Z,2055.27,2056.52,2055.06,2056.52,55,103
2026-06-02T08:04:00Z,2056.52,2057.37,2056.08,2056.08,41,106
2026-06-02T08:05:00Z,2056.08,2056.59,2055.91,2055.91,52,81
2026-06-02T08:06:00Z,2055.91,2056.62,2055.80,2056.06,56,105
2026-06-02T08:07:00Z,2056.06,2056.29,2055.38,2055.51,51,85
2026-06-02T08:08:00Z,2055.51,2055.59,2054.82,2055.26,51,94
2026-06-02T08:09:00Z,2055.26,2055.26,2054.35,2055.24,51,96
2026-06-02T08:10:00Z,2055.24,2055.74,2055.02,2055.02,47,68
2026-06-02T08:11:00Z,2055.02,2055.41,2054.17,2054.34,38,70
2026-06-02T08:12:00Z,2054.34,2054.68,2053.09,2053.18,53,74
2026-06-02T08:13:00Z,2053.18,2053.47,2052.71,2052.71,43,52
2026-06-02T08:14:00Z,2052.71,2052.93,2052.15,2052.93,45,71
2026-06-02T08:15:00Z,2052.93,2053.17,2051.09,2051.49,51,65
2026-06-02T08:16:00Z,2051.49,2051.89,2051.01,2051.53,43,58
2026-06-02T08:17:00Z,2051.53,2051.53,2050.65,2051.00,40,46
2026-06-02T08:18:00Z,2051.00,2051.85,2050.22,2050.69,48,64
2026-06-02T08:19:00Z,2050.69,2052.66,2050.31,2052.61,49,51
2026-06-02T08:20:00Z,2052.61,2054.45,2052.45,2054.19,38,50
2026-06-02T08:21:00Z,2054.19,2054.41,2053.70,2053.70,41,51
2026-06-02T08:22:00Z,2053.70,2054.01,2053.15,2053.39,42,43
2026-06-02T08:23:00Z,2053.39,2053.39,2052.09,2052.28,49,60
2026-06-02T08:24:00Z,2052.28,2053.28,2052.19,2053.28,42,48
2026-06-02T08:25:00Z,2053.28,2054.91,2053.28,2054.43,35,47
2026-06-02T08:26:00Z,2054.43,2054.98,2054.34,2054.34,37,49
2026-06-02T08:27:00Z,2054.34,2054.52,2051.62,2052.40,43,57
2026-06-02T08:28:00Z,2052.40,2053.21,2051.23,2052.75,33,36
2026-06-02T08:29:00Z,2052.75,2052.75,2050.72,2050.72,44,49
2026-06-02T08:30:00Z,2050.72,2050.83,2050.06,2050.51,47,39
2026-06-02T08:31:00Z,2050.51,2051.24,2050.50,2050.75,37,56
2026-06-02T08:32:00Z,2050.75,2051.95,2050.61,2051.95,43,43
2026-06-02T08:33:00Z,2051.95,2053.80,2051.95,2051.97,32,39
2026-06-02T08:34:00Z,2051.97,2052.59,2051.60,2051.60,33,53
2026-06-02T08:35:00Z,2051.60,2051.77,2050.85,2051.72,39,51
2026-06-02T08:36:00Z,2051.72,2053.27,2051.72,2053.27,44,52
2026-06-02T08:37:00Z,2053.27,2053.58,2051.90,2051.91,44,51
2026-06-02T08:38:00Z,2051.91,2052.33,2051.14,2051.44,31,34
2026-06-02T08:39:00Z,2051.44,2052.24,2051.13,2052.07,35,47
2026-06-02T08:40:00Z,2052.07,2053.33,2052.04,2052.55,31,42
2026-06-02T08:41:00Z,2052.55,2052.65,2051.89,2051.89,33,45
2026-06-02T08:42:00Z,2051.89,2051.89,2049.76,2050.74,31,39
2026-06-02T08:43:00Z,2050.74,2052.60,2050.74,2052.60,42,34
2026-06-02T08:44:00Z,2052.60,2052.60,2050.71,2050.71,41,41
2026-06-02T08:45:00Z,2050.71,2051.47,2050.38,2051.47,35,36
2026-06-02T08:46:00Z,2051.47,2051.47,2049.61,2050.52,31,37
2026-06-02T08:47:00Z,2050.52,2050.97,2050.39,2050.74,28,40
2026-06-02T08:48:00Z,2050.74,2050.79,2049.52,2049.52,29,48
2026-06-02T08:49:00Z,2049.52,2049.92,2048.69,2048.69,26,39
2026-06-02T08:50:00Z,2048.69,2049.05,2048.01,2048.58,30,42
2026-06-02T08:51:00Z,2048.58,2049.16,2048.44,2048.44,33,42
2026-06-02T08:52:00Z,2048.44,2048.44,2047.52,2047.66,38,39
2026-06-02T08:53:00Z,2047.66,2048.18,2047.09,2047.74,26,39
2026-06-02T08:54:00Z,2047.74,2048.99,2047.74,2048.15,29,40
2026-06-02T08:55:00Z,2048.15,2048.55,2047.19,2047.19,31,43
2026-06-02T08:56:00Z,2047.19,2048.20,2046.98,2047.72,24,33
2026-06-02T08:57:00Z,2047.72,2047.72,2045.69,2045.74,37,34
2026-06-02T08:58:00Z,2045.74,2046.64,2045.48,2046.62,23,32
2026-06-02T08:59:00Z,2046.62,2046.64,2045.88,2045.88,28,39
2026-06-02T09:00:00Z,2045.88,2045.96,2044.95,2044.95,26,32
2026-06-02T09:01:00Z,2044.95,2045.09,2044.15,2045.09,28,45
2026-06-02T09:02:00Z,2045.09,2045.34,2044.67,2044.78,22,35
2026-06-02T09:03:00Z,2044.78,2045.28,2044.54,2044.62,30,30
2026-06-02T09:04:00Z,2044.62,2044.62,2043.27,2044.04,27,31
2026-06-02T09:05:00Z,2044.04,2044.65,2043.88,2044.08,27,42
2026-06-02T09:06:00Z,2044.08,2044.31,2043.53,2043.95,23,33
2026-06-02T09:07:00Z,2043.95,2043.95,2042.72,2043.03,21,32
2026-06-02T09:08:00Z,2043.03,2043.03,2041.44,2041.44,21,46
2026-06-02T09:09:00Z,2041.44,2042.73,2041.39,2042.73,22,42
2026-06-02T09:10:00Z,2042.73,2044.37,2042.50,2044.37,30,33
2026-06-02T09:11:00Z,2044.37,2046.07,2044.37,2046.07,28,47
2026-06-02T09:12:00Z,2046.07,2047.59,2046.07,2046.54,30,37
2026-06-02T09:13:00Z,2046.54,2046.54,2044.66,2044.92,32,45
2026-06-02T09:14:00Z,2044.92,2046.33,2044.78,2046.33,29,33
2026-06-02T09:15:00Z,2046.33,2048.36,2046.33,2048.36,19,47
2026-06-02T09:16:00Z,2048.36,2048.78,2047.72,2047.72,24,37
2026-06-02T09:17:00Z,2047.72,2047.84,2047.05,2047.05,26,43
2026-06-02T09:18:00Z,2047.05,2047.75,2046.02,2046.60,28,46
2026-06-02T09:19:00Z,2046.60,2047.49,2046.54,2046.71,22,30
2026-06-02T09:20:00Z,2046.71,2047.35,2045.69,2046.96,23,47
2026-06-02T09:21:00Z,2046.96,2048.32,2046.96,2047.89,23,47
2026-06-02T09:22:00Z,2047.89,2048.24,2046.60,2048.13,19,36
2026-06-02T09:23:00Z,2048.13,2048.13,2047.16,2047.44,32,48
2026-06-02T09:24:00Z,2047.44,2048.58,2047.22,2048.58,17,48
2026-06-02T09:25:00Z,2048.58,2048.76,2047.69,2047.69,29,32
2026-06-02T09:26:00Z,2047.69,2048.44,2047.39,2047.52,30,34
2026-06-02T09:27:00Z,2047.52,2048.45,2046.73,2046.86,22,45
2026-06-02T09:28:00Z,2046.86,2047.32,2046.58,2046.82,15,45
2026-06-02T09:29:00Z,2046.82,2046.94,2045.56,2045.77,21,41
2026-06-02T09:30:00Z,2045.77,2048.35,2045.77,2047.77,27,37
2026-06-02T09:31:00Z,2047.77,2048.97,2047.74,2048.97,30,48
2026-06-02T09:32:00Z,2048.97,2049.34,2048.66,2048.66,16,45
2026-06-02T09:33:00Z,2048.66,2050.01,2048.66,2049.36,24,43
2026-06-02T09:34:00Z,2049.36,2051.24,2049.36,2051.24,24,44
2026-06-02T09:35:00Z,2051.24,2051.57,2050.94,2051.46,17,38
2026-06-02T09:36:00Z,2051.46,2051.46,2050.05,2050.25,17,35
2026-06-02T09:37:00Z,2050.25,2050.76,2049.97,2050.27,18,41
2026-06-02T09:38:00Z,2050.27,2050.45,2049.05,2049.41,22,30
2026-06-02T09:39:00Z,2049.41,2051.64,2049.41,2051.64,28,42
2026-06-02T09:40:00Z,2051.64,2052.29,2051.49,2051.70,16,39
2026-06-02T09:41:00Z,2051.70,2052.00,2051.50,2051.50,27,48
2026-06-02T09:42:00Z,2051.50,2051.60,2050.47,2051.39,29,34
2026-06-02T09:43:00Z,2051.39,2051.39,2050.16,2050.26,24,36
2026-06-02T09:44:00Z,2050.26,2050.59,2049.71,2050.02,27,41
2026-06-02T09:45:00Z,2050.02,2053.15,2049.92,2053.15,25,38
2026-06-02T09:46:00Z,2053.15,2053.15,2051.49,2051.49,14,30
2026-06-02T09:47:00Z,2051.49,2051.94,2050.73,2050.94,21,32
2026-06-02T09:48:00Z,2050.94,2052.08,2050.89,2052.08,22,32
2026-06-02T09:49:00Z,2052.08,2052.33,2051.76,2051.76,21,34
2026-06-02T09:50:00Z,2051.76,2052.28,2050.40,2050.40,21,35
2026-06-02T09:51:00Z,2050.40,2052.58,2050.40,2051.93,27,37
2026-06-02T09:52:00Z,2051.93,2052.72,2051.91,2052.03,14,33
2026-06-02T09:53:00Z,2052.03,2052.31,2049.88,2050.55,25,36
2026-06-02T09:54:00Z,2050.55,2051.77,2050.31,2051.52,23,43
2026-06-02T09:55:00Z,2051.52,2051.89,2049.89,2049.89,20,40
2026-06-02T09:56:00Z,2049.89,2050.54,2049.19,2050.04,23,43
2026-06-02T09:57:00Z,2050.04,2051.65,2049.60,2051.65,16,32
2026-06-02T09:58:00Z,2051.65,2052.87,2051.12,2052.87,18,36
2026-06-02T09:59:00Z,2052.87,2052.87,2052.05,2052.05,18,36
2026-06-02T10:00:00Z,2052.05,2053.12,2052.05,2052.69,10,40
2026-06-02T10:01:00Z,2052.69,2053.90,2052.68,2053.49,15,39
2026-06-02T10:02:00Z,2053.49,2054.49,2053.49,2054.49,22,34
2026-06-02T10:03:00Z,2054.49,2054.95,2053.46,2053.46,25,39
2026-06-02T10:04:00Z,2053.46,2053.46,2052.11,2052.11,21,35
2026-06-02T10:05:00Z,2052.11,2052.78,2051.50,2052.78,10,47
2026-06-02T10:06:00Z,2052.78,2053.69,2052.41,2053.29,19,41
2026-06-02T10:07:00Z,2053.29,2053.34,2051.94,2052.01,23,45
2026-06-02T10:08:00Z,2052.01,2053.40,2051.75,2053.22,21,30
2026-06-02T10:09:00Z,2053.22,2053.87,2053.12,2053.18,22,32
2026-06-02T10:10:00Z,2053.18,2053.71,2052.18,2053.34,12,43
2026-06-02T10:11:00Z,2053.34,2054.54,2053.22,2053.70,19,41
2026-06-02T10:12:00Z,2053.70,2054.02,2053.38,2053.76,14,35
2026-06-02T10:13:00Z,2053.76,2054.56,2053.68,2054.28,15,44
2026-06-02T10:14:00Z,2054.28,2054.73,2054.06,2054.39,14,33
2026-06-02T10:15:00Z,2054.39,2054.39,2052.49,2052.58,16,30
2026-06-02T10:16:00Z,2052.58,2053.41,2052.43,2053.41,23,38
2026-06-02T10:17:00Z,2053.41,2055.79,2053.28,2055.63,18,39
2026-06-02T10:18:00Z,2055.63,2057.99,2055.63,2057.40,19,39
2026-06-02T10:19:00Z,2057.40,2058.05,2056.67,2058.05,9,45
2026-06-02T10:20:00Z,2058.05,2058.56,2057.73,2058.56,16,30
2026-06-02T10:21:00Z,2058.56,2059.63,2058.56,2058.85,22,45
2026-06-02T10:22:00Z,2058.85,2060.04,2058.71,2059.05,23,47
2026-06-02T10:23:00Z,2059.05,2059.63,2058.43,2058.56,16,36
2026-06-02T10:24:00Z,2058.56,2060.12,2058.56,2059.60,13,46
2026-06-02T10:25:00Z,2059.60,2060.46,2059.41,2059.64,14,36
2026-06-02T10:26:00Z,2059.64,2060.60,2059.09,2060.60,23,38
2026-06-02T10:27:00Z,2060.60,2060.74,2059.71,2059.94,17,44
2026-06-02T10:28:00Z,2059.94,2061.00,2059.94,2060.56,22,47
2026-06-02T10:29:00Z,2060.56,2061.49,2060.33,2061.45,19,31
2026-06-02T10:30:00Z,2061.45,2062.50,2060.98,2062.50,12,35
2026-06-02T10:31:00Z,2062.50,2062.62,2061.91,2062.47,13,48
2026-06-02T10:32:00Z,2062.47,2063.08,2061.69,2061.94,18,37
2026-06-02T10:33:00Z,2061.94,2063.51,2061.40,2063.51,7,35
2026-06-02T10:34:00Z,2063.51,2063.85,2062.57,2063.13,10,44
2026-06-02T10:35:00Z,2063.13,2063.13,2061.14,2061.14,17,31
2026-06-02T10:36:00Z,2061.14,2061.96,2061.14,2061.48,21,30
2026-06-02T10:37:00Z,2061.48,2061.56,2060.60,2060.60,16,45
2026-06-02T10:38:00Z,2060.60,2062.08,2060.60,2062.08,8,38
2026-06-02T10:39:00Z,2062.08,2062.96,2062.01,2062.29,18,39
2026-06-02T10:40:00Z,2062.29,2063.03,2062.06,2062.33,22,38
2026-06-02T10:41:00Z,2062.33,2063.52,2061.94,2063.35,21,43
2026-06-02T10:42:00Z,2063.35,2063.63,2061.77,2061.77,17,41
2026-06-02T10:43:00Z,2061.77,2062.20,2060.58,2060.63,14,34
2026-06-02T10:44:00Z,2060.63,2062.83,2060.63,2062.13,20,38
2026-06-02T10:45:00Z,2062.13,2062.68,2061.55,2061.81,10,33
2026-06-02T10:46:00Z,2061.81,2062.54,2061.48,2061.48,11,41
2026-06-02T10:47:00Z,2061.48,2062.75,2061.48,2062.35,11,38
2026-06-02T10:48:00Z,2062.35,2063.25,2062.27,2062.66,17,39
2026-06-02T10:49:00Z,2062.66,2062.66,2060.99,2060.99,22,40
2026-06-02T10:50:00Z,2060.99,2062.67,2060.99,2062.59,13,37
2026-06-02T10:51:00Z,2062.59,2062.59,2061.14,2061.34,15,39
2026-06-02T10:52:00Z,2061.34,2062.19,2060.94,2062.19,14,48
2026-06-02T10:53:00Z,2062.19,2062.86,2062.11,2062.60,18,42
2026-06-02T10:54:00Z,2062.60,2062.99,2060.71,2061.35,15,33
2026-06-02T10:55:00Z,2061.35,2062.12,2060.88,2060.88,12,37
2026-06-02T10:56:00Z,2060.88,2060.94,2058.04,2058.04,8,31
2026-06-02T10:57:00Z,2058.04,2058.04,2056.68,2056.99,7,39
2026-06-02T10:58:00Z,2056.99,2057.09,2055.79,2056.69,15,34
2026-06-02T10:59:00Z,2056.69,2056.78,2055.91,2056.16,22,31
2026-06-02T11:00:00Z,2056.16,2058.17,2056.04,2058.17,21,31
2026-06-02T11:01:00Z,2058.17,2058.17,2056.79,2058.03,12,32
2026-06-02T11:02:00Z,2058.03,2059.07,2058.03,2058.33,16,45
2026-06-02T11:03:00Z,2058.33,2059.79,2058.32,2058.64,9,42
2026-06-02T11:04:00Z,2058.64,2059.46,2058.42,2058.42,21,31
2026-06-02T11:05:00Z,2058.42,2059.10,2058.04,2058.49,17,48
2026-06-02T11:06:00Z,2058.49,2059.60,2058.02,2059.43,6,35
2026-06-02T11:07:00Z,2059.43,2060.00,2059.28,2059.41,13,40
2026-06-02T11:08:00Z,2059.41,2059.41,2058.06,2058.06,18,33
2026-06-02T11:09:00Z,2058.06,2058.06,2055.55,2055.55,13,44
2026-06-02T11:10:00Z,2055.55,2056.65,2055.55,2056.65,20,37
2026-06-02T11:11:00Z,2056.65,2057.64,2055.99,2055.99,16,30
2026-06-02T11:12:00Z,2055.99,2059.32,2055.99,2059.32,15,33
2026-06-02T11:13:00Z,2059.32,2060.99,2058.80,2060.99,19,33
2026-06-02T11:14:00Z,2060.99,2061.31,2060.43,2061.31,18,39
2026-06-02T11:15:00Z,2061.31,2061.88,2060.96,2061.77,13,34
2026-06-02T11:16:00Z,2061.77,2062.53,2061.77,2062.41,20,36
2026-06-02T11:17:00Z,2062.41,2062.76,2061.85,2062.31,15,33
2026-06-02T11:18:00Z,2062.31,2062.31,2061.01,2061.33,13,34
2026-06-02T11:19:00Z,2061.33,2061.83,2060.92,2060.99,18,41
2026-06-02T11:20:00Z,2060.99,2061.74,2060.98,2061.07,20,30
2026-06-02T11:21:00Z,2061.07,2063.07,2061.07,2062.06,20,38
2026-06-02T11:22:00Z,2062.06,2062.30,2061.24,2061.80,13,45
2026-06-02T11:23:00Z,2061.80,2061.98,2061.19,2061.98,22,33
2026-06-02T11:24:00Z,2061.98,2063.01,2061.70,2062.19,14,31
2026-06-02T11:25:00Z,2062.19,2062.93,2061.84,2061.84,14,30
2026-06-02T11:26:00Z,2061.84,2062.46,2061.33,2061.33,9,30
2026-06-02T11:27:00Z,2061.33,2062.33,2061.33,2061.92,21,35
2026-06-02T11:28:00Z,2061.92,2061.94,2061.57,2061.59,19,42
2026-06-02T11:29:00Z,2061.59,2062.19,2060.91,2061.03,19,45
2026-06-02T11:30:00Z,2061.03,2061.53,2060.30,2060.30,9,33
2026-06-02T11:31:00Z,2060.30,2060.30,2057.97,2057.97,23,47
2026-06-02T11:32:00Z,2057.97,2057.97,2056.06,2056.42,12,38
2026-06-02T11:33:00Z,2056.42,2057.16,2056.42,2057.16,19,44
2026-06-02T11:34:00Z,2057.16,2057.41,2056.79,2056.91,7,31
2026-06-02T11:35:00Z,2056.91,2057.04,2055.95,2056.92,17,47
2026-06-02T11:36:00Z,2056.92,2057.02,2055.81,2056.09,17,37
2026-06-02T11:37:00Z,2056.09,2056.57,2055.14,2055.40,21,45
2026-06-02T11:38:00Z,2055.40,2055.87,2054.53,2055.59,10,41
2026-06-02T11:39:00Z,2055.59,2056.80,2055.59,2056.80,14,44
2026-06-02T11:40:00Z,2056.80,2056.80,2054.05,2054.50,10,46
2026-06-02T11:41:00Z,2054.50,2055.14,2054.00,2055.03,13,45
2026-06-02T11:42:00Z,2055.03,2055.49,2054.68,2055.45,23,35
2026-06-02T11:43:00Z,2055.45,2056.22,2055.45,2056.22,9,47
2026-06-02T11:44:00Z,2056.22,2056.94,2055.54,2056.70,12,47
2026-06-02T11:45:00Z,2056.70,2057.08,2055.33,2055.74,12,39
2026-06-02T11:46:00Z,2055.74,2057.57,2055.74,2057.57,15,45
2026-06-02T11:47:00Z,2057.57,2057.94,2055.95,2055.95,17,32
2026-06-02T11:48:00Z,2055.95,2056.23,2055.49,2056.11,19,36
2026-06-02T11:49:00Z,2056.11,2057.41,2056.11,2057.41,13,37
2026-06-02T11:50:00Z,2057.41,2058.32,2057.19,2058.24,15,48
2026-06-02T11:51:00Z,2058.24,2059.36,2058.21,2058.94,17,39
2026-06-02T11:52:00Z,2058.94,2059.81,2058.69,2058.90,14,40
2026-06-02T11:53:00Z,2058.90,2059.61,2058.37,2059.61,24,45
2026-06-02T11:54:00Z,2059.61,2060.50,2059.61,2060.06,16,46
2026-06-02T11:55:00Z,2060.06,2060.64,2059.63,2060.48,18,40
2026-06-02T11:56:00Z,2060.48,2060.96,2060.31,2060.41,14,44
2026-06-02T11:57:00Z,2060.41,2060.41,2059.72,2059.72,23,46
2026-06-02T11:58:00Z,2059.72,2060.67,2059.36,2060.42,23,38
2026-06-02T11:59:00Z,2060.42,2061.20,2060.12,2060.12,14,35
2026-06-02T12:00:00Z,2060.12,2060.59,2059.79,2059.79,14,45
2026-06-02T12:01:00Z,2059.79,2059.99,2058.77,2059.84,18,44
2026-06-02T12:02:00Z,2059.84,2059.96,2058.74,2059.29,18,30
2026-06-02T12:03:00Z,2059.29,2059.38,2058.08,2058.53,11,38
2026-06-02T12:04:00Z,2058.53,2058.75,2056.87,2056.87,10,41
2026-06-02T12:05:00Z,2056.87,2057.58,2056.87,2057.04,17,32
2026-06-02T12:06:00Z,2057.04,2057.04,2055.96,2055.99,14,33
2026-06-02T12:07:00Z,2055.99,2056.07,2054.97,2054.97,15,30
2026-06-02T12:08:00Z,2054.97,2056.22,2054.97,2055.98,19,38
2026-06-02T12:09:00Z,2055.98,2057.13,2055.52,2057.13,14,43
2026-06-02T12:10:00Z,2057.13,2059.11,2056.98,2059.07,22,37
2026-06-02T12:11:00Z,2059.07,2060.88,2059.07,2060.88,15,46
2026-06-02T12:12:00Z,2060.88,2061.65,2060.59,2061.29,15,35
2026-06-02T12:13:00Z,2061.29,2062.19,2060.75,2061.22,28,41
2026-06-02T12:14:00Z,2061.22,2061.56,2060.94,2061.50,20,44
2026-06-02T12:15:00Z,2061.50,2061.62,2060.79,2061.41,27,44
2026-06-02T12:16:00Z,2061.41,2061.54,2060.86,2061.40,19,48
2026-06-02T12:17:00Z,2061.40,2061.97,2060.76,2061.45,21,31
2026-06-02T12:18:00Z,2061.45,2063.22,2061.45,2062.54,25,45
2026-06-02T12:19:00Z,2062.54,2062.55,2060.84,2060.84,26,35
2026-06-02T12:20:00Z,2060.84,2061.17,2060.30,2060.62,15,31
2026-06-02T12:21:00Z,2060.62,2060.64,2059.56,2060.18,28,37
2026-06-02T12:22:00Z,2060.18,2060.60,2059.54,2059.54,19,35
2026-06-02T12:23:00Z,2059.54,2060.56,2059.33,2059.76,27,30
2026-06-02T12:24:00Z,2059.76,2060.63,2059.56,2060.08,17,44
2026-06-02T12:25:00Z,2060.08,2061.10,2060.08,2060.28,25,32
2026-06-02T12:26:00Z,2060.28,2060.78,2060.01,2060.78,18,35
2026-06-02T12:27:00Z,2060.78,2060.78,2059.68,2059.97,27,35
2026-06-02T12:28:00Z,2059.97,2061.24,2059.97,2060.94,16,33
2026-06-02T12:29:00Z,2060.94,2062.29,2060.69,2062.29,22,46
2026-06-02T12:30:00Z,2062.29,2062.29,2061.15,2061.30,16,31
2026-06-02T12:31:00Z,2061.30,2062.90,2061.30,2061.93,26,32
2026-06-02T12:32:00Z,2061.93,2062.44,2061.23,2061.23,21,32
2026-06-02T12:33:00Z,2061.23,2061.42,2060.20,2060.82,20,31
2026-06-02T12:34:00Z,2060.82,2061.42,2060.64,2060.93,20,40
2026-06-02T12:35:00Z,2060.93,2060.93,2059.73,2059.74,29,48
2026-06-02T12:36:00Z,2059.74,2061.26,2059.70,2061.26,19,31
2026-06-02T12:37:00Z,2061.26,2061.35,2060.52,2061.35,18,43
2026-06-02T12:38:00Z,2061.35,2061.79,2061.07,2061.52,25,47
2026-06-02T12:39:00Z,2061.52,2062.47,2060.88,2061.54,33,48
2026-06-02T12:40:00Z,2061.54,2061.60,2061.13,2061.58,31,32
2026-06-02T12:41:00Z,2061.58,2062.50,2061.42,2061.42,29,46
2026-06-02T12:42:00Z,2061.42,2061.75,2060.82,2061.52,23,48
2026-06-02T12:43:00Z,2061.52,2061.89,2060.90,2061.89,24,30
2026-06-02T12:44:00Z,2061.89,2062.66,2061.69,2062.51,30,41
2026-06-02T12:45:00Z,2062.51,2064.85,2062.18,2064.85,30,32
2026-06-02T12:46:00Z,2064.85,2064.92,2064.21,2064.37,26,34
2026-06-02T12:47:00Z,2064.37,2064.53,2063.19,2063.63,25,39
2026-06-02T12:48:00Z,2063.63,2063.63,2061.85,2062.03,25,41
2026-06-02T12:49:00Z,2062.03,2062.08,2060.92,2060.92,21,47
2026-06-02T12:50:00Z,2060.92,2061.50,2060.49,2060.65,27,31
2026-06-02T12:51:00Z,2060.65,2060.65,2059.39,2059.42,25,31
2026-06-02T12:52:00Z,2059.42,2061.65,2059.42,2061.65,28,41
2026-06-02T12:53:00Z,2061.65,2062.23,2061.65,2062.07,20,47
2026-06-02T12:54:00Z,2062.07,2062.07,2060.77,2061.17,29,44
2026-06-02T12:55:00Z,2061.17,2062.70,2061.17,2062.70,29,30
2026-06-02T12:56:00Z,2062.70,2064.39,2062.49,2064.39,29,31
2026-06-02T12:57:00Z,2064.39,2064.41,2063.51,2063.51,21,47
2026-06-02T12:58:00Z,2063.51,2064.35,2062.69,2064.35,34,33
2026-06-02T12:59:00Z,2064.35,2064.67,2063.86,2064.62,36,34
2026-06-02T13:00:00Z,2064.62,2065.04,2064.35,2064.91,35,48
2026-06-02T13:01:00Z,2064.91,2065.48,2064.37,2064.37,30,37
2026-06-02T13:02:00Z,2064.37,2065.14,2064.01,2064.23,31,41
2026-06-02T13:03:00Z,2064.23,2065.90,2064.23,2064.92,38,48
2026-06-02T13:04:00Z,2064.92,2064.93,2064.19,2064.90,23,35
2026-06-02T13:05:00Z,2064.90,2065.28,2064.30,2065.28,30,38
2026-06-02T13:06:00Z,2065.28,2066.30,2065.28,2065.81,29,35
2026-06-02T13:07:00Z,2065.81,2066.48,2065.66,2066.32,30,44
2026-06-02T13:08:00Z,2066.32,2066.45,2064.82,2065.40,40,48
2026-06-02T13:09:00Z,2065.40,2065.77,2064.43,2064.43,32,42
2026-06-02T13:10:00Z,2064.43,2064.89,2064.16,2064.88,30,34
2026-06-02T13:11:00Z,2064.88,2065.41,2062.66,2062.66,32,39
2026-06-02T13:12:00Z,2062.66,2064.79,2062.60,2064.79,26,34
2026-06-02T13:13:00Z,2064.79,2066.06,2064.74,2064.85,29,46
2026-06-02T13:14:00Z,2064.85,2066.02,2064.41,2066.02,26,47
2026-06-02T13:15:00Z,2066.02,2067.76,2065.57,2067.76,40,48
2026-06-02T13:16:00Z,2067.76,2068.89,2067.76,2068.70,35,41
2026-06-02T13:17:00Z,2068.70,2068.88,2068.05,2068.59,28,33
2026-06-02T13:18:00Z,2068.59,2069.05,2067.53,2067.53,38,36
2026-06-02T13:19:00Z,2067.53,2069.73,2067.24,2069.60,37,48
2026-06-02T13:20:00Z,2069.60,2069.95,2068.69,2069.91,43,44
2026-06-02T13:21:00Z,2069.91,2071.20,2069.29,2071.20,41,48
2026-06-02T13:22:00Z,2071.20,2072.17,2070.66,2071.20,31,45
2026-06-02T13:23:00Z,2071.20,2071.68,2070.85,2071.04,38,42
2026-06-02T13:24:00Z,2071.04,2071.04,2069.50,2070.32,42,32
2026-06-02T13:25:00Z,2070.32,2070.42,2069.31,2069.35,40,45
2026-06-02T13:26:00Z,2069.35,2069.53,2068.35,2069.53,30,39
2026-06-02T13:27:00Z,2069.53,2069.53,2067.63,2067.83,38,48
2026-06-02T13:28:00Z,2067.83,2069.33,2067.83,2068.61,44,31
2026-06-02T13:29:00Z,2068.61,2068.84,2068.04,2068.81,39,42
2026-06-02T13:30:00Z,2068.81,2069.71,2068.59,2068.65,39,39
2026-06-02T13:31:00Z,2068.65,2069.97,2068.27,2069.95,39,33
2026-06-02T13:32:00Z,2069.95,2071.07,2069.95,2071.07,34,37
2026-06-02T13:33:00Z,2071.07,2071.07,2069.69,2070.14,40,34
2026-06-02T13:34:00Z,2070.14,2070.14,2067.71,2068.09,41,31
2026-06-02T13:35:00Z,2068.09,2070.44,2068.09,2070.12,39,31
2026-06-02T13:36:00Z,2070.12,2072.01,2069.87,2071.85,40,32
2026-06-02T13:37:00Z,2071.85,2071.85,2070.11,2070.30,35,46
2026-06-02T13:38:00Z,2070.30,2070.69,2069.56,2069.71,37,44
2026-06-02T13:39:00Z,2069.71,2070.36,2069.03,2070.36,44,46
2026-06-02T13:40:00Z,2070.36,2070.75,2070.00,2070.75,44,32
2026-06-02T13:41:00Z,2070.75,2071.72,2070.67,2071.33,35,40
2026-06-02T13:42:00Z,2071.33,2072.42,2070.99,2072.29,44,41
2026-06-02T13:43:00Z,2072.29,2073.13,2072.00,2072.54,48,41
2026-06-02T13:44:00Z,2072.54,2073.61,2072.54,2072.88,41,44
2026-06-02T13:45:00Z,2072.88,2074.42,2072.69,2074.38,41,38
2026-06-02T13:46:00Z,2074.38,2074.70,2073.54,2074.30,44,39
2026-06-02T13:47:00Z,2074.30,2075.86,2074.06,2075.66,45,37
2026-06-02T13:48:00Z,2075.66,2075.66,2074.35,2074.66,50,48
2026-06-02T13:49:00Z,2074.66,2075.11,2074.43,2074.43,48,36
2026-06-02T13:50:00Z,2074.43,2075.22,2074.17,2074.17,50,34
2026-06-02T13:51:00Z,2074.17,2074.67,2073.58,2074.35,43,40
2026-06-02T13:52:00Z,2074.35,2074.55,2073.85,2074.42,53,35
2026-06-02T13:53:00Z,2074.42,2074.42,2072.42,2072.51,50,36
2026-06-02T13:54:00Z,2072.51,2073.53,2071.59,2071.59,54,46
2026-06-02T13:55:00Z,2071.59,2072.19,2071.16,2071.78,49,47
2026-06-02T13:56:00Z,2071.78,2072.18,2071.01,2071.01,56,30
2026-06-02T13:57:00Z,2071.01,2071.81,2070.76,2071.34,48,39
2026-06-02T13:58:00Z,2071.34,2072.65,2071.10,2072.65,50,32
2026-06-02T13:59:00Z,2072.65,2073.03,2071.31,2072.12,56,46
2026-06-03T08:00:00Z,2076.83,2076.83,2074.88,2075.20,57,109
2026-06-03T08:01:00Z,2075.20,2076.13,2075.20,2075.50,55,94
2026-06-03T08:02:00Z,2075.50,2075.50,2074.51,2075.45,48,117
2026-06-03T08:03:00Z,2075.45,2076.51,2075.29,2075.77,57,90
2026-06-03T08:04:00Z,2075.77,2075.77,2074.05,2074.05,43,93
2026-06-03T08:05:00Z,2074.05,2074.05,2073.15,2073.32,43,98
2026-06-03T08:06:00Z,2073.32,2075.96,2073.32,2075.96,46,100
2026-06-03T08:07:00Z,2075.96,2076.49,2075.15,2076.49,50,85
2026-06-03T08:08:00Z,2076.49,2076.68,2075.63,2076.68,41,75
2026-06-03T08:09:00Z,2076.68,2079.38,2076.68,2079.38,52,90
2026-06-03T08:10:00Z,2079.38,2081.08,2079.20,2080.86,51,92
2026-06-03T08:11:00Z,2080.86,2082.30,2080.86,2081.92,44,73
2026-06-03T08:12:00Z,2081.92,2082.52,2081.18,2081.18,39,85
2026-06-03T08:13:00Z,2081.18,2082.14,2081.14,2082.14,40,68
2026-06-03T08:14:00Z,2082.14,2082.35,2081.48,2082.32,49,54
2026-06-03T08:15:00Z,2082.32,2084.37,2082.25,2084.37,47,55
2026-06-03T08:16:00Z,2084.37,2084.37,2082.79,2083.49,42,71
2026-06-03T08:17:00Z,2083.49,2083.81,2082.71,2083.81,45,48
2026-06-03T08:18:00Z,2083.81,2084.31,2083.38,2084.11,47,45
2026-06-03T08:19:00Z,2084.11,2084.96,2084.11,2084.63,39,55
2026-06-03T08:20:00Z,2084.63,2085.94,2084.28,2085.59,37,67
2026-06-03T08:21:00Z,2085.59,2085.81,2084.59,2084.59,47,65
2026-06-03T08:22:00Z,2084.59,2085.93,2084.50,2085.72,49,51
2026-06-03T08:23:00Z,2085.72,2085.92,2084.75,2085.55,39,61
2026-06-03T08:24:00Z,2085.55,2086.47,2085.55,2085.81,49,60
2026-06-03T08:25:00Z,2085.81,2087.23,2085.81,2086.93,40,60
2026-06-03T08:26:00Z,2086.93,2086.93,2085.90,2086.42,48,46
2026-06-03T08:27:00Z,2086.42,2086.68,2085.51,2085.83,43,51
2026-06-03T08:28:00Z,2085.83,2085.83,2084.51,2084.51,34,42
2026-06-03T08:29:00Z,2084.51,2084.83,2083.87,2083.87,33,48
2026-06-03T08:30:00Z,2083.87,2083.87,2082.10,2082.37,36,51
2026-06-03T08:31:00Z,2082.37,2082.80,2082.22,2082.38,45,48
2026-06-03T08:32:00Z,2082.38,2082.56,2081.57,2082.46,32,37
2026-06-03T08:33:00Z,2082.46,2083.85,2081.63,2083.80,32,43
2026-06-03T08:34:00Z,2083.80,2084.18,2083.39,2083.39,44,45
2026-06-03T08:35:00Z,2083.39,2085.12,2083.15,2084.67,32,36
2026-06-03T08:36:00Z,2084.67,2086.47,2084.35,2086.47,29,50
2026-06-03T08:37:00Z,2086.47,2087.02,2085.77,2085.77,33,42
2026-06-03T08:38:00Z,2085.77,2086.30,2085.37,2086.30,34,36
2026-06-03T08:39:00Z,2086.30,2086.89,2086.06,2086.06,36,33
2026-06-03T08:40:00Z,2086.06,2088.34,2085.98,2088.19,40,49
2026-06-03T08:41:00Z,2088.19,2088.34,2087.21,2087.21,38,50
2026-06-03T08:42:00Z,2087.21,2087.21,2085.42,2085.83,32,47
2026-06-03T08:43:00Z,2085.83,2087.29,2085.63,2087.19,31,44
2026-06-03T08:44:00Z,2087.19,2088.45,2086.78,2088.15,31,35
2026-06-03T08:45:00Z,2088.15,2088.41,2087.95,2087.95,30,34
2026-06-03T08:46:00Z,2087.95,2089.05,2087.95,2089.05,28,39
2026-06-03T08:47:00Z,2089.05,2090.05,2088.39,2090.05,42,37
2026-06-03T08:48:00Z,2090.05,2090.42,2089.80,2089.85,39,47
2026-06-03T08:49:00Z,2089.85,2089.85,2088.68,2088.96,35,43
2026-06-03T08:50:00Z,2088.96,2089.29,2088.68,2089.14,35,35
2026-06-03T08:51:00Z,2089.14,2089.65,2088.93,2089.08,25,42
2026-06-03T08:52:00Z,2089.08,2089.62,2088.70,2088.70,38,47
2026-06-03T08:53:00Z,2088.70,2092.19,2088.70,2091.50,34,38
2026-06-03T08:54:00Z,2091.50,2092.15,2091.35,2091.35,29,40
2026-06-03T08:55:00Z,2091.35,2091.35,2090.82,2090.82,32,42
2026-06-03T08:56:00Z,2090.82,2091.42,2090.01,2091.42,25,45
2026-06-03T08:57:00Z,2091.42,2091.96,2090.41,2091.96,25,46
2026-06-03T08:58:00Z,2091.96,2094.48,2091.58,2094.48,30,35
2026-06-03T08:59:00Z,2094.48,2095.19,2093.43,2093.83,36,36
2026-06-03T09:00:00Z,2093.83,2094.21,2092.97,2093.06,30,31
2026-06-03T09:01:00Z,2093.06,2093.41,2092.79,2093.27,25,49
2026-06-03T09:02:00Z,2093.27,2093.27,2091.75,2091.75,36,41
2026-06-03T09:03:00Z,2091.75,2092.05,2090.76,2090.89,36,48
2026-06-03T09:04:00Z,2090.89,2091.00,2090.00,2090.77,30,34
2026-06-03T09:05:00Z,2090.77,2091.57,2090.73,2090.93,36,47
2026-06-03T09:06:00Z,2090.93,2091.38,2090.46,2091.15,20,40
2026-06-03T09:07:00Z,2091.15,2091.61,2090.55,2090.60,20,43
2026-06-03T09:08:00Z,2090.60,2091.30,2090.43,2090.89,25,43
2026-06-03T09:09:00Z,2090.89,2091.80,2090.36,2091.80,22,30
2026-06-03T09:10:00Z,2091.80,2091.80,2089.54,2089.54,27,35
2026-06-03T09:11:00Z,2089.54,2090.18,2089.02,2089.02,28,38
2026-06-03T09:12:00Z,2089.02,2089.10,2087.49,2087.49,33,44
2026-06-03T09:13:00Z,2087.49,2088.64,2087.49,2088.46,19,41
2026-06-03T09:14:00Z,2088.46,2088.54,2087.19,2087.33,22,37
2026-06-03T09:15:00Z,2087.33,2089.63,2087.33,2089.53,18,47
2026-06-03T09:16:00Z,2089.53,2090.56,2089.53,2090.56,25,35
2026-06-03T09:17:00Z,2090.56,2090.56,2089.03,2089.36,30,38
2026-06-03T09:18:00Z,2089.36,2089.36,2086.79,2086.79,20,48
2026-06-03T09:19:00Z,2086.79,2087.46,2086.35,2086.79,18,36
2026-06-03T09:20:00Z,2086.79,2086.79,2085.34,2085.65,33,39
2026-06-03T09:21:00Z,2085.65,2085.95,2085.10,2085.66,18,33
2026-06-03T09:22:00Z,2085.66,2085.99,2084.63,2085.20,28,46
2026-06-03T09:23:00Z,2085.20,2085.83,2084.42,2085.83,31,39
2026-06-03T09:24:00Z,2085.83,2087.27,2085.59,2087.27,26,30
2026-06-03T09:25:00Z,2087.27,2089.13,2087.27,2089.13,29,33
2026-06-03T09:26:00Z,2089.13,2090.51,2088.81,2090.41,23,47
2026-06-03T09:27:00Z,2090.41,2090.41,2088.50,2088.74,23,32
2026-06-03T09:28:00Z,2088.74,2090.59,2088.68,2089.35,20,34
2026-06-03T09:29:00Z,2089.35,2089.53,2088.90,2088.93,18,41
2026-06-03T09:30:00Z,2088.93,2089.77,2088.84,2089.38,27,40
2026-06-03T09:31:00Z,2089.38,2089.59,2089.10,2089.29,22,45
2026-06-03T09:32:00Z,2089.29,2090.09,2089.28,2090.09,29,44
2026-06-03T09:33:00Z,2090.09,2090.70,2089.90,2090.06,22,34
2026-06-03T09:34:00Z,2090.06,2091.02,2089.43,2091.02,24,39
2026-06-03T09:35:00Z,2091.02,2091.38,2090.64,2091.20,23,36
2026-06-03T09:36:00Z,2091.20,2091.59,2091.13,2091.22,14,37
2026-06-03T09:37:00Z,2091.22,2091.49,2090.70,2090.85,15,31
2026-06-03T09:38:00Z,2090.85,2090.85,2089.37,2089.87,14,42
2026-06-03T09:39:00Z,2089.87,2089.97,2088.23,2088.23,16,47
2026-06-03T09:40:00Z,2088.23,2088.90,2088.15,2088.75,22,46
2026-06-03T09:41:00Z,2088.75,2090.09,2088.74,2089.48,28,30
2026-06-03T09:42:00Z,2089.48,2091.03,2089.48,2090.70,23,31
2026-06-03T09:43:00Z,2090.70,2091.98,2090.11,2091.98,12,44
2026-06-03T09:44:00Z,2091.98,2092.20,2091.17,2092.18,28,47
2026-06-03T09:45:00Z,2092.18,2092.53,2091.97,2092.53,23,39
2026-06-03T09:46:00Z,2092.53,2094.09,2091.49,2094.09,17,47
2026-06-03T09:47:00Z,2094.09,2096.34,2094.09,2096.34,26,30
2026-06-03T09:48:00Z,2096.34,2097.01,2096.10,2097.01,19,48
2026-06-03T09:49:00Z,2097.01,2097.11,2095.99,2097.00,27,41
2026-06-03T09:50:00Z,2097.00,2097.27,2095.36,2096.21,15,41
2026-06-03T09:51:00Z,2096.21,2096.21,2094.75,2095.08,26,38
2026-06-03T09:52:00Z,2095.08,2095.08,2093.83,2094.15,13,37
2026-06-03T09:53:00Z,2094.15,2096.15,2094.02,2096.11,24,44
2026-06-03T09:54:00Z,2096.11,2096.58,2094.67,2095.31,16,38
2026-06-03T09:55:00Z,2095.31,2095.38,2094.71,2095.10,17,31
2026-06-03T09:56:00Z,2095.10,2095.51,2094.76,2094.92,12,47
2026-06-03T09:57:00Z,2094.92,2096.09,2094.86,2095.88,18,43
2026-06-03T09:58:00Z,2095.88,2095.92,2095.18,2095.38,18,37
2026-06-03T09:59:00Z,2095.38,2095.66,2094.11,2094.34,20,38
2026-06-03T10:00:00Z,2094.34,2095.21,2094.34,2094.59,18,46
2026-06-03T10:01:00Z,2094.59,2095.17,2094.46,2094.46,20,40
2026-06-03T10:02:00Z,2094.46,2094.71,2093.31,2093.31,22,43
2026-06-03T10:03:00Z,2093.31,2094.29,2093.13,2094.29,24,41
2026-06-03T10:04:00Z,2094.29,2094.95,2093.88,2094.95,9,34
2026-06-03T10:05:00Z,2094.95,2095.42,2093.52,2094.05,13,45
2026-06-03T10:06:00Z,2094.05,2094.46,2092.97,2094.25,19,33
2026-06-03T10:07:00Z,2094.25,2095.50,2094.25,2094.74,13,35
2026-06-03T10:08:00Z,2094.74,2094.74,2093.77,2093.79,11,38
2026-06-03T10:09:00Z,2093.79,2094.75,2093.57,2094.47,15,32
2026-06-03T10:10:00Z,2094.47,2094.96,2094.40,2094.90,19,36
2026-06-03T10:11:00Z,2094.90,2094.90,2093.96,2093.96,17,41
2026-06-03T10:12:00Z,2093.96,2094.10,2093.22,2093.44,23,42
2026-06-03T10:13:00Z,2093.44,2093.44,2092.47,2092.75,24,31
2026-06-03T10:14:00Z,2092.75,2093.22,2092.35,2092.82,15,46
2026-06-03T10:15:00Z,2092.82,2093.29,2092.58,2093.29,14,46
2026-06-03T10:16:00Z,2093.29,2093.74,2092.87,2092.87,24,30
2026-06-03T10:17:00Z,2092.87,2093.04,2090.84,2091.28,24,43
2026-06-03T10:18:00Z,2091.28,2091.96,2090.67,2091.88,19,37
2026-06-03T10:19:00Z,2091.88,2092.59,2091.13,2092.47,21,39
2026-06-03T10:20:00Z,2092.47,2093.19,2092.15,2093.09,10,42
2026-06-03T10:21:00Z,2093.09,2093.92,2093.09,2093.23,15,33
2026-06-03T10:22:00Z,2093.23,2094.67,2093.23,2093.83,21,42
2026-06-03T10:23:00Z,2093.83,2093.83,2092.03,2093.09,21,30
2026-06-03T10:24:00Z,2093.09,2093.10,2092.42,2092.79,14,35
2026-06-03T10:25:00Z,2092.79,2092.79,2091.47,2091.47,23,41
2026-06-03T10:26:00Z,2091.47,2091.97,2091.00,2091.55,10,39
2026-06-03T10:27:00Z,2091.55,2092.48,2091.30,2091.55,10,32
2026-06-03T10:28:00Z,2091.55,2093.46,2091.55,2092.85,10,38
2026-06-03T10:29:00Z,2092.85,2093.63,2092.68,2093.17,12,42
2026-06-03T10:30:00Z,2093.17,2093.81,2092.84,2093.04,14,47
2026-06-03T10:31:00Z,2093.04,2093.69,2092.20,2092.20,14,47
2026-06-03T10:32:00Z,2092.20,2092.26,2090.15,2090.62,21,34
2026-06-03T10:33:00Z,2090.62,2091.84,2090.62,2091.74,21,48
2026-06-03T10:34:00Z,2091.74,2092.37,2091.47,2092.37,11,33
2026-06-03T10:35:00Z,2092.37,2092.37,2091.55,2091.89,20,30
2026-06-03T10:36:00Z,2091.89,2091.89,2091.30,2091.52,7,44
2026-06-03T10:37:00Z,2091.52,2091.89,2090.56,2091.46,18,44
2026-06-03T10:38:00Z,2091.46,2091.95,2091.42,2091.94,13,35
2026-06-03T10:39:00Z,2091.94,2093.29,2091.94,2093.29,10,36
2026-06-03T10:40:00Z,2093.29,2094.68,2093.29,2094.34,10,41
2026-06-03T10:41:00Z,2094.34,2094.93,2094.14,2094.14,17,44
2026-06-03T10:42:00Z,2094.14,2095.51,2094.02,2094.82,22,31
2026-06-03T10:43:00Z,2094.82,2094.87,2093.40,2093.74,22,39
2026-06-03T10:44:00Z,2093.74,2094.46,2092.76,2092.76,8,42
2026-06-03T10:45:00Z,2092.76,2094.96,2092.42,2094.96,22,46
2026-06-03T10:46:00Z,2094.96,2095.99,2094.96,2095.52,20,42
2026-06-03T10:47:00Z,2095.52,2096.32,2094.91,2096.32,14,32
2026-06-03T10:48:00Z,2096.32,2096.40,2094.74,2094.74,9,47
2026-06-03T10:49:00Z,2094.74,2095.08,2093.10,2093.10,9,36
2026-06-03T10:50:00Z,2093.10,2093.94,2093.10,2093.77,14,33
2026-06-03T10:51:00Z,2093.77,2095.42,2093.77,2095.42,21,35
2026-06-03T10:52:00Z,2095.42,2095.42,2094.15,2094.68,12,30
2026-06-03T10:53:00Z,2094.68,2095.61,2094.17,2094.61,22,40
2026-06-03T10:54:00Z,2094.61,2094.61,2092.91,2093.12,13,47
2026-06-03T10:55:00Z,2093.12,2094.61,2093.12,2093.21,15,31
2026-06-03T10:56:00Z,2093.21,2094.18,2093.10,2093.19,12,46
2026-06-03T10:57:00Z,2093.19,2093.54,2091.38,2091.71,21,42
2026-06-03T10:58:00Z,2091.71,2092.88,2091.06,2092.88,8,47
2026-06-03T10:59:00Z,2092.88,2093.19,2092.33,2092.78,8,34
2026-06-03T11:00:00Z,2092.78,2092.78,2091.15,2091.56,16,40
2026-06-03T11:01:00Z,2091.56,2091.75,2089.95,2089.95,16,38
2026-06-03T11:02:00Z,2089.95,2092.24,2089.91,2092.24,14,44
2026-06-03T11:03:00Z,2092.24,2092.94,2091.54,2091.54,16,37
2026-06-03T11:04:00Z,2091.54,2091.63,2090.55,2090.55,13,31
2026-06-03T11:05:00Z,2090.55,2090.94,2088.07,2088.85,8,38
2026-06-03T11:06:00Z,2088.85,2089.48,2088.78,2089.14,21,40
2026-06-03T11:07:00Z,2089.14,2090.77,2089.14,2089.87,10,40
2026-06-03T11:08:00Z,2089.87,2090.63,2089.58,2089.84,6,30
2026-06-03T11:09:00Z,2089.84,2090.31,2089.19,2089.47,10,41
2026-06-03T11:10:00Z,2089.47,2089.47,2088.54,2088.65,19,31
2026-06-03T11:11:00Z,2088.65,2089.21,2088.09,2089.21,10,47
2026-06-03T11:12:00Z,2089.21,2089.86,2088.72,2089.07,14,33
2026-06-03T11:13:00Z,2089.07,2089.07,2087.32,2087.56,19,35
2026-06-03T11:14:00Z,2087.56,2088.63,2087.55,2088.08,12,46
2026-06-03T11:15:00Z,2088.08,2090.20,2088.08,2089.92,6,43
2026-06-03T11:16:00Z,2089.92,2090.18,2088.47,2088.57,10,47
2026-06-03T11:17:00Z,2088.57,2088.62,2088.01,2088.10,14,46
2026-06-03T11:18:00Z,2088.10,2089.96,2088.10,2089.96,22,48
2026-06-03T11:19:00Z,2089.96,2091.13,2089.59,2091.13,17,41
2026-06-03T11:20:00Z,2091.13,2091.40,2089.42,2090.04,10,31
2026-06-03T11:21:00Z,2090.04,2090.38,2089.44,2089.91,7,39
2026-06-03T11:22:00Z,2089.91,2092.11,2089.91,2091.33,15,32
2026-06-03T11:23:00Z,2091.33,2091.74,2091.23,2091.73,6,35
2026-06-03T11:24:00Z,2091.73,2092.76,2091.24,2092.61,11,33
2026-06-03T11:25:00Z,2092.61,2092.64,2091.55,2091.71,19,42
2026-06-03T11:26:00Z,2091.71,2093.35,2091.71,2092.04,16,48
2026-06-03T11:27:00Z,2092.04,2094.00,2091.87,2094.00,11,43
2026-06-03T11:28:00Z,2094.00,2094.53,2093.70,2093.95,12,39
2026-06-03T11:29:00Z,2093.95,2094.29,2092.37,2094.29,13,40
2026-06-03T11:30:00Z,2094.29,2094.42,2092.53,2092.72,8,45
2026-06-03T11:31:00Z,2092.72,2093.30,2091.99,2092.65,19,46
2026-06-03T11:32:00Z,2092.65,2093.09,2092.24,2092.24,13,38
2026-06-03T11:33:00Z,2092.24,2093.40,2091.76,2093.17,8,37
2026-06-03T11:34:00Z,2093.17,2094.13,2092.83,2093.04,16,38
2026-06-03T11:35:00Z,2093.04,2093.05,2092.32,2093.04,23,32
2026-06-03T11:36:00Z,2093.04,2093.06,2092.13,2092.87,17,30
2026-06-03T11:37:00Z,2092.87,2093.38,2092.54,2093.22,14,34
2026-06-03T11:38:00Z,2093.22,2093.22,2092.17,2093.19,23,47
2026-06-03T11:39:00Z,2093.19,2093.75,2092.86,2092.86,20,46
2026-06-03T11:40:00Z,2092.86,2094.02,2092.86,2094.02,23,41
2026-06-03T11:41:00Z,2094.02,2095.25,2093.87,2095.15,22,43
2026-06-03T11:42:00Z,2095.15,2095.34,2094.40,2094.40,10,44
2026-06-03T11:43:00Z,2094.40,2094.40,2092.81,2092.88,8,48
2026-06-03T11:44:00Z,2092.88,2094.16,2092.44,2094.08,23,40
2026-06-03T11:45:00Z,2094.08,2094.08,2092.57,2093.47,9,46
2026-06-03T11:46:00Z,2093.47,2093.57,2092.95,2093.50,16,47
2026-06-03T11:47:00Z,2093.50,2093.84,2092.86,2093.17,11,39
2026-06-03T11:48:00Z,2093.17,2094.34,2092.93,2094.34,22,45
2026-06-03T11:49:00Z,2094.34,2094.55,2092.98,2092.98,21,35
2026-06-03T11:50:00Z,2092.98,2094.22,2092.98,2093.78,15,34
2026-06-03T11:51:00Z,2093.78,2093.99,2092.67,2093.96,20,35
2026-06-03T11:52:00Z,2093.96,2094.22,2091.35,2091.35,11,32
2026-06-03T11:53:00Z,2091.35,2091.35,2090.53,2091.09,24,38
2026-06-03T11:54:00Z,2091.09,2091.41,2089.71,2089.71,11,33
2026-06-03T11:55:00Z,2089.71,2090.36,2089.12,2090.36,14,45
2026-06-03T11:56:00Z,2090.36,2090.42,2089.70,2090.05,9,44
2026-06-03T11:57:00Z,2090.05,2092.72,2090.05,2092.31,16,38
2026-06-03T11:58:00Z,2092.31,2092.31,2091.38,2091.72,21,34
2026-06-03T11:59:00Z,2091.72,2091.79,2090.99,2091.62,19,37
2026-06-03T12:00:00Z,2091.62,2091.89,2090.84,2090.84,13,38
2026-06-03T12:01:00Z,2090.84,2091.22,2088.96,2089.03,18,35
2026-06-03T12:02:00Z,2089.03,2091.04,2088.92,2090.64,16,41
2026-06-03T12:03:00Z,2090.64,2090.79,2090.10,2090.36,15,37
2026-06-03T12:04:00Z,2090.36,2090.78,2090.06,2090.55,18,37
2026-06-03T12:05:00Z,2090.55,2090.55,2088.91,2089.00,25,34
2026-06-03T12:06:00Z,2089.00,2090.17,2088.81,2090.17,14,44
2026-06-03T12:07:00Z,2090.17,2090.79,2089.15,2089.29,18,46
2026-06-03T12:08:00Z,2089.29,2089.45,2088.04,2089.15,16,46
2026-06-03T12:09:00Z,2089.15,2089.77,2088.37,2089.51,23,32
2026-06-03T12:10:00Z,2089.51,2089.94,2088.83,2088.83,24,32
2026-06-03T12:11:00Z,2088.83,2089.27,2088.56,2088.56,12,36
2026-06-03T12:12:00Z,2088.56,2088.94,2088.27,2088.42,20,43
2026-06-03T12:13:00Z,2088.42,2088.42,2086.23,2086.80,27,45
2026-06-03T12:14:00Z,2086.80,2087.06,2086.04,2086.04,22,39
2026-06-03T12:15:00Z,2086.04,2086.09,2084.84,2084.93,17,47
2026-06-03T12:16:00Z,2084.93,2084.93,2084.08,2084.13,25,44
2026-06-03T12:17:00Z,2084.13,2084.21,2082.90,2083.33,20,36
2026-06-03T12:18:00Z,2083.33,2083.91,2082.59,2082.59,15,34
2026-06-03T12:19:00Z,2082.59,2082.94,2081.74,2081.74,25,30
2026-06-03T12:20:00Z,2081.74,2081.74,2079.80,2079.80,20,47
2026-06-03T12:21:00Z,2079.80,2079.80,2078.92,2079.33,16,41
2026-06-03T12:22:00Z,2079.33,2079.33,2078.37,2078.55,14,48
2026-06-03T12:23:00Z,2078.55,2078.75,2077.76,2077.85,23,35
2026-06-03T12:24:00Z,2077.85,2078.96,2077.85,2078.31,27,31
2026-06-03T12:25:00Z,2078.31,2079.33,2077.89,2078.58,17,42
2026-06-03T12:26:00Z,2078.58,2079.71,2078.58,2079.71,25,38
2026-06-03T12:27:00Z,2079.71,2080.25,2079.16,2079.90,29,35
2026-06-03T12:28:00Z,2079.90,2079.90,2078.55,2079.09,17,33
2026-06-03T12:29:00Z,2079.09,2079.09,2077.53,2079.01,31,30
2026-06-03T12:30:00Z,2079.01,2080.36,2078.93,2079.13,18,48
2026-06-03T12:31:00Z,2079.13,2079.99,2078.48,2079.14,29,41
2026-06-03T12:32:00Z,2079.14,2080.61,2078.79,2080.61,20,40
2026-06-03T12:33:00Z,2080.61,2081.18,2080.39,2080.88,15,33
2026-06-03T12:34:00Z,2080.88,2080.95,2080.41,2080.76,24,32
2026-06-03T12:35:00Z,2080.76,2081.48,2080.46,2081.48,30,45
2026-06-03T12:36:00Z,2081.48,2082.62,2081.23,2082.28,16,47
2026-06-03T12:37:00Z,2082.28,2082.40,2080.56,2080.56,20,42
2026-06-03T12:38:00Z,2080.56,2080.56,2079.71,2080.15,32,48
2026-06-03T12:39:00Z,2080.15,2080.15,2078.47,2078.47,22,42
2026-06-03T12:40:00Z,2078.47,2078.47,2076.89,2077.18,28,38
2026-06-03T12:41:00Z,2077.18,2077.34,2076.29,2076.54,24,41
2026-06-03T12:42:00Z,2076.54,2076.91,2076.14,2076.59,21,41
2026-06-03T12:43:00Z,2076.59,2077.88,2076.59,2077.88,19,33
2026-06-03T12:44:00Z,2077.88,2078.79,2076.77,2078.79,31,41
2026-06-03T12:45:00Z,2078.79,2079.02,2077.56,2078.05,23,47
2026-06-03T12:46:00Z,2078.05,2079.58,2077.75,2079.58,31,39
2026-06-03T12:47:00Z,2079.58,2082.02,2079.58,2082.02,23,32
2026-06-03T12:48:00Z,2082.02,2082.31,2081.16,2081.48,26,32
2026-06-03T12:49:00Z,2081.48,2082.60,2081.10,2082.26,23,44
2026-06-03T12:50:00Z,2082.26,2083.11,2081.97,2081.97,30,42
2026-06-03T12:51:00Z,2081.97,2082.38,2081.37,2082.07,25,37
2026-06-03T12:52:00Z,2082.07,2082.66,2080.00,2080.00,30,40
2026-06-03T12:53:00Z,2080.00,2081.54,2079.40,2081.41,21,35
2026-06-03T12:54:00Z,2081.41,2083.18,2080.96,2083.12,25,34
2026-06-03T12:55:00Z,2083.12,2083.63,2082.53,2082.53,35,36
2026-06-03T12:56:00Z,2082.53,2082.53,2081.44,2081.95,27,36
2026-06-03T12:57:00Z,2081.95,2082.77,2081.83,2082.77,32,31
2026-06-03T12:58:00Z,2082.77,2083.48,2082.50,2083.48,21,36
2026-06-03T12:59:00Z,2083.48,2084.48,2083.48,2083.56,38,30
2026-06-03T13:00:00Z,2083.56,2084.67,2083.55,2084.67,31,40
2026-06-03T13:01:00Z,2084.67,2085.47,2084.27,2085.47,23,31
2026-06-03T13:02:00Z,2085.47,2086.03,2084.45,2085.43,33,40
2026-06-03T13:03:00Z,2085.43,2085.51,2084.46,2084.63,29,36
2026-06-03T13:04:00Z,2084.63,2085.28,2083.53,2083.53,33,36
2026-06-03T13:05:00Z,2083.53,2083.53,2081.36,2082.30,31,48
2026-06-03T13:06:00Z,2082.30,2082.54,2081.71,2082.54,40,38
2026-06-03T13:07:00Z,2082.54,2083.19,2082.48,2083.19,24,46
2026-06-03T13:08:00Z,2083.19,2083.56,2082.28,2082.30,31,37
2026-06-03T13:09:00Z,2082.30,2082.31,2081.43,2082.14,40,35
2026-06-03T13:10:00Z,2082.14,2082.51,2081.99,2082.27,26,35
2026-06-03T13:11:00Z,2082.27,2082.47,2081.17,2081.17,28,32
2026-06-03T13:12:00Z,2081.17,2082.23,2081.17,2081.21,38,48
2026-06-03T13:13:00Z,2081.21,2081.55,2079.56,2079.63,29,33
2026-06-03T13:14:00Z,2079.63,2079.63,2079.04,2079.09,42,47
2026-06-03T13:15:00Z,2079.09,2079.79,2078.39,2078.69,30,46
2026-06-03T13:16:00Z,2078.69,2078.69,2077.00,2077.14,26,47
2026-06-03T13:17:00Z,2077.14,2078.10,2077.07,2077.57,33,44
2026-06-03T13:18:00Z,2077.57,2077.87,2076.37,2076.37,34,40
2026-06-03T13:19:00Z,2076.37,2076.41,2075.31,2075.51,31,30
2026-06-03T13:20:00Z,2075.51,2076.84,2075.51,2076.38,28,35
2026-06-03T13:21:00Z,2076.38,2076.54,2075.04,2075.36,43,47
2026-06-03T13:22:00Z,2075.36,2076.21,2075.36,2076.21,34,47
2026-06-03T13:23:00Z,2076.21,2076.57,2075.62,2076.08,29,48
2026-06-03T13:24:00Z,2076.08,2077.31,2075.58,2076.18,29,31
2026-06-03T13:25:00Z,2076.18,2077.03,2076.02,2077.03,39,46
2026-06-03T13:26:00Z,2077.03,2077.48,2076.33,2076.40,41,38
2026-06-03T13:27:00Z,2076.40,2076.56,2074.14,2074.84,41,45
2026-06-03T13:28:00Z,2074.84,2074.95,2073.11,2073.58,41,39
2026-06-03T13:29:00Z,2073.58,2074.18,2073.33,2073.33,47,40
2026-06-03T13:30:00Z,2073.33,2073.40,2071.40,2071.40,33,37
2026-06-03T13:31:00Z,2071.40,2071.71,2070.89,2071.71,36,35
2026-06-03T13:32:00Z,2071.71,2071.71,2070.38,2070.38,43,46
2026-06-03T13:33:00Z,2070.38,2070.80,2069.39,2069.47,42,38
2026-06-03T13:34:00Z,2069.47,2070.42,2068.74,2068.87,38,31
2026-06-03T13:35:00Z,2068.87,2070.21,2068.63,2069.77,45,47
2026-06-03T13:36:00Z,2069.77,2069.77,2067.59,2067.59,33,41
2026-06-03T13:37:00Z,2067.59,2068.15,2066.92,2067.35,42,46
2026-06-03T13:38:00Z,2067.35,2068.84,2067.32,2068.40,43,48
2026-06-03T13:39:00Z,2068.40,2068.44,2067.79,2067.82,39,43
2026-06-03T13:40:00Z,2067.82,2070.07,2067.69,2070.07,38,33
2026-06-03T13:41:00Z,2070.07,2070.07,2068.48,2069.16,36,38
2026-06-03T13:42:00Z,2069.16,2069.39,2068.58,2068.58,46,35
2026-06-03T13:43:00Z,2068.58,2068.68,2067.81,2068.04,41,35
2026-06-03T13:44:00Z,2068.04,2068.04,2066.25,2066.26,41,36
2026-06-03T13:45:00Z,2066.26,2068.16,2066.26,2066.71,47,44
2026-06-03T13:46:00Z,2066.71,2066.81,2065.92,2066.81,41,45
2026-06-03T13:47:00Z,2066.81,2067.06,2066.51,2066.68,37,41
2026-06-03T13:48:00Z,2066.68,2067.72,2066.43,2066.59,44,31
2026-06-03T13:49:00Z,2066.59,2066.59,2065.42,2066.11,45,38
2026-06-03T13:50:00Z,2066.11,2066.11,2063.60,2063.60,46,37
2026-06-03T13:51:00Z,2063.60,2063.63,2063.02,2063.33,40,34
2026-06-03T13:52:00Z,2063.33,2063.33,2062.46,2062.46,49,41
2026-06-03T13:53:00Z,2062.46,2063.94,2062.09,2063.54,44,36
2026-06-03T13:54:00Z,2063.54,2063.54,2062.82,2062.92,55,42
2026-06-03T13:55:00Z,2062.92,2065.70,2062.80,2065.70,41,32
2026-06-03T13:56:00Z,2065.70,2068.59,2065.70,2068.59,51,36
2026-06-03T13:57:00Z,2068.59,2069.82,2068.28,2069.82,46,32
2026-06-03T13:58:00Z,2069.82,2069.82,2068.75,2069.32,57,35
2026-06-03T13:59:00Z,2069.32,2069.34,2068.52,2069.34,44,36
2026-06-04T08:00:00Z,2077.09,2077.11,2074.73,2074.73,55,99
2026-06-04T08:01:00Z,2074.73,2074.73,2073.37,2073.84,43,121
2026-06-04T08:02:00Z,2073.84,2074.15,2072.61,2072.85,54,100
2026-06-04T08:03:00Z,2072.85,2073.76,2072.21,2072.42,46,117
2026-06-04T08:04:00Z,2072.42,2072.81,2072.20,2072.38,51,100
2026-06-04T08:05:00Z,2072.38,2074.72,2072.38,2074.72,40,74
2026-06-04T08:06:00Z,2074.72,2075.61,2074.72,2075.14,56,93
2026-06-04T08:07:00Z,2075.14,2075.76,2074.80,2075.60,49,74
2026-06-04T08:08:00Z,2075.60,2075.80,2074.60,2074.67,39,102
2026-06-04T08:09:00Z,2074.67,2075.58,2074.57,2074.57,46,84
2026-06-04T08:10:00Z,2074.57,2075.25,2073.92,2073.92,44,68
2026-06-04T08:11:00Z,2073.92,2074.33,2073.66,2074.22,50,62
2026-06-04T08:12:00Z,2074.22,2074.63,2073.64,2074.49,48,67
2026-06-04T08:13:00Z,2074.49,2075.08,2074.34,2074.69,45,58
2026-06-04T08:14:00Z,2074.69,2075.51,2074.28,2075.51,37,56
2026-06-04T08:15:00Z,2075.51,2076.10,2075.51,2076.10,50,78
2026-06-04T08:16:00Z,2076.10,2076.92,2075.37,2076.72,51,51
2026-06-04T08:17:00Z,2076.72,2078.53,2076.72,2078.53,41,58
2026-06-04T08:18:00Z,2078.53,2079.52,2078.37,2078.37,49,57
2026-06-04T08:19:00Z,2078.37,2078.98,2078.37,2078.83,36,51
2026-06-04T08:20:00Z,2078.83,2080.69,2078.75,2080.15,46,65
2026-06-04T08:21:00Z,2080.15,2080.86,2079.86,2080.66,42,54
2026-06-04T08:22:00Z,2080.66,2081.46,2080.01,2080.08,49,45
2026-06-04T08:23:00Z,2080.08,2080.87,2078.20,2078.20,38,49
2026-06-04T08:24:00Z,2078.20,2078.20,2076.87,2076.87,36,49
2026-06-04T08:25:00Z,2076.87,2078.13,2076.87,2076.97,35,43
2026-06-04T08:26:00Z,2076.97,2077.47,2076.00,2076.49,37,38
2026-06-04T08:27:00Z,2076.49,2076.50,2074.78,2075.54,35,39
2026-06-04T08:28:00Z,2075.54,2075.54,2074.25,2074.25,34,38
2026-06-04T08:29:00Z,2074.25,2074.35,2072.73,2072.73,34,38
2026-06-04T08:30:00Z,2072.73,2073.02,2072.46,2073.02,41,48
2026-06-04T08:31:00Z,2073.02,2073.76,2072.73,2073.70,45,55
2026-06-04T08:32:00Z,2073.70,2076.38,2073.70,2076.18,31,42
2026-06-04T08:33:00Z,2076.18,2077.21,2076.01,2077.13,41,44
2026-06-04T08:34:00Z,2077.13,2077.88,2075.67,2075.67,43,41
2026-06-04T08:35:00Z,2075.67,2075.80,2074.52,2075.55,29,43
2026-06-04T08:36:00Z,2075.55,2076.39,2075.09,2076.19,31,50
2026-06-04T08:37:00Z,2076.19,2077.66,2075.53,2077.38,34,33
2026-06-04T08:38:00Z,2077.38,2078.79,2077.38,2078.79,30,42
2026-06-04T08:39:00Z,2078.79,2079.11,2078.55,2078.97,35,46
2026-06-04T08:40:00Z,2078.97,2079.50,2078.31,2078.31,42,47
2026-06-04T08:41:00Z,2078.31,2081.40,2078.31,2080.78,40,42
2026-06-04T08:42:00Z,2080.78,2082.27,2080.78,2081.76,39,45
2026-06-04T08:43:00Z,2081.76,2083.22,2081.65,2083.12,38,36
2026-06-04T08:44:00Z,2083.12,2083.25,2082.22,2082.67,27,46
2026-06-04T08:45:00Z,2082.67,2083.39,2082.33,2082.78,26,46
2026-06-04T08:46:00Z,2082.78,2084.66,2082.72,2084.66,35,47
2026-06-04T08:47:00Z,2084.66,2084.66,2082.92,2083.17,35,38
2026-06-04T08:48:00Z,2083.17,2083.38,2082.12,2082.12,38,37
2026-06-04T08:49:00Z,2082.12,2082.53,2080.94,2080.94,29,48
2026-06-04T08:50:00Z,2080.94,2082.57,2080.94,2081.97,26,39
2026-06-04T08:51:00Z,2081.97,2082.64,2081.61,2082.64,26,39
2026-06-04T08:52:00Z,2082.64,2083.15,2082.36,2082.38,27,42
2026-06-04T08:53:00Z,2082.38,2082.58,2081.50,2081.97,39,31
2026-06-04T08:54:00Z,2081.97,2082.23,2081.09,2081.42,25,34
2026-06-04T08:55:00Z,2081.42,2083.03,2081.30,2083.03,35,46
2026-06-04T08:56:00Z,2083.03,2084.25,2082.97,2084.25,23,31
2026-06-04T08:57:00Z,2084.25,2084.70,2082.75,2082.79,27,42
2026-06-04T08:58:00Z,2082.79,2083.24,2082.06,2083.03,31,39
2026-06-04T08:59:00Z,2083.03,2083.35,2080.02,2080.43,30,49
2026-06-04T09:00:00Z,2080.43,2081.07,2079.28,2079.37,29,42
2026-06-04T09:01:00Z,2079.37,2079.37,2078.04,2079.07,38,35
2026-06-04T09:02:00Z,2079.07,2079.47,2078.67,2079.39,34,32
2026-06-04T09:03:00Z,2079.39,2081.71,2079.39,2081.37,24,49
2026-06-04T09:04:00Z,2081.37,2081.42,2080.14,2080.34,23,34
2026-06-04T09:05:00Z,2080.34,2080.64,2080.01,2080.21,29,48
2026-06-04T09:06:00Z,2080.21,2081.01,2080.21,2080.64,32,39
2026-06-04T09:07:00Z,2080.64,2080.64,2078.65,2078.69,24,42
2026-06-04T09:08:00Z,2078.69,2079.11,2077.47,2078.53,21,48
2026-06-04T09:09:00Z,2078.53,2078.73,2078.19,2078.42,32,44
2026-06-04T09:10:00Z,2078.42,2078.42,2076.80,2076.80,32,38
2026-06-04T09:11:00Z,2076.80,2077.10,2075.35,2075.96,25,31
2026-06-04T09:12:00Z,2075.96,2077.71,2075.96,2077.71,30,33
2026-06-04T09:13:00Z,2077.71,2079.09,2077.71,2079.09,24,30
2026-06-04T09:14:00Z,2079.09,2080.02,2077.91,2077.91,18,44
2026-06-04T09:15:00Z,2077.91,2078.71,2077.33,2078.71,31,36
2026-06-04T09:16:00Z,2078.71,2079.71,2078.57,2078.63,30,30
2026-06-04T09:17:00Z,2078.63,2079.54,2078.52,2079.54,27,48
2026-06-04T09:18:00Z,2079.54,2080.23,2078.64,2079.96,17,42
2026-06-04T09:19:00Z,2079.96,2080.89,2079.24,2079.24,29,44
2026-06-04T09:20:00Z,2079.24,2079.65,2078.79,2078.79,27,41
2026-06-04T09:21:00Z,2078.79,2078.79,2077.72,2077.72,32,44
2026-06-04T09:22:00Z,2077.72,2078.24,2076.58,2076.67,31,33
2026-06-04T09:23:00Z,2076.67,2077.55,2075.84,2075.84,23,41
2026-06-04T09:24:00Z,2075.84,2077.01,2075.78,2076.61,17,47
2026-06-04T09:25:00Z,2076.61,2077.17,2075.66,2075.86,30,42
2026-06-04T09:26:00Z,2075.86,2078.78,2075.86,2078.69,22,41
2026-06-04T09:27:00Z,2078.69,2079.31,2078.60,2078.83,23,42
2026-06-04T09:28:00Z,2078.83,2078.99,2077.53,2077.85,31,33
2026-06-04T09:29:00Z,2077.85,2078.84,2077.74,2078.49,29,34
2026-06-04T09:30:00Z,2078.49,2078.49,2077.06,2077.45,29,33
2026-06-04T09:31:00Z,2077.45,2077.87,2077.15,2077.28,16,32
2026-06-04T09:32:00Z,2077.28,2077.66,2076.90,2077.45,16,44
2026-06-04T09:33:00Z,2077.45,2079.00,2077.45,2079.00,21,45
2026-06-04T09:34:00Z,2079.00,2080.01,2077.99,2080.01,22,31
2026-06-04T09:35:00Z,2080.01,2080.01,2079.26,2079.27,16,44
2026-06-04T09:36:00Z,2079.27,2079.27,2077.47,2077.47,17,38
2026-06-04T09:37:00Z,2077.47,2079.60,2077.47,2079.60,13,34
2026-06-04T09:38:00Z,2079.60,2079.60,2078.04,2078.67,27,42
2026-06-04T09:39:00Z,2078.67,2079.36,2078.46,2079.24,20,39
2026-06-04T09:40:00Z,2079.24,2079.78,2078.81,2079.47,26,41
2026-06-04T09:41:00Z,2079.47,2080.53,2079.47,2079.85,22,36
2026-06-04T09:42:00Z,2079.85,2080.43,2079.18,2080.38,26,35
2026-06-04T09:43:00Z,2080.38,2081.14,2080.38,2081.11,26,47
2026-06-04T09:44:00Z,2081.11,2081.24,2080.37,2080.52,15,41
2026-06-04T09:45:00Z,2080.52,2080.76,2079.02,2079.02,20,42
2026-06-04T09:46:00Z,2079.02,2081.66,2078.91,2081.63,18,45
2026-06-04T09:47:00Z,2081.63,2081.68,2079.89,2079.89,19,32
2026-06-04T09:48:00Z,2079.89,2080.44,2079.42,2080.08,20,32
2026-06-04T09:49:00Z,2080.08,2081.03,2079.76,2081.03,11,35
2026-06-04T09:50:00Z,2081.03,2082.34,2080.64,2081.22,12,32
2026-06-04T09:51:00Z,2081.22,2081.81,2080.57,2081.39,22,35
2026-06-04T09:52:00Z,2081.39,2081.63,2080.28,2080.79,19,36
2026-06-04T09:53:00Z,2080.79,2080.79,2080.04,2080.33,17,41
2026-06-04T09:54:00Z,2080.33,2080.96,2079.39,2079.68,25,45
2026-06-04T09:55:00Z,2079.68,2080.82,2079.40,2079.68,12,31
2026-06-04T09:56:00Z,2079.68,2079.68,2078.70,2078.96,13,30
2026-06-04T09:57:00Z,2078.96,2080.19,2078.46,2079.79,19,44
2026-06-04T09:58:00Z,2079.79,2080.71,2079.68,2079.68,22,44
2026-06-04T09:59:00Z,2079.68,2081.77,2079.68,2081.77,12,43
2026-06-04T10:00:00Z,2081.77,2081.77,2080.62,2081.66,15,40
2026-06-04T10:01:00Z,2081.66,2083.25,2081.59,2082.56,22,39
2026-06-04T10:02:00Z,2082.56,2084.19,2082.33,2084.11,18,39
2026-06-04T10:03:00Z,2084.11,2084.30,2083.33,2083.84,10,44
2026-06-04T10:04:00Z,2083.84,2085.47,2083.84,2085.47,23,38
2026-06-04T10:05:00Z,2085.47,2085.91,2084.40,2085.26,20,47
2026-06-04T10:06:00Z,2085.26,2085.92,2084.15,2084.15,21,48
2026-06-04T10:07:00Z,2084.15,2084.24,2083.32,2083.51,10,35
2026-06-04T10:08:00Z,2083.51,2084.37,2083.01,2084.37,19,48
2026-06-04T10:09:00Z,2084.37,2085.61,2084.37,2084.97,10,37
2026-06-04T10:10:00Z,2084.97,2084.97,2084.02,2084.52,25,44
2026-06-04T10:11:00Z,2084.52,2085.26,2083.47,2083.47,14,34
2026-06-04T10:12:00Z,2083.47,2084.49,2083.22,2084.36,23,37
2026-06-04T10:13:00Z,2084.36,2085.20,2083.85,2085.20,13,44
2026-06-04T10:14:00Z,2085.20,2086.00,2084.77,2084.77,15,33
2026-06-04T10:15:00Z,2084.77,2085.94,2084.77,2085.07,24,47
2026-06-04T10:16:00Z,2085.07,2086.07,2084.91,2086.07,9,44
2026-06-04T10:17:00Z,2086.07,2087.78,2084.97,2087.65,13,39
2026-06-04T10:18:00Z,2087.65,2089.04,2087.65,2088.60,24,33
2026-06-04T10:19:00Z,2088.60,2088.90,2087.47,2088.42,16,30
2026-06-04T10:20:00Z,2088.42,2088.42,2086.55,2087.13,13,35
2026-06-04T10:21:00Z,2087.13,2087.77,2086.89,2087.12,22,30
2026-06-04T10:22:00Z,2087.12,2087.93,2086.94,2087.60,22,32
2026-06-04T10:23:00Z,2087.60,2087.60,2086.34,2087.55,11,42
2026-06-04T10:24:00Z,2087.55,2087.55,2086.65,2086.65,8,44
2026-06-04T10:25:00Z,2086.65,2086.87,2085.64,2085.80,7,33
2026-06-04T10:26:00Z,2085.80,2085.87,2085.05,2085.87,14,36
2026-06-04T10:27:00Z,2085.87,2085.87,2084.72,2085.69,9,47
2026-06-04T10:28:00Z,2085.69,2086.49,2085.34,2086.49,7,34
2026-06-04T10:29:00Z,2086.49,2086.59,2085.75,2086.59,19,33
2026-06-04T10:30:00Z,2086.59,2088.59,2086.59,2088.59,22,41
2026-06-04T10:31:00Z,2088.59,2089.33,2088.59,2088.69,10,37
2026-06-04T10:32:00Z,2088.69,2090.15,2088.39,2089.99,21,34
2026-06-04T10:33:00Z,2089.99,2089.99,2088.34,2088.97,18,38
2026-06-04T10:34:00Z,2088.97,2089.49,2088.31,2088.31,19,37
2026-06-04T10:35:00Z,2088.31,2088.45,2087.32,2087.99,18,32
2026-06-04T10:36:00Z,2087.99,2088.21,2086.99,2087.12,19,32
2026-06-04T10:37:00Z,2087.12,2087.12,2086.24,2086.24,8,37
2026-06-04T10:38:00Z,2086.24,2086.24,2084.72,2085.02,10,36
2026-06-04T10:39:00Z,2085.02,2085.68,2084.64,2084.64,8,33
2026-06-04T10:40:00Z,2084.64,2085.09,2083.51,2083.89,21,38
2026-06-04T10:41:00Z,2083.89,2084.80,2083.56,2084.20,12,39
2026-06-04T10:42:00Z,2084.20,2084.80,2083.59,2084.61,15,30
2026-06-04T10:43:00Z,2084.61,2085.46,2084.27,2085.24,19,48
2026-06-04T10:44:00Z,2085.24,2085.24,2083.54,2083.58,21,39
2026-06-04T10:45:00Z,2083.58,2084.64,2083.36,2084.64,9,35
2026-06-04T10:46:00Z,2084.64,2086.08,2084.48,2086.08,8,45
2026-06-04T10:47:00Z,2086.08,2086.36,2085.25,2085.25,10,34
2026-06-04T10:48:00Z,2085.25,2085.27,2084.53,2084.65,21,41
2026-06-04T10:49:00Z,2084.65,2085.86,2084.65,2085.86,9,30
2026-06-04T10:50:00Z,2085.86,2087.86,2085.20,2087.35,6,36
2026-06-04T10:51:00Z,2087.35,2087.37,2086.71,2086.84,7,37
2026-06-04T10:52:00Z,2086.84,2086.84,2085.64,2086.72,15,37
2026-06-04T10:53:00Z,2086.72,2087.37,2086.48,2087.19,11,39
2026-06-04T10:54:00Z,2087.19,2087.37,2085.44,2085.81,22,33
2026-06-04T10:55:00Z,2085.81,2086.32,2085.58,2085.59,22,33
2026-06-04T10:56:00Z,2085.59,2085.59,2084.67,2085.57,9,41
2026-06-04T10:57:00Z,2085.57,2085.91,2085.01,2085.01,17,38
2026-06-04T10:58:00Z,2085.01,2085.40,2084.62,2084.62,9,48
2026-06-04T10:59:00Z,2084.62,2086.29,2084.62,2086.05,22,36
2026-06-04T11:00:00Z,2086.05,2088.25,2085.96,2088.14,19,45
2026-06-04T11:01:00Z,2088.14,2089.54,2088.14,2089.03,8,38
2026-06-04T11:02:00Z,2089.03,2089.74,2088.88,2089.48,16,46
2026-06-04T11:03:00Z,2089.48,2090.97,2089.48,2090.61,15,45
2026-06-04T11:04:00Z,2090.61,2091.79,2090.17,2091.51,14,39
2026-06-04T11:05:00Z,2091.51,2091.78,2089.31,2089.31,18,30
2026-06-04T11:06:00Z,2089.31,2089.31,2087.97,2088.80,16,36
2026-06-04T11:07:00Z,2088.80,2089.50,2088.80,2089.50,14,47
2026-06-04T11:08:00Z,2089.50,2089.59,2088.04,2089.24,7,42
2026-06-04T11:09:00Z,2089.24,2090.38,2089.24,2089.73,13,31
2026-06-04T11:10:00Z,2089.73,2091.10,2089.59,2090.81,21,32
2026-06-04T11:11:00Z,2090.81,2090.81,2088.81,2088.81,14,32
2026-06-04T11:12:00Z,2088.81,2089.15,2088.27,2088.27,7,44
2026-06-04T11:13:00Z,2088.27,2089.23,2087.79,2089.23,18,34
2026-06-04T11:14:00Z,2089.23,2089.38,2088.65,2089.21,7,36
2026-06-04T11:15:00Z,2089.21,2089.39,2088.31,2088.51,15,41
2026-06-04T11:16:00Z,2088.51,2089.94,2088.47,2089.94,8,40
2026-06-04T11:17:00Z,2089.94,2089.94,2088.70,2088.79,20,32
2026-06-04T11:18:00Z,2088.79,2089.80,2088.48,2088.48,22,38
2026-06-04T11:19:00Z,2088.48,2088.73,2088.03,2088.36,13,45
2026-06-04T11:20:00Z,2088.36,2089.05,2088.14,2089.05,13,43
2026-06-04T11:21:00Z,2089.05,2089.05,2086.33,2086.33,15,32
2026-06-04T11:22:00Z,2086.33,2086.33,2085.52,2085.62,11,30
2026-06-04T11:23:00Z,2085.62,2086.48,2085.62,2085.79,21,47
2026-06-04T11:24:00Z,2085.79,2086.41,2085.57,2085.81,18,40
2026-06-04T11:25:00Z,2085.81,2085.94,2085.10,2085.94,12,42
2026-06-04T11:26:00Z,2085.94,2086.44,2085.41,2085.93,10,31
2026-06-04T11:27:00Z,2085.93,2086.80,2085.73,2086.49,7,32
2026-06-04T11:28:00Z,2086.49,2086.49,2084.08,2084.08,15,45
2026-06-04T11:29:00Z,2084.08,2084.55,2082.73,2082.73,9,40
2026-06-04T11:30:00Z,2082.73,2082.82,2081.89,2082.63,12,32
2026-06-04T11:31:00Z,2082.63,2082.68,2081.31,2081.31,10,36
2026-06-04T11:32:00Z,2081.31,2082.52,2081.31,2082.05,19,41
2026-06-04T11:33:00Z,2082.05,2082.19,2080.94,2082.11,13,36
2026-06-04T11:34:00Z,2082.11,2083.30,2081.96,2082.69,7,31
2026-06-04T11:35:00Z,2082.69,2082.69,2081.27,2082.44,12,45
2026-06-04T11:36:00Z,2082.44,2083.07,2082.44,2083.07,19,37
2026-06-04T11:37:00Z,2083.07,2083.07,2081.37,2081.37,22,45
2026-06-04T11:38:00Z,2081.37,2081.96,2081.18,2081.55,7,38
2026-06-04T11:39:00Z,2081.55,2082.16,2081.26,2082.11,15,43
2026-06-04T11:40:00Z,2082.11,2083.18,2082.01,2082.38,24,34
2026-06-04T11:41:00Z,2082.38,2083.85,2082.32,2082.32,10,43
2026-06-04T11:42:00Z,2082.32,2082.38,2080.05,2080.05,17,41
2026-06-04T11:43:00Z,2080.05,2080.34,2078.50,2079.99,8,32
2026-06-04T11:44:00Z,2079.99,2081.31,2079.86,2080.81,20,34
2026-06-04T11:45:00Z,2080.81,2080.81,2079.62,2080.14,8,43
2026-06-04T11:46:00Z,2080.14,2080.14,2078.07,2078.07,10,42
2026-06-04T11:47:00Z,2078.07,2078.34,2076.78,2077.89,22,38
2026-06-04T11:48:00Z,2077.89,2078.90,2077.50,2077.50,12,42
2026-06-04T11:49:00Z,2077.50,2078.34,2076.50,2076.80,11,41
2026-06-04T11:50:00Z,2076.80,2076.98,2076.14,2076.74,25,46
2026-06-04T11:51:00Z,2076.74,2076.74,2074.94,2075.91,19,45
2026-06-04T11:52:00Z,2075.91,2076.50,2075.88,2075.88,17,42
2026-06-04T11:53:00Z,2075.88,2076.57,2075.62,2075.82,22,41
2026-06-04T11:54:00Z,2075.82,2076.66,2075.61,2075.64,23,46
2026-06-04T11:55:00Z,2075.64,2075.96,2075.25,2075.59,21,41
2026-06-04T11:56:00Z,2075.59,2077.12,2075.48,2076.78,24,43
2026-06-04T11:57:00Z,2076.78,2077.03,2076.25,2077.03,24,41
2026-06-04T11:58:00Z,2077.03,2077.45,2076.33,2076.78,23,35
2026-06-04T11:59:00Z,2076.78,2076.78,2074.92,2075.05,18,44
2026-06-04T12:00:00Z,2075.05,2075.86,2074.56,2075.09,12,42
2026-06-04T12:01:00Z,2075.09,2075.37,2072.50,2073.07,22,38
2026-06-04T12:02:00Z,2073.07,2073.19,2072.31,2072.97,19,42
2026-06-04T12:03:00Z,2072.97,2072.97,2072.09,2072.75,18,41
2026-06-04T12:04:00Z,2072.75,2074.05,2072.75,2073.77,10,46
2026-06-04T12:05:00Z,2073.77,2073.97,2073.00,2073.00,18,39
2026-06-04T12:06:00Z,2073.00,2073.00,2071.01,2071.01,27,40
2026-06-04T12:07:00Z,2071.01,2072.33,2071.01,2071.68,16,48
2026-06-04T12:08:00Z,2071.68,2072.20,2071.10,2071.10,11,42
2026-06-04T12:09:00Z,2071.10,2071.86,2070.59,2070.59,23,46
2026-06-04T12:10:00Z,2070.59,2072.44,2070.59,2071.83,26,38
2026-06-04T12:11:00Z,2071.83,2072.25,2070.70,2070.70,18,39
2026-06-04T12:12:00Z,2070.70,2071.29,2070.35,2070.57,16,44
2026-06-04T12:13:00Z,2070.57,2070.57,2069.70,2070.57,15,39
2026-06-04T12:14:00Z,2070.57,2071.32,2070.57,2071.32,14,36
2026-06-04T12:15:00Z,2071.32,2071.75,2070.46,2070.52,16,44
2026-06-04T12:16:00Z,2070.52,2072.76,2070.52,2072.11,15,42
2026-06-04T12:17:00Z,2072.11,2072.77,2071.98,2071.98,16,35
2026-06-04T12:18:00Z,2071.98,2071.99,2070.23,2070.23,16,45
2026-06-04T12:19:00Z,2070.23,2070.60,2069.52,2069.52,19,39
2026-06-04T12:20:00Z,2069.52,2070.57,2069.27,2070.54,19,47
2026-06-04T12:21:00Z,2070.54,2071.03,2069.13,2069.13,13,42
2026-06-04T12:22:00Z,2069.13,2069.61,2068.79,2069.38,18,39
2026-06-04T12:23:00Z,2069.38,2069.66,2068.85,2069.23,13,30
2026-06-04T12:24:00Z,2069.23,2069.43,2068.81,2069.37,21,47
2026-06-04T12:25:00Z,2069.37,2070.46,2069.22,2069.22,14,38
2026-06-04T12:26:00Z,2069.22,2070.28,2069.00,2070.28,25,39
2026-06-04T12:27:00Z,2070.28,2070.57,2069.50,2069.50,23,33
2026-06-04T12:28:00Z,2069.50,2070.39,2068.79,2070.39,18,48
2026-06-04T12:29:00Z,2070.39,2071.13,2069.34,2069.45,31,30
2026-06-04T12:30:00Z,2069.45,2069.45,2067.86,2068.15,18,43
2026-06-04T12:31:00Z,2068.15,2068.22,2067.45,2067.45,18,38
2026-06-04T12:32:00Z,2067.45,2067.45,2065.75,2066.45,24,35
2026-06-04T12:33:00Z,2066.45,2066.45,2065.29,2065.52,16,47
2026-06-04T12:34:00Z,2065.52,2067.67,2065.52,2067.53,26,36
2026-06-04T12:35:00Z,2067.53,2068.32,2067.53,2068.01,26,41
2026-06-04T12:36:00Z,2068.01,2068.01,2066.19,2066.25,24,40
2026-06-04T12:37:00Z,2066.25,2067.12,2065.40,2067.12,26,41
2026-06-04T12:38:00Z,2067.12,2067.90,2067.00,2067.81,17,33
2026-06-04T12:39:00Z,2067.81,2068.31,2067.81,2067.91,19,45
2026-06-04T12:40:00Z,2067.91,2068.63,2067.58,2067.99,27,37
2026-06-04T12:41:00Z,2067.99,2068.09,2066.78,2067.36,27,35
2026-06-04T12:42:00Z,2067.36,2067.81,2067.00,2067.61,33,35
2026-06-04T12:43:00Z,2067.61,2067.80,2066.84,2067.27,23,40
2026-06-04T12:44:00Z,2067.27,2067.54,2066.38,2066.70,31,35
2026-06-04T12:45:00Z,2066.70,2068.49,2066.70,2067.92,34,41
2026-06-04T12:46:00Z,2067.92,2067.98,2067.14,2067.54,29,43
2026-06-04T12:47:00Z,2067.54,2067.60,2065.86,2066.17,24,36
2026-06-04T12:48:00Z,2066.17,2066.37,2065.51,2065.51,33,41
2026-06-04T12:49:00Z,2065.51,2066.45,2065.17,2065.93,32,48
2026-06-04T12:50:00Z,2065.93,2065.93,2063.76,2064.03,32,42
2026-06-04T12:51:00Z,2064.03,2064.51,2062.90,2062.90,34,34
2026-06-04T12:52:00Z,2062.90,2062.90,2061.51,2061.51,35,31
2026-06-04T12:53:00Z,2061.51,2062.88,2061.51,2062.88,35,40
2026-06-04T12:54:00Z,2062.88,2063.28,2062.67,2063.28,35,40
2026-06-04T12:55:00Z,2063.28,2063.28,2061.55,2061.87,29,47
2026-06-04T12:56:00Z,2061.87,2063.30,2061.87,2063.28,30,38
2026-06-04T12:57:00Z,2063.28,2063.34,2062.68,2063.16,30,36
2026-06-04T12:58:00Z,2063.16,2063.16,2062.56,2062.93,30,43
2026-06-04T12:59:00Z,2062.93,2064.45,2062.77,2064.45,35,44
2026-06-04T13:00:00Z,2064.45,2064.68,2064.11,2064.32,25,32
2026-06-04T13:01:00Z,2064.32,2065.18,2063.51,2064.83,22,44
2026-06-04T13:02:00Z,2064.83,2065.76,2064.83,2065.69,34,41
2026-06-04T13:03:00Z,2065.69,2068.27,2065.48,2068.27,38,36
2026-06-04T13:04:00Z,2068.27,2068.27,2067.44,2068.03,32,44
2026-06-04T13:05:00Z,2068.03,2069.76,2067.51,2069.46,30,43
2026-06-04T13:06:00Z,2069.46,2070.01,2069.18,2069.18,35,43
2026-06-04T13:07:00Z,2069.18,2070.84,2069.18,2070.84,25,30
2026-06-04T13:08:00Z,2070.84,2071.81,2070.20,2071.75,30,45
2026-06-04T13:09:00Z,2071.75,2073.84,2071.75,2073.23,28,30
2026-06-04T13:10:00Z,2073.23,2073.40,2072.50,2073.10,28,39
2026-06-04T13:11:00Z,2073.10,2073.10,2071.20,2071.30,29,32
2026-06-04T13:12:00Z,2071.30,2071.30,2070.25,2070.68,30,43
2026-06-04T13:13:00Z,2070.68,2071.06,2070.20,2070.87,37,43
2026-06-04T13:14:00Z,2070.87,2071.61,2069.86,2069.86,29,30
2026-06-04T13:15:00Z,2069.86,2069.86,2067.63,2067.63,30,48
2026-06-04T13:16:00Z,2067.63,2068.58,2067.63,2068.10,29,48
2026-06-04T13:17:00Z,2068.10,2069.12,2067.71,2068.28,39,46
2026-06-04T13:18:00Z,2068.28,2069.15,2068.22,2069.07,35,31
2026-06-04T13:19:00Z,2069.07,2069.45,2068.27,2069.24,41,30
2026-06-04T13:20:00Z,2069.24,2070.53,2069.11,2070.16,40,31
2026-06-04T13:21:00Z,2070.16,2070.19,2068.66,2068.66,34,32
2026-06-04T13:22:00Z,2068.66,2069.41,2068.37,2068.80,29,44
2026-06-04T13:23:00Z,2068.80,2068.82,2067.25,2067.25,45,32
2026-06-04T13:24:00Z,2067.25,2068.74,2067.08,2068.74,43,48
2026-06-04T13:25:00Z,2068.74,2068.74,2067.39,2067.39,33,46
2026-06-04T13:26:00Z,2067.39,2067.40,2066.95,2067.01,41,37
2026-06-04T13:27:00Z,2067.01,2068.19,2067.01,2067.92,35,46
2026-06-04T13:28:00Z,2067.92,2067.95,2065.99,2066.24,30,35
2026-06-04T13:29:00Z,2066.24,2068.48,2066.15,2068.07,40,43
2026-06-04T13:30:00Z,2068.07,2068.07,2066.22,2066.22,31,38
2026-06-04T13:31:00Z,2066.22,2066.80,2065.84,2066.31,36,42
2026-06-04T13:32:00Z,2066.31,2066.79,2066.09,2066.79,46,33
2026-06-04T13:33:00Z,2066.79,2067.03,2066.13,2066.24,34,32
2026-06-04T13:34:00Z,2066.24,2067.42,2066.24,2067.42,48,33
2026-06-04T13:35:00Z,2067.42,2067.78,2065.99,2065.99,37,47
2026-06-04T13:36:00Z,2065.99,2066.23,2065.26,2065.59,40,48
2026-06-04T13:37:00Z,2065.59,2065.63,2065.00,2065.27,45,35
2026-06-04T13:38:00Z,2065.27,2066.08,2065.22,2066.08,38,37
2026-06-04T13:39:00Z,2066.08,2066.99,2065.27,2065.27,37,45
2026-06-04T13:40:00Z,2065.27,2065.27,2063.90,2064.41,41,36
2026-06-04T13:41:00Z,2064.41,2065.50,2064.14,2065.50,51,43
2026-06-04T13:42:00Z,2065.50,2065.50,2064.00,2064.36,42,36
2026-06-04T13:43:00Z,2064.36,2064.36,2063.15,2063.98,40,48
2026-06-04T13:44:00Z,2063.98,2064.58,2063.87,2064.58,50,33
2026-06-04T13:45:00Z,2064.58,2064.58,2063.02,2064.30,46,44
2026-06-04T13:46:00Z,2064.30,2064.57,2063.14,2063.14,49,39
2026-06-04T13:47:00Z,2063.14,2063.74,2062.91,2063.71,50,37
2026-06-04T13:48:00Z,2063.71,2063.71,2061.40,2061.40,42,31
2026-06-04T13:49:00Z,2061.40,2062.99,2061.28,2062.65,40,34
2026-06-04T13:50:00Z,2062.65,2062.65,2061.23,2061.39,47,31
2026-06-04T13:51:00Z,2061.39,2061.39,2060.16,2060.16,51,42
2026-06-04T13:52:00Z,2060.16,2061.03,2059.52,2059.52,51,32
2026-06-04T13:53:00Z,2059.52,2060.53,2059.41,2060.40,51,45
2026-06-04T13:54:00Z,2060.40,2060.40,2057.96,2057.96,50,46
2026-06-04T13:55:00Z,2057.96,2058.31,2057.25,2058.02,54,33
2026-06-04T13:56:00Z,2058.02,2058.02,2056.73,2057.26,40,39
2026-06-04T13:57:00Z,2057.26,2058.01,2056.37,2058.01,43,31
2026-06-04T13:58:00Z,2058.01,2058.47,2057.42,2057.90,50,47
2026-06-04T13:59:00Z,2057.90,2058.56,2057.90,2058.42,51,33
2026-06-05T08:00:00Z,2046.76,2046.99,2045.52,2045.52,58,134
2026-06-05T08:01:00Z,2045.52,2046.27,2045.20,2045.29,43,127
2026-06-05T08:02:00Z,2045.29,2046.19,2045.13,2045.42,46,135
2026-06-05T08:03:00Z,2045.42,2045.43,2043.56,2043.88,50,109
2026-06-05T08:04:00Z,2043.88,2044.43,2043.59,2043.59,43,98
2026-06-05T08:05:00Z,2043.59,2045.73,2043.59,2045.73,48,93
2026-06-05T08:06:00Z,2045.73,2047.03,2045.64,2046.44,44,89
2026-06-05T08:07:00Z,2046.44,2047.30,2046.44,2046.77,53,91
2026-06-05T08:08:00Z,2046.77,2047.54,2046.10,2047.50,53,96
2026-06-05T08:09:00Z,2047.50,2047.64,2046.05,2046.17,48,61
2026-06-05T08:10:00Z,2046.17,2046.51,2045.54,2046.17,46,90
2026-06-05T08:11:00Z,2046.17,2047.12,2045.89,2046.81,48,71
2026-06-05T08:12:00Z,2046.81,2047.67,2046.61,2047.36,50,67
2026-06-05T08:13:00Z,2047.36,2047.90,2046.89,2047.04,48,56
2026-06-05T08:14:00Z,2047.04,2047.27,2046.20,2046.75,38,62
2026-06-05T08:15:00Z,2046.75,2047.90,2046.51,2047.49,38,49
2026-06-05T08:16:00Z,2047.49,2048.11,2047.15,2048.11,51,70
2026-06-05T08:17:00Z,2048.11,2048.11,2047.23,2047.63,38,51
2026-06-05T08:18:00Z,2047.63,2047.63,2045.92,2046.52,49,60
2026-06-05T08:19:00Z,2046.52,2046.83,2046.07,2046.70,49,48
2026-06-05T08:20:00Z,2046.70,2047.18,2046.00,2046.92,34,48
2026-06-05T08:21:00Z,2046.92,2047.08,2045.59,2045.59,39,57
2026-06-05T08:22:00Z,2045.59,2045.75,2044.76,2045.53,50,53
2026-06-05T08:23:00Z,2045.53,2046.75,2045.17,2046.75,47,46
2026-06-05T08:24:00Z,2046.75,2047.91,2046.75,2047.63,33,45
2026-06-05T08:25:00Z,2047.63,2048.25,2046.78,2048.25,38,39
2026-06-05T08:26:00Z,2048.25,2048.28,2047.67,2047.67,42,56
2026-06-05T08:27:00Z,2047.67,2049.51,2047.67,2049.51,36,55
2026-06-05T08:28:00Z,2049.51,2049.51,2048.39,2049.00,32,40
2026-06-05T08:29:00Z,2049.00,2049.81,2049.00,2049.56,44,55
2026-06-05T08:30:00Z,2049.56,2050.96,2049.48,2050.62,47,37
2026-06-05T08:31:00Z,2050.62,2050.73,2049.51,2049.51,37,45
2026-06-05T08:32:00Z,2049.51,2049.87,2049.38,2049.77,38,40
2026-06-05T08:33:00Z,2049.77,2050.73,2049.77,2050.54,34,55
2026-06-05T08:34:00Z,2050.54,2051.16,2049.63,2049.95,45,35
2026-06-05T08:35:00Z,2049.95,2049.98,2049.05,2049.67,38,53
2026-06-05T08:36:00Z,2049.67,2049.75,2048.54,2048.86,39,50
2026-06-05T08:37:00Z,2048.86,2049.66,2048.62,2049.66,37,40
2026-06-05T08:38:00Z,2049.66,2049.66,2048.44,2048.95,38,42
2026-06-05T08:39:00Z,2048.95,2049.21,2047.95,2048.11,36,36
2026-06-05T08:40:00Z,2048.11,2048.85,2047.97,2048.46,35,33
2026-06-05T08:41:00Z,2048.46,2048.46,2047.93,2048.10,37,40
2026-06-05T08:42:00Z,2048.10,2049.27,2048.10,2049.27,43,32
2026-06-05T08:43:00Z,2049.27,2049.42,2047.29,2047.50,40,41
2026-06-05T08:44:00Z,2047.50,2048.29,2046.82,2046.82,35,46
2026-06-05T08:45:00Z,2046.82,2048.72,2046.82,2047.42,40,47
2026-06-05T08:46:00Z,2047.42,2047.94,2046.89,2047.94,32,45
2026-06-05T08:47:00Z,2047.94,2047.94,2046.00,2046.00,36,50
2026-06-05T08:48:00Z,2046.00,2046.35,2044.58,2045.91,35,45
2026-06-05T08:49:00Z,2045.91,2045.99,2044.99,2045.99,32,49
2026-06-05T08:50:00Z,2045.99,2046.59,2045.61,2045.80,36,32
2026-06-05T08:51:00Z,2045.80,2045.90,2044.84,2044.84,35,47
2026-06-05T08:52:00Z,2044.84,2046.62,2044.47,2046.62,26,39
2026-06-05T08:53:00Z,2046.62,2046.85,2045.72,2046.13,24,32
2026-06-05T08:54:00Z,2046.13,2046.45,2046.06,2046.13,35,38
2026-06-05T08:55:00Z,2046.13,2046.80,2046.02,2046.21,36,43
2026-06-05T08:56:00Z,2046.21,2046.21,2045.57,2046.02,39,49
2026-06-05T08:57:00Z,2046.02,2047.10,2045.07,2047.06,26,39
2026-06-05T08:58:00Z,2047.06,2047.06,2045.85,2046.24,36,46
2026-06-05T08:59:00Z,2046.24,2046.24,2044.86,2044.96,29,46
2026-06-05T09:00:00Z,2044.96,2045.31,2043.83,2043.83,32,40
2026-06-05T09:01:00Z,2043.83,2043.99,2042.91,2042.91,23,44
2026-06-05T09:02:00Z,2042.91,2044.35,2042.75,2043.34,36,41
2026-06-05T09:03:00Z,2043.34,2043.85,2043.26,2043.68,30,30
2026-06-05T09:04:00Z,2043.68,2044.17,2042.11,2042.11,27,34
2026-06-05T09:05:00Z,2042.11,2042.23,2041.03,2042.23,36,40
2026-06-05T09:06:00Z,2042.23,2042.23,2041.15,2041.78,28,45
2026-06-05T09:07:00Z,2041.78,2042.39,2041.74,2042.01,28,40
2026-06-05T09:08:00Z,2042.01,2042.77,2041.80,2042.19,35,47
2026-06-05T09:09:00Z,2042.19,2042.54,2041.24,2042.54,28,46
2026-06-05T09:10:00Z,2042.54,2042.55,2040.83,2041.10,28,41
2026-06-05T09:11:00Z,2041.10,2042.28,2040.64,2042.28,29,36
2026-06-05T09:12:00Z,2042.28,2042.60,2042.03,2042.25,28,36
2026-06-05T09:13:00Z,2042.25,2042.52,2040.42,2040.42,21,41
2026-06-05T09:14:00Z,2040.42,2040.42,2039.12,2040.04,31,39
2026-06-05T09:15:00Z,2040.04,2040.68,2039.78,2040.06,29,43
2026-06-05T09:16:00Z,2040.06,2040.06,2038.97,2039.68,32,34
2026-06-05T09:17:00Z,2039.68,2039.68,2038.61,2038.85,28,40
2026-06-05T09:18:00Z,2038.85,2039.05,2038.56,2038.56,22,38
2026-06-05T09:19:00Z,2038.56,2039.10,2038.22,2038.46,20,35
2026-06-05T09:20:00Z,2038.46,2038.74,2037.83,2037.83,32,36
2026-06-05T09:21:00Z,2037.83,2038.31,2036.40,2036.40,22,42
2026-06-05T09:22:00Z,2036.40,2036.48,2035.13,2036.31,32,32
2026-06-05T09:23:00Z,2036.31,2036.53,2035.46,2036.53,32,40
2026-06-05T09:24:00Z,2036.53,2036.78,2035.42,2035.50,19,30
2026-06-05T09:25:00Z,2035.50,2036.82,2035.50,2036.10,25,30
2026-06-05T09:26:00Z,2036.10,2036.89,2036.10,2036.22,25,37
2026-06-05T09:27:00Z,2036.22,2036.39,2035.62,2036.14,17,38
2026-06-05T09:28:00Z,2036.14,2037.27,2035.75,2035.78,27,31
2026-06-05T09:29:00Z,2035.78,2036.49,2035.55,2035.96,31,37
2026-06-05T09:30:00Z,2035.96,2036.59,2034.88,2034.88,20,38
2026-06-05T09:31:00Z,2034.88,2035.63,2034.27,2035.16,26,40
2026-06-05T09:32:00Z,2035.16,2036.10,2035.16,2035.87,29,48
2026-06-05T09:33:00Z,2035.87,2036.42,2034.49,2034.49,27,38
2026-06-05T09:34:00Z,2034.49,2034.69,2033.62,2033.62,15,30
2026-06-05T09:35:00Z,2033.62,2033.83,2032.76,2032.76,15,40
2026-06-05T09:36:00Z,2032.76,2035.78,2032.76,2035.20,23,45
2026-06-05T09:37:00Z,2035.20,2036.82,2035.20,2036.76,29,41
2026-06-05T09:38:00Z,2036.76,2037.62,2036.54,2036.82,18,37
2026-06-05T09:39:00Z,2036.82,2036.82,2035.62,2035.98,21,45
2026-06-05T09:40:00Z,2035.98,2036.37,2034.46,2034.46,21,39
2026-06-05T09:41:00Z,2034.46,2034.46,2033.20,2033.91,18,42
2026-06-05T09:42:00Z,2033.91,2034.28,2033.05,2033.05,16,32
2026-06-05T09:43:00Z,2033.05,2033.05,2032.28,2032.84,25,39
2026-06-05T09:44:00Z,2032.84,2033.66,2032.13,2032.13,20,44
2026-06-05T09:45:00Z,2032.13,2033.28,2031.81,2033.28,19,43
2026-06-05T09:46:00Z,2033.28,2033.54,2032.49,2032.75,20,48
2026-06-05T09:47:00Z,2032.75,2032.75,2031.42,2031.79,28,44
2026-06-05T09:48:00Z,2031.79,2032.27,2030.00,2030.00,14,33
2026-06-05T09:49:00Z,2030.00,2030.15,2029.39,2030.15,20,45
2026-06-05T09:50:00Z,2030.15,2031.09,2029.87,2029.93,26,37
2026-06-05T09:51:00Z,2029.93,2031.15,2029.93,2030.76,20,38
2026-06-05T09:52:00Z,2030.76,2031.76,2030.29,2030.96,19,33
2026-06-05T09:53:00Z,2030.96,2031.58,2030.28,2030.95,22,35
2026-06-05T09:54:00Z,2030.95,2031.31,2030.12,2031.31,19,41
2026-06-05T09:55:00Z,2031.31,2031.91,2030.73,2031.89,17,40
2026-06-05T09:56:00Z,2031.89,2032.01,2030.94,2031.20,17,44
2026-06-05T09:57:00Z,2031.20,2032.55,2031.20,2032.42,13,42
2026-06-05T09:58:00Z,2032.42,2032.68,2031.52,2032.55,19,33
2026-06-05T09:59:00Z,2032.55,2033.35,2032.54,2032.86,17,36
2026-06-05T10:00:00Z,2032.86,2033.36,2032.58,2032.82,12,48
2026-06-05T10:01:00Z,2032.82,2033.37,2031.97,2031.97,17,44
2026-06-05T10:02:00Z,2031.97,2032.28,2031.65,2031.65,18,37
2026-06-05T10:03:00Z,2031.65,2032.47,2031.35,2032.17,22,44
2026-06-05T10:04:00Z,2032.17,2033.96,2032.17,2033.96,12,32
2026-06-05T10:05:00Z,2033.96,2033.96,2032.79,2032.92,10,47
2026-06-05T10:06:00Z,2032.92,2033.65,2031.85,2033.65,9,36
2026-06-05T10:07:00Z,2033.65,2033.65,2031.32,2032.02,17,34
2026-06-05T10:08:00Z,2032.02,2032.16,2030.85,2030.85,13,30
2026-06-05T10:09:00Z,2030.85,2030.85,2028.99,2029.00,18,35
2026-06-05T10:10:00Z,2029.00,2029.72,2028.43,2029.03,25,43
2026-06-05T10:11:00Z,2029.03,2029.96,2028.82,2028.99,19,38
2026-06-05T10:12:00Z,2028.99,2029.76,2028.24,2029.41,13,36
2026-06-05T10:13:00Z,2029.41,2031.11,2029.41,2031.11,24,43
2026-06-05T10:14:00Z,2031.11,2031.51,2029.81,2030.24,8,33
2026-06-05T10:15:00Z,2030.24,2032.05,2030.24,2032.05,13,41
2026-06-05T10:16:00Z,2032.05,2033.17,2032.02,2032.79,15,36
2026-06-05T10:17:00Z,2032.79,2033.31,2032.41,2033.27,15,45
2026-06-05T10:18:00Z,2033.27,2033.34,2031.68,2031.68,18,31
2026-06-05T10:19:00Z,2031.68,2032.09,2031.31,2031.87,16,48
2026-06-05T10:20:00Z,2031.87,2032.28,2031.34,2032.16,13,48
2026-06-05T10:21:00Z,2032.16,2032.84,2032.13,2032.78,15,30
2026-06-05T10:22:00Z,2032.78,2033.68,2032.78,2033.64,10,33
2026-06-05T10:23:00Z,2033.64,2034.91,2033.64,2034.13,18,38
2026-06-05T10:24:00Z,2034.13,2035.59,2034.13,2034.76,12,36
2026-06-05T10:25:00Z,2034.76,2036.03,2034.73,2034.73,10,41
2026-06-05T10:26:00Z,2034.73,2034.81,2034.19,2034.63,14,37
2026-06-05T10:27:00Z,2034.63,2034.84,2033.45,2033.60,19,43
2026-06-05T10:28:00Z,2033.60,2036.42,2033.60,2036.42,20,36
2026-06-05T10:29:00Z,2036.42,2036.58,2035.40,2036.01,21,42
2026-06-05T10:30:00Z,2036.01,2036.63,2035.61,2036.44,22,30
2026-06-05T10:31:00Z,2036.44,2036.44,2034.71,2034.91,23,39
2026-06-05T10:32:00Z,2034.91,2036.14,2034.85,2035.90,9,33
2026-06-05T10:33:00Z,2035.90,2035.90,2034.43,2035.02,23,38
2026-06-05T10:34:00Z,2035.02,2035.59,2034.10,2034.21,19,39
2026-06-05T10:35:00Z,2034.21,2035.34,2033.75,2035.24,11,46
2026-06-05T10:36:00Z,2035.24,2035.70,2034.53,2034.98,7,35
2026-06-05T10:37:00Z,2034.98,2035.29,2033.89,2034.02,21,45
2026-06-05T10:38:00Z,2034.02,2034.51,2033.82,2034.02,6,30
2026-06-05T10:39:00Z,2034.02,2034.02,2033.34,2033.75,18,48
2026-06-05T10:40:00Z,2033.75,2034.54,2032.86,2032.86,13,47
2026-06-05T10:41:00Z,2032.86,2032.86,2030.61,2030.86,14,44
2026-06-05T10:42:00Z,2030.86,2031.65,2030.69,2031.43,10,37
2026-06-05T10:43:00Z,2031.43,2031.96,2030.65,2030.65,10,40
2026-06-05T10:44:00Z,2030.65,2030.65,2028.80,2029.36,22,31
2026-06-05T10:45:00Z,2029.36,2029.36,2026.72,2026.72,22,47
2026-06-05T10:46:00Z,2026.72,2026.99,2025.46,2025.46,17,38
2026-06-05T10:47:00Z,2025.46,2025.93,2025.04,2025.04,18,34
2026-06-05T10:48:00Z,2025.04,2025.69,2024.60,2024.99,8,33
2026-06-05T10:49:00Z,2024.99,2025.66,2024.99,2025.66,7,40
2026-06-05T10:50:00Z,2025.66,2026.16,2024.90,2026.12,16,36
2026-06-05T10:51:00Z,2026.12,2027.76,2025.94,2027.60,20,36
2026-06-05T10:52:00Z,2027.60,2027.99,2026.82,2027.60,12,38
2026-06-05T10:53:00Z,2027.60,2028.14,2027.09,2027.40,12,44
2026-06-05T10:54:00Z,2027.40,2028.31,2026.76,2028.31,16,32
2026-06-05T10:55:00Z,2028.31,2029.46,2028.00,2029.07,10,35
2026-06-05T10:56:00Z,2029.07,2029.86,2027.94,2029.86,15,37
2026-06-05T10:57:00Z,2029.86,2029.94,2028.80,2028.80,17,42
2026-06-05T10:58:00Z,2028.80,2028.93,2027.84,2027.84,6,39
2026-06-05T10:59:00Z,2027.84,2027.86,2026.81,2027.61,8,35
2026-06-05T11:00:00Z,2027.61,2029.19,2027.03,2029.19,11,43
2026-06-05T11:01:00Z,2029.19,2029.75,2028.70,2029.75,22,46
2026-06-05T11:02:00Z,2029.75,2029.75,2028.93,2029.49,20,42
2026-06-05T11:03:00Z,2029.49,2029.67,2027.31,2027.31,13,33
2026-06-05T11:04:00Z,2027.31,2027.31,2026.51,2026.92,19,48
2026-06-05T11:05:00Z,2026.92,2027.54,2026.78,2027.54,7,47
2026-06-05T11:06:00Z,2027.54,2028.31,2027.51,2028.22,10,31
2026-06-05T11:07:00Z,2028.22,2028.26,2027.43,2027.48,20,38
2026-06-05T11:08:00Z,2027.48,2027.50,2026.13,2027.35,18,34
2026-06-05T11:09:00Z,2027.35,2028.38,2027.22,2028.38,7,48
2026-06-05T11:10:00Z,2028.38,2028.74,2027.36,2027.96,7,32
2026-06-05T11:11:00Z,2027.96,2028.77,2027.96,2028.73,11,33
2026-06-05T11:12:00Z,2028.73,2029.29,2027.55,2027.62,11,30
2026-06-05T11:13:00Z,2027.62,2027.70,2026.25,2026.84,18,34
2026-06-05T11:14:00Z,2026.84,2027.04,2026.06,2026.13,8,31
2026-06-05T11:15:00Z,2026.13,2026.13,2024.16,2024.80,7,38
2026-06-05T11:16:00Z,2024.80,2024.80,2022.97,2023.27,19,31
2026-06-05T11:17:00Z,2023.27,2023.27,2021.86,2022.57,8,39
2026-06-05T11:18:00Z,2022.57,2023.92,2022.57,2023.92,6,40
2026-06-05T11:19:00Z,2023.92,2023.92,2022.15,2022.15,17,48
2026-06-05T11:20:00Z,2022.15,2022.15,2020.45,2021.38,9,31
2026-06-05T11:21:00Z,2021.38,2021.43,2020.20,2021.17,9,30
2026-06-05T11:22:00Z,2021.17,2021.49,2020.44,2020.44,20,47
2026-06-05T11:23:00Z,2020.44,2021.03,2019.98,2021.02,11,38
2026-06-05T11:24:00Z,2021.02,2021.75,2020.42,2021.75,8,32
2026-06-05T11:25:00Z,2021.75,2022.16,2021.39,2021.72,12,32
2026-06-05T11:26:00Z,2021.72,2022.02,2020.87,2022.02,7,37
2026-06-05T11:27:00Z,2022.02,2022.34,2021.27,2022.34,7,33
2026-06-05T11:28:00Z,2022.34,2022.89,2021.51,2022.89,19,32
2026-06-05T11:29:00Z,2022.89,2023.90,2022.51,2023.77,8,37
2026-06-05T11:30:00Z,2023.77,2023.86,2022.09,2023.80,21,31
2026-06-05T11:31:00Z,2023.80,2023.80,2022.41,2022.86,20,34
2026-06-05T11:32:00Z,2022.86,2022.86,2021.43,2022.07,22,48
2026-06-05T11:33:00Z,2022.07,2022.35,2021.15,2022.02,23,39
2026-06-05T11:34:00Z,2022.02,2022.02,2020.86,2021.71,7,32
2026-06-05T11:35:00Z,2021.71,2021.78,2020.34,2020.34,13,47
2026-06-05T11:36:00Z,2020.34,2021.53,2019.74,2021.53,15,43
2026-06-05T11:37:00Z,2021.53,2023.17,2021.08,2022.17,12,32
2026-06-05T11:38:00Z,2022.17,2022.57,2020.31,2020.31,17,44
2026-06-05T11:39:00Z,2020.31,2021.57,2020.04,2020.04,22,30
2026-06-05T11:40:00Z,2020.04,2020.56,2019.74,2020.56,20,35
2026-06-05T11:41:00Z,2020.56,2020.76,2020.10,2020.42,12,35
2026-06-05T11:42:00Z,2020.42,2020.65,2019.53,2019.68,23,44
2026-06-05T11:43:00Z,2019.68,2020.97,2019.68,2020.89,23,43
2026-06-05T11:44:00Z,2020.89,2022.69,2020.81,2021.98,16,30
2026-06-05T11:45:00Z,2021.98,2022.18,2021.49,2021.71,21,44
2026-06-05T11:46:00Z,2021.71,2022.44,2021.42,2022.08,22,46
2026-06-05T11:47:00Z,2022.08,2022.10,2020.24,2020.27,16,38
2026-06-05T11:48:00Z,2020.27,2020.27,2019.52,2020.03,19,36
2026-06-05T11:49:00Z,2020.03,2020.87,2020.03,2020.36,12,38
2026-06-05T11:50:00Z,2020.36,2020.37,2019.46,2019.46,25,46
2026-06-05T11:51:00Z,2019.46,2021.53,2019.46,2020.91,17,33
2026-06-05T11:52:00Z,2020.91,2022.34,2020.91,2021.85,21,39
2026-06-05T11:53:00Z,2021.85,2022.73,2021.81,2022.73,13,36
2026-06-05T11:54:00Z,2022.73,2023.22,2020.95,2020.95,14,40
2026-06-05T11:55:00Z,2020.95,2021.35,2020.12,2020.12,9,36
2026-06-05T11:56:00Z,2020.12,2020.32,2019.26,2019.46,24,40
2026-06-05T11:57:00Z,2019.46,2020.22,2018.88,2019.59,21,36
2026-06-05T11:58:00Z,2019.59,2019.59,2017.16,2017.16,26,38
2026-06-05T11:59:00Z,2017.16,2018.97,2017.16,2017.98,14,34
2026-06-05T12:00:00Z,2017.98,2019.13,2017.98,2018.25,14,43
2026-06-05T12:01:00Z,2018.25,2019.69,2018.24,2019.69,11,36
2026-06-05T12:02:00Z,2019.69,2021.53,2019.69,2021.21,13,45
2026-06-05T12:03:00Z,2021.21,2021.21,2019.55,2020.41,13,42
2026-06-05T12:04:00Z,2020.41,2020.41,2019.33,2019.33,13,32
2026-06-05T12:05:00Z,2019.33,2020.75,2019.07,2020.75,18,43
2026-06-05T12:06:00Z,2020.75,2020.75,2019.63,2019.73,19,32
2026-06-05T12:07:00Z,2019.73,2021.05,2019.73,2021.02,18,45
2026-06-05T12:08:00Z,2021.02,2021.02,2019.83,2020.51,14,30
2026-06-05T12:09:00Z,2020.51,2021.72,2020.51,2021.57,27,33
2026-06-05T12:10:00Z,2021.57,2022.61,2021.36,2021.63,24,46
2026-06-05T12:11:00Z,2021.63,2021.63,2020.39,2021.59,20,32
2026-06-05T12:12:00Z,2021.59,2022.47,2021.19,2022.47,17,48
2026-06-05T12:13:00Z,2022.47,2022.57,2022.00,2022.47,14,38
2026-06-05T12:14:00Z,2022.47,2022.47,2021.36,2022.33,13,47
2026-06-05T12:15:00Z,2022.33,2023.10,2022.33,2022.61,25,38
2026-06-05T12:16:00Z,2022.61,2023.10,2022.05,2022.51,23,44
2026-06-05T12:17:00Z,2022.51,2023.41,2022.38,2023.20,13,31
2026-06-05T12:18:00Z,2023.20,2023.73,2022.91,2023.11,26,48
2026-06-05T12:19:00Z,2023.11,2023.11,2021.97,2022.38,16,44
2026-06-05T12:20:00Z,2022.38,2023.34,2022.17,2023.34,20,41
2026-06-05T12:21:00Z,2023.34,2023.95,2023.04,2023.86,29,32
2026-06-05T12:22:00Z,2023.86,2024.99,2023.86,2024.16,16,30
2026-06-05T12:23:00Z,2024.16,2025.87,2024.16,2025.47,26,30
2026-06-05T12:24:00Z,2025.47,2026.66,2025.47,2026.27,16,47
2026-06-05T12:25:00Z,2026.27,2026.27,2024.99,2025.68,25,41
2026-06-05T12:26:00Z,2025.68,2026.05,2024.80,2024.95,27,36
2026-06-05T12:27:00Z,2024.95,2025.31,2023.71,2023.71,17,34
2026-06-05T12:28:00Z,2023.71,2024.17,2023.23,2023.96,24,30
2026-06-05T12:29:00Z,2023.96,2024.00,2022.06,2022.06,21,30
2026-06-05T12:30:00Z,2022.06,2022.06,2019.90,2020.02,18,42
2026-06-05T12:31:00Z,2020.02,2021.06,2020.02,2020.46,29,33
2026-06-05T12:32:00Z,2020.46,2022.60,2020.35,2022.57,28,46
2026-06-05T12:33:00Z,2022.57,2022.98,2022.06,2022.50,18,42
2026-06-05T12:34:00Z,2022.50,2023.24,2022.50,2023.09,18,45
2026-06-05T12:35:00Z,2023.09,2024.48,2023.02,2023.02,16,40
2026-06-05T12:36:00Z,2023.02,2023.96,2023.02,2023.83,20,30
2026-06-05T12:37:00Z,2023.83,2024.11,2022.70,2024.11,19,45
2026-06-05T12:38:00Z,2024.11,2025.07,2024.11,2024.88,19,35
2026-06-05T12:39:00Z,2024.88,2025.28,2024.30,2024.66,20,33
2026-06-05T12:40:00Z,2024.66,2025.02,2023.69,2023.95,28,34
2026-06-05T12:41:00Z,2023.95,2024.37,2023.23,2023.93,32,33
2026-06-05T12:42:00Z,2023.93,2024.07,2023.24,2023.96,18,46
2026-06-05T12:43:00Z,2023.96,2024.65,2023.12,2023.12,21,33
2026-06-05T12:44:00Z,2023.12,2023.46,2022.35,2022.52,32,31
2026-06-05T12:45:00Z,2022.52,2023.15,2022.52,2022.81,21,30
2026-06-05T12:46:00Z,2022.81,2022.95,2022.52,2022.79,21,43
2026-06-05T12:47:00Z,2022.79,2023.54,2022.42,2023.35,22,48
2026-06-05T12:48:00Z,2023.35,2024.73,2023.35,2024.73,29,39
2026-06-05T12:49:00Z,2024.73,2025.96,2024.73,2025.96,28,41
2026-06-05T12:50:00Z,2025.96,2026.43,2024.89,2026.43,27,43
2026-06-05T12:51:00Z,2026.43,2026.73,2024.82,2024.86,32,34
2026-06-05T12:52:00Z,2024.86,2025.81,2024.64,2025.71,36,45
2026-06-05T12:53:00Z,2025.71,2025.90,2024.23,2024.69,22,34
2026-06-05T12:54:00Z,2024.69,2025.69,2024.30,2025.43,24,48
2026-06-05T12:55:00Z,2025.43,2025.69,2025.05,2025.53,23,37
2026-06-05T12:56:00Z,2025.53,2026.81,2025.53,2026.44,35,43
2026-06-05T12:57:00Z,2026.44,2026.44,2024.32,2024.59,21,46
2026-06-05T12:58:00Z,2024.59,2026.19,2023.40,2026.05,33,34
2026-06-05T12:59:00Z,2026.05,2028.42,2025.84,2028.42,23,34
2026-06-05T13:00:00Z,2028.42,2029.08,2028.14,2028.31,37,30
2026-06-05T13:01:00Z,2028.31,2028.88,2028.02,2028.88,34,32
2026-06-05T13:02:00Z,2028.88,2029.64,2028.08,2028.14,32,37
2026-06-05T13:03:00Z,2028.14,2028.45,2027.72,2027.75,30,36
2026-06-05T13:04:00Z,2027.75,2028.91,2027.72,2028.58,38,37
2026-06-05T13:05:00Z,2028.58,2028.95,2028.20,2028.95,31,36
2026-06-05T13:06:00Z,2028.95,2029.68,2027.96,2027.96,35,31
2026-06-05T13:07:00Z,2027.96,2027.96,2026.28,2026.74,29,44
2026-06-05T13:08:00Z,2026.74,2027.00,2026.36,2026.79,34,46
2026-06-05T13:09:00Z,2026.79,2027.67,2026.18,2026.18,28,30
2026-06-05T13:10:00Z,2026.18,2026.59,2025.86,2026.59,35,42
2026-06-05T13:11:00Z,2026.59,2027.16,2026.12,2027.16,39,46
2026-06-05T13:12:00Z,2027.16,2027.51,2026.74,2026.92,27,48
2026-06-05T13:13:00Z,2026.92,2027.80,2026.92,2027.77,39,38
2026-06-05T13:14:00Z,2027.77,2028.27,2027.10,2027.30,41,32
2026-06-05T13:15:00Z,2027.30,2027.67,2027.03,2027.67,32,47
2026-06-05T13:16:00Z,2027.67,2027.96,2027.14,2027.14,41,41
2026-06-05T13:17:00Z,2027.14,2027.60,2026.81,2027.45,41,39
2026-06-05T13:18:00Z,2027.45,2028.37,2027.13,2027.22,31,33
2026-06-05T13:19:00Z,2027.22,2027.46,2026.67,2026.71,34,35
2026-06-05T13:20:00Z,2026.71,2026.80,2024.97,2025.21,32,42
2026-06-05T13:21:00Z,2025.21,2025.21,2023.88,2023.93,41,35
2026-06-05T13:22:00Z,2023.93,2024.33,2023.37,2023.42,37,32
2026-06-05T13:23:00Z,2023.42,2024.35,2023.38,2023.58,34,32
2026-06-05T13:24:00Z,2023.58,2024.31,2022.94,2023.64,35,47
2026-06-05T13:25:00Z,2023.64,2024.25,2022.63,2023.43,33,39
2026-06-05T13:26:00Z,2023.43,2024.34,2022.71,2024.34,44,48
2026-06-05T13:27:00Z,2024.34,2025.44,2024.34,2025.44,45,31
2026-06-05T13:28:00Z,2025.44,2026.11,2025.14,2025.64,45,41
2026-06-05T13:29:00Z,2025.64,2025.64,2024.57,2024.92,36,31
2026-06-05T13:30:00Z,2024.92,2024.95,2024.20,2024.20,39,41
2026-06-05T13:31:00Z,2024.20,2024.87,2024.18,2024.70,47,32
2026-06-05T13:32:00Z,2024.70,2024.81,2023.46,2024.32,41,48
2026-06-05T13:33:00Z,2024.32,2024.74,2024.20,2024.67,35,37
2026-06-05T13:34:00Z,2024.67,2025.34,2023.27,2023.27,44,46
2026-06-05T13:35:00Z,2023.27,2023.50,2022.37,2022.39,36,45
2026-06-05T13:36:00Z,2022.39,2024.01,2022.29,2022.91,34,35
2026-06-05T13:37:00Z,2022.91,2024.25,2022.89,2024.02,33,46
2026-06-05T13:38:00Z,2024.02,2024.81,2023.79,2023.79,40,37
2026-06-05T13:39:00Z,2023.79,2024.71,2023.67,2023.83,50,44
2026-06-05T13:40:00Z,2023.83,2024.35,2022.44,2022.44,46,41
2026-06-05T13:41:00Z,2022.44,2024.93,2022.32,2024.93,41,46
2026-06-05T13:42:00Z,2024.93,2024.93,2023.07,2023.58,45,32
2026-06-05T13:43:00Z,2023.58,2023.58,2022.36,2023.28,49,39
2026-06-05T13:44:00Z,2023.28,2025.34,2022.95,2025.34,48,35
2026-06-05T13:45:00Z,2025.34,2026.32,2025.14,2026.32,52,30
2026-06-05T13:46:00Z,2026.32,2027.17,2025.14,2025.14,50,31
2026-06-05T13:47:00Z,2025.14,2025.89,2024.53,2024.72,37,34
2026-06-05T13:48:00Z,2024.72,2024.91,2024.00,2024.75,52,44
2026-06-05T13:49:00Z,2024.75,2026.31,2024.39,2026.31,49,37
2026-06-05T13:50:00Z,2026.31,2027.58,2026.10,2027.58,43,31
2026-06-05T13:51:00Z,2027.58,2027.58,2026.41,2026.90,40,36
2026-06-05T13:52:00Z,2026.90,2028.29,2026.90,2028.29,43,39
2026-06-05T13:53:00Z,2028.29,2028.31,2027.34,2027.45,41,42
2026-06-05T13:54:00Z,2027.45,2028.25,2027.37,2028.18,40,48
2026-06-05T13:55:00Z,2028.18,2028.52,2027.72,2027.72,41,46
2026-06-05T13:56:00Z,2027.72,2028.08,2026.87,2026.87,50,48
2026-06-05T13:57:00Z,2026.87,2027.79,2026.65,2027.79,47,47
2026-06-05T13:58:00Z,2027.79,2027.79,2026.91,2027.31,41,45
2026-06-05T13:59:00Z,2027.31,2029.78,2027.31,2029.69,47,32
2026-06-08T08:00:00Z,2048.09,2049.54,2047.89,2049.15,56,134
2026-06-08T08:01:00Z,2049.15,2051.63,2049.15,2051.63,47,115
2026-06-08T08:02:00Z,2051.63,2051.85,2050.27,2051.16,52,103
2026-06-08T08:03:00Z,2051.16,2051.22,2049.84,2051.11,44,122
2026-06-08T08:04:00Z,2051.11,2051.73,2049.70,2051.23,53,103
2026-06-08T08:05:00Z,2051.23,2051.23,2050.01,2050.01,44,98
2026-06-08T08:06:00Z,2050.01,2052.07,2050.01,2051.67,41,79
2026-06-08T08:07:00Z,2051.67,2051.89,2049.98,2049.98,39,69
2026-06-08T08:08:00Z,2049.98,2050.57,2049.34,2050.38,46,77
2026-06-08T08:09:00Z,2050.38,2050.43,2049.50,2050.43,44,96
2026-06-08T08:10:00Z,2050.43,2050.83,2049.13,2049.59,48,76
2026-06-08T08:11:00Z,2049.59,2050.01,2048.02,2049.84,52,73
2026-06-08T08:12:00Z,2049.84,2050.29,2049.56,2049.99,42,63
2026-06-08T08:13:00Z,2049.99,2050.45,2049.65,2049.92,52,79
2026-06-08T08:14:00Z,2049.92,2050.35,2049.54,2049.54,49,59
2026-06-08T08:15:00Z,2049.54,2050.02,2049.28,2049.78,38,68
2026-06-08T08:16:00Z,2049.78,2049.97,2048.71,2048.96,48,57
2026-06-08T08:17:00Z,2048.96,2049.73,2046.65,2046.65,42,54
2026-06-08T08:18:00Z,2046.65,2047.05,2046.21,2046.73,42,46
2026-06-08T08:19:00Z,2046.73,2046.73,2045.02,2045.30,37,49
2026-06-08T08:20:00Z,2045.30,2047.32,2045.30,2047.02,47,58
2026-06-08T08:21:00Z,2047.02,2047.12,2045.67,2046.15,39,59
2026-06-08T08:22:00Z,2046.15,2046.15,2044.27,2044.36,38,54
2026-06-08T08:23:00Z,2044.36,2046.16,2044.35,2045.99,38,62
2026-06-08T08:24:00Z,2045.99,2046.40,2045.56,2045.78,46,55
2026-06-08T08:25:00Z,2045.78,2046.13,2045.25,2045.59,42,61
2026-06-08T08:26:00Z,2045.59,2046.09,2044.95,2046.09,45,49
2026-06-08T08:27:00Z,2046.09,2046.46,2045.92,2045.92,39,49
2026-06-08T08:28:00Z,2045.92,2046.70,2045.73,2045.86,44,44
2026-06-08T08:29:00Z,2045.86,2045.86,2043.95,2043.95,43,54
2026-06-08T08:30:00Z,2043.95,2043.95,2042.57,2042.57,34,41
2026-06-08T08:31:00Z,2042.57,2042.57,2041.29,2041.56,46,42
2026-06-08T08:32:00Z,2041.56,2042.56,2041.56,2041.73,34,39
2026-06-08T08:33:00Z,2041.73,2042.51,2041.64,2041.88,37,50
2026-06-08T08:34:00Z,2041.88,2042.04,2041.43,2041.93,30,53
2026-06-08T08:35:00Z,2041.93,2042.25,2040.80,2040.80,42,34
2026-06-08T08:36:00Z,2040.80,2042.46,2040.70,2042.39,44,34
2026-06-08T08:37:00Z,2042.39,2042.66,2042.07,2042.48,33,47
2026-06-08T08:38:00Z,2042.48,2042.75,2042.25,2042.75,42,45
2026-06-08T08:39:00Z,2042.75,2043.75,2042.08,2042.10,43,51
2026-06-08T08:40:00Z,2042.10,2042.77,2041.72,2041.85,40,50
2026-06-08T08:41:00Z,2041.85,2042.05,2041.01,2041.33,34,32
2026-06-08T08:42:00Z,2041.33,2041.33,2040.18,2040.30,28,32
2026-06-08T08:43:00Z,2040.30,2040.54,2039.61,2039.61,31,35
2026-06-08T08:44:00Z,2039.61,2039.75,2038.96,2038.96,41,46
2026-06-08T08:45:00Z,2038.96,2039.15,2038.30,2038.92,40,33
2026-06-08T08:46:00Z,2038.92,2039.47,2037.11,2037.20,34,44
2026-06-08T08:47:00Z,2037.20,2037.68,2035.97,2036.01,37,45
2026-06-08T08:48:00Z,2036.01,2036.51,2035.64,2036.26,33,34
2026-06-08T08:49:00Z,2036.26,2036.39,2035.55,2036.39,38,33
2026-06-08T08:50:00Z,2036.39,2036.39,2035.85,2035.85,30,48
2026-06-08T08:51:00Z,2035.85,2036.71,2035.46,2036.70,33,44
2026-06-08T08:52:00Z,2036.70,2037.00,2035.71,2036.32,37,34
2026-06-08T08:53:00Z,2036.32,2036.37,2035.05,2035.61,33,46
2026-06-08T08:54:00Z,2035.61,2036.00,2035.39,2035.86,32,38
2026-06-08T08:55:00Z,2035.86,2036.61,2035.81,2036.43,24,48
2026-06-08T08:56:00Z,2036.43,2037.24,2036.22,2036.64,29,45
2026-06-08T08:57:00Z,2036.64,2037.36,2036.63,2037.09,23,47
2026-06-08T08:58:00Z,2037.09,2037.09,2034.96,2034.96,25,44
2026-06-08T08:59:00Z,2034.96,2035.18,2034.07,2035.09,36,43
2026-06-08T09:00:00Z,2035.09,2036.67,2035.09,2035.98,32,31
2026-06-08T09:01:00Z,2035.98,2035.98,2033.21,2033.21,23,42
2026-06-08T09:02:00Z,2033.21,2033.21,2031.17,2031.17,34,39
2026-06-08T09:03:00Z,2031.17,2031.17,2030.06,2030.06,21,45
2026-06-08T09:04:00Z,2030.06,2030.06,2029.00,2029.00,21,40
2026-06-08T09:05:00Z,2029.00,2029.84,2028.95,2029.29,27,48
2026-06-08T09:06:00Z,2029.29,2030.19,2028.61,2030.19,36,36
2026-06-08T09:07:00Z,2030.19,2030.49,2029.77,2030.07,34,34
2026-06-08T09:08:00Z,2030.07,2031.09,2030.07,2030.97,28,43
2026-06-08T09:09:00Z,2030.97,2031.10,2030.29,2030.95,31,45
2026-06-08T09:10:00Z,2030.95,2031.57,2030.84,2031.10,32,43
2026-06-08T09:11:00Z,2031.10,2031.35,2030.12,2031.07,32,39
2026-06-08T09:12:00Z,2031.07,2031.09,2029.75,2029.90,31,37
2026-06-08T09:13:00Z,2029.90,2030.85,2029.90,2030.64,34,45
2026-06-08T09:14:00Z,2030.64,2031.12,2029.15,2029.72,32,33
2026-06-08T09:15:00Z,2029.72,2030.94,2029.72,2030.76,28,36
2026-06-08T09:16:00Z,2030.76,2030.91,2029.33,2029.71,19,43
2026-06-08T09:17:00Z,2029.71,2030.21,2029.28,2030.02,26,33
2026-06-08T09:18:00Z,2030.02,2030.12,2029.14,2029.92,18,38
2026-06-08T09:19:00Z,2029.92,2029.92,2028.41,2028.83,26,43
2026-06-08T09:20:00Z,2028.83,2029.22,2028.29,2029.17,27,45
2026-06-08T09:21:00Z,2029.17,2030.18,2029.17,2029.50,27,33
2026-06-08T09:22:00Z,2029.50,2030.46,2029.50,2029.81,25,44
2026-06-08T09:23:00Z,2029.81,2030.12,2028.64,2028.64,27,38
2026-06-08T09:24:00Z,2028.64,2028.64,2027.20,2027.20,20,41
2026-06-08T09:25:00Z,2027.20,2027.72,2026.54,2027.72,19,41
2026-06-08T09:26:00Z,2027.72,2028.61,2027.26,2028.61,20,41
2026-06-08T09:27:00Z,2028.61,2029.19,2027.95,2027.95,17,34
2026-06-08T09:28:00Z,2027.95,2028.63,2027.92,2028.12,28,30
2026-06-08T09:29:00Z,2028.12,2028.27,2027.75,2028.27,28,42
2026-06-08T09:30:00Z,2028.27,2029.83,2028.27,2029.65,19,44
2026-06-08T09:31:00Z,2029.65,2029.97,2029.32,2029.32,20,35
2026-06-08T09:32:00Z,2029.32,2030.08,2029.32,2029.73,30,47
2026-06-08T09:33:00Z,2029.73,2030.45,2029.67,2030.28,18,40
2026-06-08T09:34:00Z,2030.28,2030.94,2030.05,2030.67,23,43
2026-06-08T09:35:00Z,2030.67,2030.85,2029.85,2030.19,22,48
2026-06-08T09:36:00Z,2030.19,2030.27,2029.59,2029.59,26,31
2026-06-08T09:37:00Z,2029.59,2030.04,2029.23,2029.37,27,41
2026-06-08T09:38:00Z,2029.37,2030.33,2029.37,2030.09,24,48
2026-06-08T09:39:00Z,2030.09,2030.09,2029.13,2029.58,19,34
2026-06-08T09:40:00Z,2029.58,2029.79,2028.81,2028.81,24,38
2026-06-08T09:41:00Z,2028.81,2029.62,2028.75,2029.62,18,41
2026-06-08T09:42:00Z,2029.62,2030.43,2029.62,2030.25,26,44
2026-06-08T09:43:00Z,2030.25,2031.06,2029.80,2030.81,14,40
2026-06-08T09:44:00Z,2030.81,2031.35,2030.09,2031.02,26,39
2026-06-08T09:45:00Z,2031.02,2032.23,2030.59,2032.23,18,36
2026-06-08T09:46:00Z,2032.23,2033.35,2031.57,2033.35,13,48
2026-06-08T09:47:00Z,2033.35,2033.35,2031.28,2032.07,22,41
2026-06-08T09:48:00Z,2032.07,2032.50,2031.64,2032.45,15,45
2026-06-08T09:49:00Z,2032.45,2034.16,2032.21,2034.01,26,48
2026-06-08T09:50:00Z,2034.01,2034.28,2033.52,2034.28,11,44
2026-06-08T09:51:00Z,2034.28,2034.76,2034.10,2034.51,12,35
2026-06-08T09:52:00Z,2034.51,2035.43,2034.24,2034.44,14,31
2026-06-08T09:53:00Z,2034.44,2034.71,2033.76,2033.76,23,38
2026-06-08T09:54:00Z,2033.76,2036.68,2033.76,2036.68,25,33
2026-06-08T09:55:00Z,2036.68,2037.30,2036.55,2036.87,21,46
2026-06-08T09:56:00Z,2036.87,2037.99,2036.84,2037.99,20,43
2026-06-08T09:57:00Z,2037.99,2039.16,2037.52,2038.76,15,47
2026-06-08T09:58:00Z,2038.76,2039.19,2038.40,2039.10,23,34
2026-06-08T09:59:00Z,2039.10,2039.49,2038.19,2038.32,18,37
2026-06-08T10:00:00Z,2038.32,2040.00,2038.32,2038.52,11,42
2026-06-08T10:01:00Z,2038.52,2039.13,2038.52,2038.60,23,36
2026-06-08T10:02:00Z,2038.60,2039.09,2038.21,2038.44,19,46
2026-06-08T10:03:00Z,2038.44,2039.68,2038.32,2039.11,24,37
2026-06-08T10:04:00Z,2039.11,2040.21,2039.11,2040.21,19,42
2026-06-08T10:05:00Z,2040.21,2040.30,2039.28,2039.93,23,41
2026-06-08T10:06:00Z,2039.93,2041.02,2039.93,2040.94,9,30
2026-06-08T10:07:00Z,2040.94,2040.94,2039.90,2039.90,18,31
2026-06-08T10:08:00Z,2039.90,2040.03,2039.35,2039.63,23,36
2026-06-08T10:09:00Z,2039.63,2039.63,2038.28,2038.66,13,48
2026-06-08T10:10:00Z,2038.66,2038.66,2037.57,2037.78,16,45
2026-06-08T10:11:00Z,2037.78,2037.78,2036.84,2037.11,24,48
2026-06-08T10:12:00Z,2037.11,2037.11,2034.53,2034.53,23,31
2026-06-08T10:13:00Z,2034.53,2035.80,2034.33,2035.53,22,37
2026-06-08T10:14:00Z,2035.53,2036.50,2035.02,2036.50,9,39
2026-06-08T10:15:00Z,2036.50,2036.90,2035.78,2036.90,13,35
2026-06-08T10:16:00Z,2036.90,2037.04,2036.52,2036.61,24,35
2026-06-08T10:17:00Z,2036.61,2037.08,2036.18,2036.48,8,39
2026-06-08T10:18:00Z,2036.48,2037.30,2036.21,2036.67,21,38
2026-06-08T10:19:00Z,2036.67,2037.67,2036.67,2036.93,19,38
2026-06-08T10:20:00Z,2036.93,2037.39,2035.94,2037.39,11,48
2026-06-08T10:21:00Z,2037.39,2037.99,2036.93,2037.99,8,30
2026-06-08T10:22:00Z,2037.99,2038.37,2035.50,2035.50,23,37
2026-06-08T10:23:00Z,2035.50,2036.82,2035.50,2035.95,9,41
2026-06-08T10:24:00Z,2035.95,2036.18,2034.35,2034.80,16,42
2026-06-08T10:25:00Z,2034.80,2034.82,2034.21,2034.68,12,41
2026-06-08T10:26:00Z,2034.68,2034.68,2033.47,2033.47,12,35
2026-06-08T10:27:00Z,2033.47,2033.47,2031.58,2031.58,23,42
2026-06-08T10:28:00Z,2031.58,2032.09,2031.00,2031.77,15,40
2026-06-08T10:29:00Z,2031.77,2032.02,2030.23,2030.23,20,43
2026-06-08T10:30:00Z,2030.23,2031.93,2030.23,2031.87,15,35
2026-06-08T10:31:00Z,2031.87,2031.87,2030.63,2030.80,17,38
2026-06-08T10:32:00Z,2030.80,2031.58,2030.80,2031.58,9,39
2026-06-08T10:33:00Z,2031.58,2032.71,2031.30,2032.26,11,41
2026-06-08T10:34:00Z,2032.26,2032.45,2031.23,2031.66,13,37
2026-06-08T10:35:00Z,2031.66,2032.78,2031.52,2032.43,19,46
2026-06-08T10:36:00Z,2032.43,2033.10,2032.43,2032.84,8,42
2026-06-08T10:37:00Z,2032.84,2033.32,2032.65,2033.03,10,46
2026-06-08T10:38:00Z,2033.03,2033.87,2032.79,2033.06,10,42
2026-06-08T10:39:00Z,2033.06,2033.41,2032.42,2032.56,7,31
2026-06-08T10:40:00Z,2032.56,2032.84,2031.28,2031.28,19,39
2026-06-08T10:41:00Z,2031.28,2031.28,2029.69,2029.80,21,43
2026-06-08T10:42:00Z,2029.80,2029.80,2028.88,2029.67,21,46
2026-06-08T10:43:00Z,2029.67,2030.38,2029.49,2029.94,10,41
2026-06-08T10:44:00Z,2029.94,2031.33,2029.94,2031.13,9,40
2026-06-08T10:45:00Z,2031.13,2033.16,2031.04,2033.16,21,34
2026-06-08T10:46:00Z,2033.16,2033.16,2029.99,2029.99,16,48
2026-06-08T10:47:00Z,2029.99,2030.36,2029.28,2029.96,9,31
2026-06-08T10:48:00Z,2029.96,2031.61,2029.96,2031.53,15,47
2026-06-08T10:49:00Z,2031.53,2033.31,2030.53,2033.31,7,41
2026-06-08T10:50:00Z,2033.31,2033.37,2032.27,2032.78,10,38
2026-06-08T10:51:00Z,2032.78,2032.78,2031.30,2031.66,12,40
2026-06-08T10:52:00Z,2031.66,2033.20,2031.66,2032.98,12,35
2026-06-08T10:53:00Z,2032.98,2033.03,2031.61,2031.61,17,44
2026-06-08T10:54:00Z,2031.61,2032.07,2031.01,2031.21,14,30
2026-06-08T10:55:00Z,2031.21,2031.33,2030.74,2030.94,7,33
2026-06-08T10:56:00Z,2030.94,2031.96,2030.85,2031.54,20,31
2026-06-08T10:57:00Z,2031.54,2031.83,2030.46,2030.46,13,42
2026-06-08T10:58:00Z,2030.46,2030.78,2030.13,2030.35,9,43
2026-06-08T10:59:00Z,2030.35,2031.66,2029.82,2029.82,14,41
2026-06-08T11:00:00Z,2029.82,2029.99,2029.30,2029.67,14,36
2026-06-08T11:01:00Z,2029.67,2030.65,2029.49,2030.38,21,43
2026-06-08T11:02:00Z,2030.38,2031.76,2030.38,2031.76,14,36
2026-06-08T11:03:00Z,2031.76,2032.31,2031.28,2032.09,20,36
2026-06-08T11:04:00Z,2032.09,2032.47,2030.86,2032.47,7,38
2026-06-08T11:05:00Z,2032.47,2032.80,2031.29,2031.35,16,43
2026-06-08T11:06:00Z,2031.35,2031.62,2030.84,2030.84,12,42
2026-06-08T11:07:00Z,2030.84,2033.01,2030.84,2033.01,11,48
2026-06-08T11:08:00Z,2033.01,2034.18,2032.99,2033.30,22,47
2026-06-08T11:09:00Z,2033.30,2033.32,2032.64,2033.24,18,44
2026-06-08T11:10:00Z,2033.24,2033.62,2032.65,2033.01,18,45
2026-06-08T11:11:00Z,2033.01,2034.75,2032.80,2034.75,6,37
2026-06-08T11:12:00Z,2034.75,2036.06,2034.75,2035.62,7,38
2026-06-08T11:13:00Z,2035.62,2036.65,2035.42,2036.36,18,37
2026-06-08T11:14:00Z,2036.36,2036.89,2036.26,2036.46,6,33
2026-06-08T11:15:00Z,2036.46,2037.19,2036.42,2037.18,21,42
2026-06-08T11:16:00Z,2037.18,2038.53,2037.14,2038.38,17,43
2026-06-08T11:17:00Z,2038.38,2038.88,2038.22,2038.50,19,39
2026-06-08T11:18:00Z,2038.50,2038.50,2037.78,2038.01,20,38
2026-06-08T11:19:00Z,2038.01,2038.51,2036.91,2037.35,15,42
2026-06-08T11:20:00Z,2037.35,2037.56,2036.78,2036.95,16,30
2026-06-08T11:21:00Z,2036.95,2037.62,2036.41,2037.62,8,38
2026-06-08T11:22:00Z,2037.62,2037.84,2036.89,2037.84,12,34
2026-06-08T11:23:00Z,2037.84,2039.52,2037.84,2039.52,21,38
2026-06-08T11:24:00Z,2039.52,2040.94,2039.25,2040.56,22,34
2026-06-08T11:25:00Z,2040.56,2041.46,2040.53,2040.98,20,33
2026-06-08T11:26:00Z,2040.98,2041.87,2040.75,2041.07,16,44
2026-06-08T11:27:00Z,2041.07,2042.20,2041.07,2042.20,20,48
2026-06-08T11:28:00Z,2042.20,2042.25,2041.25,2041.46,23,37
2026-06-08T11:29:00Z,2041.46,2041.58,2040.92,2041.36,14,32
2026-06-08T11:30:00Z,2041.36,2042.15,2040.90,2042.15,14,45
2026-06-08T11:31:00Z,2042.15,2042.27,2041.12,2041.40,21,30
2026-06-08T11:32:00Z,2041.40,2041.84,2041.26,2041.26,20,46
2026-06-08T11:33:00Z,2041.26,2041.26,2038.49,2038.49,12,44
2026-06-08T11:34:00Z,2038.49,2040.63,2038.49,2039.86,17,46
2026-06-08T11:35:00Z,2039.86,2040.16,2038.41,2039.70,23,39
2026-06-08T11:36:00Z,2039.70,2041.17,2039.19,2041.12,7,44
2026-06-08T11:37:00Z,2041.12,2041.46,2040.63,2041.10,9,36
2026-06-08T11:38:00Z,2041.10,2041.64,2040.32,2041.64,22,33
2026-06-08T11:39:00Z,2041.64,2042.40,2041.64,2042.29,10,36
2026-06-08T11:40:00Z,2042.29,2042.86,2041.83,2042.86,12,42
2026-06-08T11:41:00Z,2042.86,2043.14,2042.39,2042.95,23,44
2026-06-08T11:42:00Z,2042.95,2042.95,2041.56,2041.56,14,30
2026-06-08T11:43:00Z,2041.56,2041.56,2039.35,2040.18,10,33
2026-06-08T11:44:00Z,2040.18,2042.29,2040.18,2042.29,13,41
2026-06-08T11:45:00Z,2042.29,2042.69,2041.14,2041.14,14,39
2026-06-08T11:46:00Z,2041.14,2041.99,2040.64,2040.64,9,33
2026-06-08T11:47:00Z,2040.64,2041.37,2040.49,2041.37,11,30
2026-06-08T11:48:00Z,2041.37,2042.04,2041.02,2041.24,14,35
2026-06-08T11:49:00Z,2041.24,2041.24,2040.49,2040.71,8,40
2026-06-08T11:50:00Z,2040.71,2040.71,2039.82,2040.56,25,34
2026-06-08T11:51:00Z,2040.56,2041.43,2040.28,2040.58,15,37
2026-06-08T11:52:00Z,2040.58,2040.61,2039.93,2039.93,24,43
2026-06-08T11:53:00Z,2039.93,2040.72,2039.78,2040.03,15,39
2026-06-08T11:54:00Z,2040.03,2040.84,2040.03,2040.50,10,32
2026-06-08T11:55:00Z,2040.50,2042.37,2040.50,2041.57,22,32
2026-06-08T11:56:00Z,2041.57,2041.64,2040.77,2041.18,23,33
2026-06-08T11:57:00Z,2041.18,2041.41,2040.57,2040.90,24,40
2026-06-08T11:58:00Z,2040.90,2040.90,2038.17,2038.35,15,48
2026-06-08T11:59:00Z,2038.35,2038.96,2037.99,2038.89,16,33
2026-06-08T12:00:00Z,2038.89,2040.90,2038.57,2040.80,23,40
2026-06-08T12:01:00Z,2040.80,2042.06,2040.40,2042.01,17,45
2026-06-08T12:02:00Z,2042.01,2042.60,2041.42,2042.48,19,34
2026-06-08T12:03:00Z,2042.48,2043.15,2042.48,2042.87,10,48
2026-06-08T12:04:00Z,2042.87,2043.86,2042.44,2043.86,16,35
2026-06-08T12:05:00Z,2043.86,2044.85,2043.86,2043.93,21,35
2026-06-08T12:06:00Z,2043.93,2044.93,2043.75,2043.75,23,38
2026-06-08T12:07:00Z,2043.75,2043.75,2042.80,2042.92,12,39
2026-06-08T12:08:00Z,2042.92,2042.94,2041.90,2042.19,20,30
2026-06-08T12:09:00Z,2042.19,2042.52,2041.53,2041.82,12,36
2026-06-08T12:10:00Z,2041.82,2041.82,2040.23,2040.37,19,42
2026-06-08T12:11:00Z,2040.37,2040.37,2038.09,2038.31,22,47
2026-06-08T12:12:00Z,2038.31,2040.06,2038.27,2039.64,16,33
2026-06-08T12:13:00Z,2039.64,2039.94,2039.02,2039.46,27,42
2026-06-08T12:14:00Z,2039.46,2040.95,2039.46,2040.21,20,31
2026-06-08T12:15:00Z,2040.21,2040.30,2039.29,2039.36,12,36
2026-06-08T12:16:00Z,2039.36,2039.36,2038.11,2038.98,21,47
2026-06-08T12:17:00Z,2038.98,2038.98,2036.68,2037.16,16,43
2026-06-08T12:18:00Z,2037.16,2037.29,2036.73,2037.16,16,37
2026-06-08T12:19:00Z,2037.16,2037.73,2036.73,2037.27,21,39
2026-06-08T12:20:00Z,2037.27,2038.86,2037.27,2038.86,22,43
2026-06-08T12:21:00Z,2038.86,2040.10,2038.86,2039.55,22,45
2026-06-08T12:22:00Z,2039.55,2040.95,2039.42,2040.85,23,45
2026-06-08T12:23:00Z,2040.85,2041.84,2040.85,2041.39,25,35
2026-06-08T12:24:00Z,2041.39,2042.68,2041.39,2041.85,22,46
2026-06-08T12:25:00Z,2041.85,2042.85,2040.96,2040.96,18,44
2026-06-08T12:26:00Z,2040.96,2041.47,2040.54,2040.54,16,46
2026-06-08T12:27:00Z,2040.54,2040.66,2039.79,2040.66,27,37
2026-06-08T12:28:00Z,2040.66,2040.66,2037.86,2037.86,22,30
2026-06-08T12:29:00Z,2037.86,2039.27,2037.86,2038.88,18,39
2026-06-08T12:30:00Z,2038.88,2039.55,2038.77,2039.32,25,44
2026-06-08T12:31:00Z,2039.32,2039.98,2038.77,2039.55,15,37
2026-06-08T12:32:00Z,2039.55,2040.34,2039.29,2039.60,21,38
2026-06-08T12:33:00Z,2039.60,2040.40,2039.48,2040.40,25,32
2026-06-08T12:34:00Z,2040.40,2040.84,2039.70,2039.88,23,33
2026-06-08T12:35:00Z,2039.88,2039.88,2038.68,2039.27,32,43
2026-06-08T12:36:00Z,2039.27,2039.27,2037.32,2037.32,32,33
2026-06-08T12:37:00Z,2037.32,2037.32,2036.13,2036.88,31,43
2026-06-08T12:38:00Z,2036.88,2037.39,2036.62,2036.87,18,45
2026-06-08T12:39:00Z,2036.87,2039.39,2036.87,2039.39,18,46
2026-06-08T12:40:00Z,2039.39,2040.01,2038.89,2040.01,27,44
2026-06-08T12:41:00Z,2040.01,2040.25,2039.40,2040.25,26,40
2026-06-08T12:42:00Z,2040.25,2040.44,2039.27,2040.13,25,35
2026-06-08T12:43:00Z,2040.13,2040.61,2039.70,2039.88,28,42
2026-06-08T12:44:00Z,2039.88,2039.88,2038.65,2038.85,18,40
2026-06-08T12:45:00Z,2038.85,2040.41,2038.80,2040.41,24,38
2026-06-08T12:46:00Z,2040.41,2042.03,2040.41,2042.03,21,35
2026-06-08T12:47:00Z,2042.03,2042.50,2041.87,2041.87,22,48
2026-06-08T12:48:00Z,2041.87,2042.61,2041.57,2042.61,22,30
2026-06-08T12:49:00Z,2042.61,2043.53,2041.88,2043.53,34,48
2026-06-08T12:50:00Z,2043.53,2044.57,2043.53,2044.57,20,32
2026-06-08T12:51:00Z,2044.57,2045.00,2043.97,2044.63,20,39
2026-06-08T12:52:00Z,2044.63,2046.59,2044.40,2046.59,20,41
2026-06-08T12:53:00Z,2046.59,2047.36,2046.59,2047.23,26,43
2026-06-08T12:54:00Z,2047.23,2048.10,2047.17,2047.63,24,43
2026-06-08T12:55:00Z,2047.63,2048.44,2046.58,2046.58,29,38
2026-06-08T12:56:00Z,2046.58,2046.58,2044.83,2044.83,26,37
2026-06-08T12:57:00Z,2044.83,2046.03,2044.81,2044.85,26,33
2026-06-08T12:58:00Z,2044.85,2045.21,2044.25,2044.29,29,45
2026-06-08T12:59:00Z,2044.29,2044.84,2043.76,2043.76,22,42
2026-06-08T13:00:00Z,2043.76,2045.99,2043.76,2045.58,34,36
2026-06-08T13:01:00Z,2045.58,2046.28,2045.09,2045.32,34,32
2026-06-08T13:02:00Z,2045.32,2046.49,2045.16,2045.16,33,46
2026-06-08T13:03:00Z,2045.16,2045.68,2043.37,2043.37,37,44
2026-06-08T13:04:00Z,2043.37,2043.80,2042.16,2042.16,39,31
2026-06-08T13:05:00Z,2042.16,2042.53,2041.53,2041.83,35,34
2026-06-08T13:06:00Z,2041.83,2042.09,2041.49,2041.89,35,40
2026-06-08T13:07:00Z,2041.89,2042.67,2041.32,2042.52,39,33
2026-06-08T13:08:00Z,2042.52,2044.83,2042.52,2044.83,25,44
2026-06-08T13:09:00Z,2044.83,2045.01,2044.09,2044.34,28,35
2026-06-08T13:10:00Z,2044.34,2045.39,2044.34,2045.11,28,38
2026-06-08T13:11:00Z,2045.11,2045.53,2044.79,2045.01,41,31
2026-06-08T13:12:00Z,2045.01,2046.43,2044.18,2044.18,25,48
2026-06-08T13:13:00Z,2044.18,2045.41,2044.18,2044.72,35,38
2026-06-08T13:14:00Z,2044.72,2044.91,2043.90,2044.66,26,44
2026-06-08T13:15:00Z,2044.66,2045.12,2044.10,2044.85,26,34
2026-06-08T13:16:00Z,2044.85,2045.32,2043.85,2044.07,29,35
2026-06-08T13:17:00Z,2044.07,2044.46,2043.72,2044.39,35,34
2026-06-08T13:18:00Z,2044.39,2044.51,2042.20,2042.20,39,36
2026-06-08T13:19:00Z,2042.20,2042.47,2041.25,2041.83,39,40
2026-06-08T13:20:00Z,2041.83,2041.83,2040.67,2040.67,28,46
2026-06-08T13:21:00Z,2040.67,2041.17,2039.50,2040.13,41,38
2026-06-08T13:22:00Z,2040.13,2041.37,2039.42,2041.37,44,46
2026-06-08T13:23:00Z,2041.37,2041.37,2040.36,2040.69,43,32
2026-06-08T13:24:00Z,2040.69,2041.76,2040.61,2041.43,36,39
2026-06-08T13:25:00Z,2041.43,2041.61,2040.87,2041.60,32,36
2026-06-08T13:26:00Z,2041.60,2043.20,2041.38,2042.86,44,46
2026-06-08T13:27:00Z,2042.86,2042.86,2039.15,2039.15,44,40
2026-06-08T13:28:00Z,2039.15,2039.15,2038.42,2038.60,46,48
2026-06-08T13:29:00Z,2038.60,2038.63,2036.67,2036.67,43,38
2026-06-08T13:30:00Z,2036.67,2037.42,2035.61,2036.92,41,31
2026-06-08T13:31:00Z,2036.92,2038.87,2036.71,2038.31,44,48
2026-06-08T13:32:00Z,2038.31,2039.60,2038.31,2038.56,46,35
2026-06-08T13:33:00Z,2038.56,2038.88,2037.73,2037.81,41,34
2026-06-08T13:34:00Z,2037.81,2040.20,2037.59,2040.14,34,48
2026-06-08T13:35:00Z,2040.14,2040.84,2039.33,2039.33,40,34
2026-06-08T13:36:00Z,2039.33,2040.35,2038.77,2039.24,40,37
2026-06-08T13:37:00Z,2039.24,2040.22,2039.24,2039.87,36,45
2026-06-08T13:38:00Z,2039.87,2039.87,2038.95,2039.69,44,48
2026-06-08T13:39:00Z,2039.69,2039.69,2038.69,2039.58,35,43
2026-06-08T13:40:00Z,2039.58,2041.53,2039.01,2041.53,44,33
2026-06-08T13:41:00Z,2041.53,2041.72,2040.59,2041.17,45,44
2026-06-08T13:42:00Z,2041.17,2041.44,2040.72,2041.23,48,33
2026-06-08T13:43:00Z,2041.23,2041.49,2040.30,2040.30,45,32
2026-06-08T13:44:00Z,2040.30,2040.30,2038.06,2038.23,49,32
2026-06-08T13:45:00Z,2038.23,2039.12,2037.63,2039.12,41,48
2026-06-08T13:46:00Z,2039.12,2039.12,2037.53,2037.53,45,34
2026-06-08T13:47:00Z,2037.53,2038.73,2037.19,2037.62,38,45
2026-06-08T13:48:00Z,2037.62,2038.67,2037.43,2038.23,37,48
2026-06-08T13:49:00Z,2038.23,2038.63,2037.80,2038.29,42,36
2026-06-08T13:50:00Z,2038.29,2038.29,2036.85,2036.97,52,37
2026-06-08T13:51:00Z,2036.97,2036.97,2036.40,2036.83,45,40
2026-06-08T13:52:00Z,2036.83,2037.13,2035.13,2035.13,41,31
2026-06-08T13:53:00Z,2035.13,2035.13,2033.77,2033.77,43,32
2026-06-08T13:54:00Z,2033.77,2034.20,2033.59,2033.99,46,47
2026-06-08T13:55:00Z,2033.99,2034.33,2033.42,2033.49,42,30
2026-06-08T13:56:00Z,2033.49,2034.97,2033.49,2034.29,48,43
2026-06-08T13:57:00Z,2034.29,2036.26,2034.29,2035.60,56,37
2026-06-08T13:58:00Z,2035.60,2036.59,2035.26,2036.59,56,46
2026-06-08T13:59:00Z,2036.59,2036.84,2036.27,2036.54,58,35
2026-06-09T08:00:00Z,2057.93,2059.31,2057.93,2059.22,58,147
2026-06-09T08:01:00Z,2059.22,2060.36,2059.22,2059.60,53,121
2026-06-09T08:02:00Z,2059.60,2060.08,2059.22,2059.76,47,137
2026-06-09T08:03:00Z,2059.76,2059.76,2058.23,2058.23,50,103
2026-06-09T08:04:00Z,2058.23,2058.23,2056.95,2056.95,50,103
2026-06-09T08:05:00Z,2056.95,2058.00,2056.38,2057.97,43,74
2026-06-09T08:06:00Z,2057.97,2059.11,2057.97,2058.23,47,82
2026-06-09T08:07:00Z,2058.23,2060.11,2058.18,2060.11,45,78
2026-06-09T08:08:00Z,2060.11,2060.76,2059.67,2059.67,49,79
2026-06-09T08:09:00Z,2059.67,2060.37,2059.22,2059.22,39,61
2026-06-09T08:10:00Z,2059.22,2060.23,2059.18,2060.23,42,67
2026-06-09T08:11:00Z,2060.23,2060.23,2058.34,2058.41,52,88
2026-06-09T08:12:00Z,2058.41,2059.72,2058.41,2059.21,40,63
2026-06-09T08:13:00Z,2059.21,2060.61,2059.16,2059.16,51,63
2026-06-09T08:14:00Z,2059.16,2059.98,2058.85,2059.98,47,74
2026-06-09T08:15:00Z,2059.98,2060.66,2059.37,2059.39,38,62
2026-06-09T08:16:00Z,2059.39,2059.39,2056.99,2057.33,39,54
2026-06-09T08:17:00Z,2057.33,2058.05,2056.95,2057.80,37,55
2026-06-09T08:18:00Z,2057.80,2057.85,2057.00,2057.66,45,67
2026-06-09T08:19:00Z,2057.66,2057.68,2056.94,2057.49,50,62
2026-06-09T08:20:00Z,2057.49,2057.67,2056.41,2057.35,46,42
2026-06-09T08:21:00Z,2057.35,2057.35,2056.06,2057.27,45,55
2026-06-09T08:22:00Z,2057.27,2058.76,2057.27,2058.67,35,64
2026-06-09T08:23:00Z,2058.67,2059.54,2058.67,2059.23,34,56
2026-06-09T08:24:00Z,2059.23,2059.53,2057.93,2057.99,34,60
2026-06-09T08:25:00Z,2057.99,2060.05,2057.99,2059.53,35,41
2026-06-09T08:26:00Z,2059.53,2060.70,2059.36,2060.47,41,39
2026-06-09T08:27:00Z,2060.47,2060.47,2058.72,2058.96,39,59
2026-06-09T08:28:00Z,2058.96,2058.96,2057.24,2057.24,44,58
2026-06-09T08:29:00Z,2057.24,2057.47,2056.16,2056.16,35,48
2026-06-09T08:30:00Z,2056.16,2056.60,2055.36,2055.36,37,51
2026-06-09T08:31:00Z,2055.36,2055.62,2054.52,2054.90,40,35
2026-06-09T08:32:00Z,2054.90,2054.90,2053.67,2053.67,43,46
2026-06-09T08:33:00Z,2053.67,2054.64,2053.04,2054.64,44,48
2026-06-09T08:34:00Z,2054.64,2054.73,2053.21,2053.87,36,43
2026-06-09T08:35:00Z,2053.87,2054.64,2053.67,2053.85,35,40
2026-06-09T08:36:00Z,2053.85,2054.09,2050.63,2050.63,38,48
2026-06-09T08:37:00Z,2050.63,2052.28,2050.63,2052.10,36,45
2026-06-09T08:38:00Z,2052.10,2052.10,2050.33,2050.33,31,51
2026-06-09T08:39:00Z,2050.33,2050.45,2049.61,2050.19,43,41
2026-06-09T08:40:00Z,2050.19,2051.66,2049.96,2050.78,34,40
2026-06-09T08:41:00Z,2050.78,2051.35,2050.23,2050.83,28,32
2026-06-09T08:42:00Z,2050.83,2051.83,2050.51,2051.81,43,39
2026-06-09T08:43:00Z,2051.81,2052.77,2051.71,2052.31,28,32
2026-06-09T08:44:00Z,2052.31,2052.68,2051.24,2052.09,40,41
2026-06-09T08:45:00Z,2052.09,2052.46,2051.17,2052.10,28,45
2026-06-09T08:46:00Z,2052.10,2052.29,2050.83,2051.85,33,44
2026-06-09T08:47:00Z,2051.85,2052.95,2051.68,2052.00,28,45
2026-06-09T08:48:00Z,2052.00,2053.75,2052.00,2053.75,29,46
2026-06-09T08:49:00Z,2053.75,2054.96,2053.30,2054.09,34,41
2026-06-09T08:50:00Z,2054.09,2054.70,2052.74,2054.02,25,44
2026-06-09T08:51:00Z,2054.02,2054.14,2053.33,2053.45,39,34
2026-06-09T08:52:00Z,2053.45,2054.42,2053.32,2053.40,39,32
2026-06-09T08:53:00Z,2053.40,2054.01,2053.40,2053.90,39,48
2026-06-09T08:54:00Z,2053.90,2055.37,2053.78,2055.37,38,36
2026-06-09T08:55:00Z,2055.37,2055.43,2054.54,2054.81,28,38
2026-06-09T08:56:00Z,2054.81,2055.53,2053.95,2055.17,26,40
2026-06-09T08:57:00Z,2055.17,2055.23,2053.44,2054.30,24,47
2026-06-09T08:58:00Z,2054.30,2054.84,2053.54,2054.62,38,46
2026-06-09T08:59:00Z,2054.62,2054.62,2052.63,2053.05,22,49
2026-06-09T09:00:00Z,2053.05,2053.21,2052.51,2052.78,26,47
2026-06-09T09:01:00Z,2052.78,2052.78,2052.01,2052.13,35,39
2026-06-09T09:02:00Z,2052.13,2052.89,2051.64,2052.89,24,36
2026-06-09T09:03:00Z,2052.89,2053.22,2051.71,2051.71,35,43
2026-06-09T09:04:00Z,2051.71,2052.41,2051.22,2051.90,23,30
2026-06-09T09:05:00Z,2051.90,2052.79,2051.60,2052.23,37,41
2026-06-09T09:06:00Z,2052.23,2053.66,2052.23,2053.66,35,44
2026-06-09T09:07:00Z,2053.66,2053.92,2052.87,2053.92,26,46
2026-06-09T09:08:00Z,2053.92,2056.04,2053.85,2056.04,25,41
2026-06-09T09:09:00Z,2056.04,2056.72,2055.99,2056.00,20,36
2026-06-09T09:10:00Z,2056.00,2056.00,2054.04,2054.10,19,45
2026-06-09T09:11:00Z,2054.10,2054.10,2053.41,2053.41,31,42
2026-06-09T09:12:00Z,2053.41,2053.41,2052.21,2052.58,20,37
2026-06-09T09:13:00Z,2052.58,2053.18,2052.02,2052.95,21,36
2026-06-09T09:14:00Z,2052.95,2053.15,2052.38,2053.15,20,40
2026-06-09T09:15:00Z,2053.15,2053.20,2052.34,2052.39,28,35
2026-06-09T09:16:00Z,2052.39,2054.24,2052.19,2053.87,33,41
2026-06-09T09:17:00Z,2053.87,2053.87,2052.94,2053.48,28,40
2026-06-09T09:18:00Z,2053.48,2054.35,2053.39,2053.42,20,43
2026-06-09T09:19:00Z,2053.42,2054.25,2053.38,2053.42,22,46
2026-06-09T09:20:00Z,2053.42,2053.76,2052.75,2053.76,20,43
2026-06-09T09:21:00Z,2053.76,2054.16,2053.57,2054.16,25,44
2026-06-09T09:22:00Z,2054.16,2054.33,2053.21,2053.28,30,38
2026-06-09T09:23:00Z,2053.28,2054.07,2052.89,2054.07,27,32
2026-06-09T09:24:00Z,2054.07,2054.54,2053.44,2053.44,25,38
2026-06-09T09:25:00Z,2053.44,2053.44,2052.11,2052.22,18,44
2026-06-09T09:26:00Z,2052.22,2052.82,2051.90,2052.82,24,32
2026-06-09T09:27:00Z,2052.82,2054.13,2052.82,2054.07,31,41
2026-06-09T09:28:00Z,2054.07,2054.50,2053.57,2053.85,28,46
2026-06-09T09:29:00Z,2053.85,2054.61,2053.85,2054.38,28,38
2026-06-09T09:30:00Z,2054.38,2054.38,2052.75,2052.75,22,30
2026-06-09T09:31:00Z,2052.75,2053.18,2052.60,2052.77,24,36
2026-06-09T09:32:00Z,2052.77,2053.42,2051.72,2051.72,28,41
2026-06-09T09:33:00Z,2051.72,2052.35,2051.29,2051.29,22,47
2026-06-09T09:34:00Z,2051.29,2051.88,2050.53,2050.62,16,40
2026-06-09T09:35:00Z,2050.62,2051.20,2050.21,2050.50,16,30
2026-06-09T09:36:00Z,2050.50,2051.39,2050.23,2050.49,21,31
2026-06-09T09:37:00Z,2050.49,2051.26,2050.10,2051.02,16,47
2026-06-09T09:38:00Z,2051.02,2051.94,2050.99,2051.19,17,32
2026-06-09T09:39:00Z,2051.19,2052.63,2051.14,2052.63,20,39
2026-06-09T09:40:00Z,2052.63,2052.96,2051.80,2051.96,25,37
2026-06-09T09:41:00Z,2051.96,2051.96,2051.11,2051.73,16,40
2026-06-09T09:42:00Z,2051.73,2051.73,2050.03,2050.03,15,44
2026-06-09T09:43:00Z,2050.03,2050.73,2049.36,2050.66,15,35
2026-06-09T09:44:00Z,2050.66,2050.74,2050.08,2050.41,19,32
2026-06-09T09:45:00Z,2050.41,2052.25,2050.38,2051.36,12,32
2026-06-09T09:46:00Z,2051.36,2051.36,2049.84,2050.24,12,46
2026-06-09T09:47:00Z,2050.24,2050.97,2049.94,2050.89,18,32
2026-06-09T09:48:00Z,2050.89,2051.38,2050.38,2050.55,25,44
2026-06-09T09:49:00Z,2050.55,2051.64,2050.45,2051.30,25,37
2026-06-09T09:50:00Z,2051.30,2051.30,2050.55,2050.55,15,37
2026-06-09T09:51:00Z,2050.55,2050.60,2049.55,2049.71,26,33
2026-06-09T09:52:00Z,2049.71,2050.10,2048.60,2048.60,19,32
2026-06-09T09:53:00Z,2048.60,2050.21,2048.60,2048.85,17,34
2026-06-09T09:54:00Z,2048.85,2049.38,2048.35,2049.38,15,47
2026-06-09T09:55:00Z,2049.38,2050.12,2048.44,2049.98,14,47
2026-06-09T09:56:00Z,2049.98,2049.98,2047.95,2048.96,24,43
2026-06-09T09:57:00Z,2048.96,2051.01,2048.96,2051.01,16,47
2026-06-09T09:58:00Z,2051.01,2051.84,2050.97,2050.97,22,47
2026-06-09T09:59:00Z,2050.97,2051.47,2050.59,2051.05,11,45
2026-06-09T10:00:00Z,2051.05,2051.52,2050.41,2050.41,22,46
2026-06-09T10:01:00Z,2050.41,2052.98,2050.41,2051.99,24,43
2026-06-09T10:02:00Z,2051.99,2052.10,2050.04,2051.45,12,35
2026-06-09T10:03:00Z,2051.45,2051.84,2049.93,2049.93,14,40
2026-06-09T10:04:00Z,2049.93,2050.20,2048.79,2048.79,25,36
2026-06-09T10:05:00Z,2048.79,2048.79,2047.56,2047.74,15,30
2026-06-09T10:06:00Z,2047.74,2048.59,2047.38,2048.59,13,41
2026-06-09T10:07:00Z,2048.59,2049.95,2048.59,2049.95,11,32
2026-06-09T10:08:00Z,2049.95,2051.18,2049.52,2051.18,19,30
2026-06-09T10:09:00Z,2051.18,2052.80,2051.18,2052.80,24,46
2026-06-09T10:10:00Z,2052.80,2052.89,2051.49,2051.49,21,32
2026-06-09T10:11:00Z,2051.49,2053.75,2051.49,2053.75,18,36
2026-06-09T10:12:00Z,2053.75,2055.17,2053.75,2054.86,20,35
2026-06-09T10:13:00Z,2054.86,2055.72,2053.66,2054.11,11,38
2026-06-09T10:14:00Z,2054.11,2055.72,2054.00,2055.71,15,31
2026-06-09T10:15:00Z,2055.71,2056.21,2055.11,2055.11,15,36
2026-06-09T10:16:00Z,2055.11,2055.72,2054.47,2055.70,17,32
2026-06-09T10:17:00Z,2055.70,2055.70,2054.91,2055.09,22,44
2026-06-09T10:18:00Z,2055.09,2055.09,2053.77,2054.46,20,40
2026-06-09T10:19:00Z,2054.46,2055.55,2053.93,2055.55,22,40
2026-06-09T10:20:00Z,2055.55,2055.55,2053.41,2053.41,19,47
2026-06-09T10:21:00Z,2053.41,2054.45,2053.33,2054.00,12,33
2026-06-09T10:22:00Z,2054.00,2054.11,2053.25,2054.11,8,42
2026-06-09T10:23:00Z,2054.11,2054.11,2053.25,2053.25,12,48
2026-06-09T10:24:00Z,2053.25,2053.46,2052.78,2053.46,12,30
2026-06-09T10:25:00Z,2053.46,2053.50,2052.17,2052.68,7,48
2026-06-09T10:26:00Z,2052.68,2052.88,2051.98,2052.54,8,30
2026-06-09T10:27:00Z,2052.54,2053.95,2052.33,2052.86,17,36
2026-06-09T10:28:00Z,2052.86,2053.41,2052.66,2053.36,19,32
2026-06-09T10:29:00Z,2053.36,2053.80,2052.95,2052.97,13,31
2026-06-09T10:30:00Z,2052.97,2053.81,2052.90,2053.70,13,36
2026-06-09T10:31:00Z,2053.70,2053.94,2052.59,2052.59,11,47
2026-06-09T10:32:00Z,2052.59,2052.82,2051.58,2052.46,18,33
2026-06-09T10:33:00Z,2052.46,2053.45,2052.44,2052.61,13,32
2026-06-09T10:34:00Z,2052.61,2052.87,2051.66,2051.66,16,34
2026-06-09T10:35:00Z,2051.66,2051.83,2050.68,2051.01,15,33
2026-06-09T10:36:00Z,2051.01,2052.17,2050.97,2051.01,17,42
2026-06-09T10:37:00Z,2051.01,2051.48,2049.70,2049.70,14,33
2026-06-09T10:38:00Z,2049.70,2050.76,2049.56,2050.76,7,47
2026-06-09T10:39:00Z,2050.76,2052.32,2050.76,2052.32,14,33
2026-06-09T10:40:00Z,2052.32,2052.79,2052.07,2052.65,6,38
2026-06-09T10:41:00Z,2052.65,2052.72,2050.67,2051.23,17,45
2026-06-09T10:42:00Z,2051.23,2052.01,2051.08,2052.01,10,47
2026-06-09T10:43:00Z,2052.01,2052.13,2051.19,2051.19,13,48
2026-06-09T10:44:00Z,2051.19,2051.45,2050.41,2050.66,14,48
2026-06-09T10:45:00Z,2050.66,2050.76,2049.04,2049.54,18,36
2026-06-09T10:46:00Z,2049.54,2049.99,2049.38,2049.98,13,40
2026-06-09T10:47:00Z,2049.98,2051.35,2049.98,2050.93,13,40
2026-06-09T10:48:00Z,2050.93,2051.43,2050.15,2050.61,11,42
2026-06-09T10:49:00Z,2050.61,2050.87,2049.95,2050.69,20,43
2026-06-09T10:50:00Z,2050.69,2050.69,2048.99,2050.04,22,48
2026-06-09T10:51:00Z,2050.04,2050.84,2049.99,2050.84,11,38
2026-06-09T10:52:00Z,2050.84,2051.84,2050.84,2050.96,17,46
2026-06-09T10:53:00Z,2050.96,2051.15,2050.06,2050.45,20,46
2026-06-09T10:54:00Z,2050.45,2051.05,2049.93,2050.55,22,36
2026-06-09T10:55:00Z,2050.55,2051.26,2050.43,2051.07,17,42
2026-06-09T10:56:00Z,2051.07,2051.07,2048.59,2048.59,6,43
2026-06-09T10:57:00Z,2048.59,2048.92,2047.85,2048.17,12,31
2026-06-09T10:58:00Z,2048.17,2048.59,2047.68,2047.79,15,47
2026-06-09T10:59:00Z,2047.79,2048.41,2046.96,2046.96,21,41
2026-06-09T11:00:00Z,2046.96,2047.25,2045.77,2045.77,8,41
2026-06-09T11:01:00Z,2045.77,2047.12,2045.77,2047.08,7,30
2026-06-09T11:02:00Z,2047.08,2048.50,2047.08,2048.06,20,36
2026-06-09T11:03:00Z,2048.06,2049.47,2048.06,2049.39,7,44
2026-06-09T11:04:00Z,2049.39,2050.13,2048.15,2048.15,8,33
2026-06-09T11:05:00Z,2048.15,2048.24,2047.67,2048.24,6,36
2026-06-09T11:06:00Z,2048.24,2049.28,2048.08,2048.53,11,31
2026-06-09T11:07:00Z,2048.53,2048.71,2047.06,2047.25,9,35
2026-06-09T11:08:00Z,2047.25,2047.28,2046.14,2046.14,15,37
2026-06-09T11:09:00Z,2046.14,2046.39,2045.34,2045.56,15,45
2026-06-09T11:10:00Z,2045.56,2045.90,2044.87,2045.14,18,42
2026-06-09T11:11:00Z,2045.14,2045.48,2044.50,2045.48,6,38
2026-06-09T11:12:00Z,2045.48,2047.81,2045.48,2047.68,15,40
2026-06-09T11:13:00Z,2047.68,2049.10,2047.68,2048.82,12,32
2026-06-09T11:14:00Z,2048.82,2048.82,2047.41,2047.49,17,32
2026-06-09T11:15:00Z,2047.49,2049.71,2047.36,2049.71,8,42
2026-06-09T11:16:00Z,2049.71,2051.66,2049.71,2051.55,20,36
2026-06-09T11:17:00Z,2051.55,2051.62,2050.74,2050.96,19,33
2026-06-09T11:18:00Z,2050.96,2051.05,2050.08,2050.71,20,33
2026-06-09T11:19:00Z,2050.71,2052.25,2050.71,2052.25,10,34
2026-06-09T11:20:00Z,2052.25,2052.25,2051.21,2051.45,16,37
2026-06-09T11:21:00Z,2051.45,2051.45,2049.88,2050.52,22,32
2026-06-09T11:22:00Z,2050.52,2052.42,2050.52,2052.28,10,31
2026-06-09T11:23:00Z,2052.28,2052.31,2050.87,2051.29,9,44
2026-06-09T11:24:00Z,2051.29,2052.27,2051.26,2052.08,10,36
2026-06-09T11:25:00Z,2052.08,2052.12,2051.02,2052.12,13,44
2026-06-09T11:26:00Z,2052.12,2055.08,2052.12,2055.08,17,48
2026-06-09T11:27:00Z,2055.08,2055.08,2052.68,2053.25,9,47
2026-06-09T11:28:00Z,2053.25,2053.67,2052.27,2052.66,9,44
2026-06-09T11:29:00Z,2052.66,2052.66,2051.22,2051.30,14,38
2026-06-09T11:30:00Z,2051.30,2051.97,2050.89,2051.78,12,47
2026-06-09T11:31:00Z,2051.78,2052.58,2051.56,2051.69,20,40
2026-06-09T11:32:00Z,2051.69,2052.37,2051.69,2051.88,21,36
2026-06-09T11:33:00Z,2051.88,2051.94,2051.00,2051.00,22,41
2026-06-09T11:34:00Z,2051.00,2052.38,2050.86,2051.11,7,34
2026-06-09T11:35:00Z,2051.11,2051.16,2050.41,2050.41,15,42
2026-06-09T11:36:00Z,2050.41,2051.04,2049.95,2051.04,10,43
2026-06-09T11:37:00Z,2051.04,2052.78,2050.75,2052.78,8,35
2026-06-09T11:38:00Z,2052.78,2054.03,2052.59,2053.09,16,46
2026-06-09T11:39:00Z,2053.09,2053.52,2051.99,2052.30,13,36
2026-06-09T11:40:00Z,2052.30,2053.10,2052.10,2052.20,19,39
2026-06-09T11:41:00Z,2052.20,2052.45,2051.74,2052.41,14,36
2026-06-09T11:42:00Z,2052.41,2053.36,2051.38,2053.36,20,36
2026-06-09T11:43:00Z,2053.36,2053.47,2052.96,2053.47,10,48
2026-06-09T11:44:00Z,2053.47,2054.29,2052.66,2052.66,15,38
2026-06-09T11:45:00Z,2052.66,2052.66,2051.10,2051.80,23,44
2026-06-09T11:46:00Z,2051.80,2052.27,2051.77,2051.89,11,41
2026-06-09T11:47:00Z,2051.89,2052.62,2051.89,2052.14,12,30
2026-06-09T11:48:00Z,2052.14,2052.49,2051.68,2052.03,17,40
2026-06-09T11:49:00Z,2052.03,2052.54,2051.72,2052.54,21,43
2026-06-09T11:50:00Z,2052.54,2052.54,2050.59,2051.36,20,35
2026-06-09T11:51:00Z,2051.36,2051.45,2050.96,2051.09,22,41
2026-06-09T11:52:00Z,2051.09,2053.12,2050.88,2053.12,20,46
2026-06-09T11:53:00Z,2053.12,2054.21,2053.12,2054.01,14,42
2026-06-09T11:54:00Z,2054.01,2055.05,2053.51,2053.51,13,41
2026-06-09T11:55:00Z,2053.51,2053.98,2052.97,2053.10,13,42
2026-06-09T11:56:00Z,2053.10,2053.54,2052.91,2053.52,14,42
2026-06-09T11:57:00Z,2053.52,2053.97,2053.03,2053.97,9,31
2026-06-09T11:58:00Z,2053.97,2053.97,2052.73,2053.39,18,31
2026-06-09T11:59:00Z,2053.39,2055.24,2053.39,2054.23,24,35
2026-06-09T12:00:00Z,2054.23,2055.48,2054.23,2055.48,25,32
2026-06-09T12:01:00Z,2055.48,2055.57,2054.96,2055.26,25,45
2026-06-09T12:02:00Z,2055.26,2055.26,2054.46,2054.46,24,45
2026-06-09T12:03:00Z,2054.46,2055.77,2054.25,2055.77,20,40
2026-06-09T12:04:00Z,2055.77,2056.10,2053.45,2053.45,26,42
2026-06-09T12:05:00Z,2053.45,2053.72,2052.13,2052.37,10,36
2026-06-09T12:06:00Z,2052.37,2052.98,2051.56,2052.98,15,36
2026-06-09T12:07:00Z,2052.98,2053.08,2051.40,2052.55,15,41
2026-06-09T12:08:00Z,2052.55,2052.55,2050.87,2051.88,23,39
2026-06-09T12:09:00Z,2051.88,2052.07,2051.07,2051.38,21,36
2026-06-09T12:10:00Z,2051.38,2051.38,2049.20,2049.29,22,45
2026-06-09T12:11:00Z,2049.29,2049.29,2047.21,2047.21,11,46
2026-06-09T12:12:00Z,2047.21,2047.96,2047.05,2047.43,26,48
2026-06-09T12:13:00Z,2047.43,2047.43,2046.96,2047.23,24,40
2026-06-09T12:14:00Z,2047.23,2047.69,2045.98,2045.98,28,48
2026-06-09T12:15:00Z,2045.98,2046.83,2045.33,2046.65,23,43
2026-06-09T12:16:00Z,2046.65,2047.54,2046.65,2046.85,25,44
2026-06-09T12:17:00Z,2046.85,2047.65,2046.75,2047.20,13,42
2026-06-09T12:18:00Z,2047.20,2047.45,2046.03,2046.03,24,40
2026-06-09T12:19:00Z,2046.03,2046.18,2044.15,2044.33,28,43
2026-06-09T12:20:00Z,2044.33,2045.86,2044.29,2045.78,15,40
2026-06-09T12:21:00Z,2045.78,2045.78,2044.42,2044.96,17,43
2026-06-09T12:22:00Z,2044.96,2044.96,2043.25,2044.80,13,35
2026-06-09T12:23:00Z,2044.80,2045.34,2044.72,2045.05,17,46
2026-06-09T12:24:00Z,2045.05,2046.65,2044.88,2046.34,26,39
2026-06-09T12:25:00Z,2046.34,2047.08,2045.62,2047.08,30,38
2026-06-09T12:26:00Z,2047.08,2048.51,2047.08,2048.51,30,43
2026-06-09T12:27:00Z,2048.51,2048.76,2047.82,2047.99,25,40
2026-06-09T12:28:00Z,2047.99,2048.64,2047.29,2048.64,20,38
2026-06-09T12:29:00Z,2048.64,2050.22,2048.64,2049.62,19,43
2026-06-09T12:30:00Z,2049.62,2050.22,2048.78,2050.22,23,39
2026-06-09T12:31:00Z,2050.22,2050.62,2049.11,2049.74,18,34
2026-06-09T12:32:00Z,2049.74,2050.27,2049.38,2049.38,30,44
2026-06-09T12:33:00Z,2049.38,2049.38,2047.93,2048.64,28,47
2026-06-09T12:34:00Z,2048.64,2048.64,2046.50,2046.50,28,32
2026-06-09T12:35:00Z,2046.50,2047.73,2046.48,2047.11,19,30
2026-06-09T12:36:00Z,2047.11,2049.08,2047.11,2049.08,21,41
2026-06-09T12:37:00Z,2049.08,2049.98,2048.53,2049.98,28,43
2026-06-09T12:38:00Z,2049.98,2049.98,2048.57,2048.70,21,34
2026-06-09T12:39:00Z,2048.70,2049.42,2048.23,2049.24,19,33
2026-06-09T12:40:00Z,2049.24,2049.75,2048.57,2048.57,20,48
2026-06-09T12:41:00Z,2048.57,2048.63,2047.20,2047.39,21,34
2026-06-09T12:42:00Z,2047.39,2047.91,2046.53,2047.91,31,47
2026-06-09T12:43:00Z,2047.91,2047.91,2047.22,2047.55,30,37
2026-06-09T12:44:00Z,2047.55,2048.01,2046.97,2047.42,29,36
2026-06-09T12:45:00Z,2047.42,2048.92,2047.42,2048.56,20,33
2026-06-09T12:46:00Z,2048.56,2050.30,2048.06,2050.30,24,36
2026-06-09T12:47:00Z,2050.30,2050.93,2049.75,2050.87,35,44
2026-06-09T12:48:00Z,2050.87,2050.87,2049.69,2049.69,33,48
2026-06-09T12:49:00Z,2049.69,2050.39,2049.47,2050.11,25,37
2026-06-09T12:50:00Z,2050.11,2050.31,2048.77,2048.94,22,45
2026-06-09T12:51:00Z,2048.94,2049.56,2048.66,2049.49,33,36
2026-06-09T12:52:00Z,2049.49,2050.14,2049.24,2050.14,21,44
2026-06-09T12:53:00Z,2050.14,2051.53,2050.14,2051.19,33,41
2026-06-09T12:54:00Z,2051.19,2051.23,2050.35,2050.45,21,43
2026-06-09T12:55:00Z,2050.45,2051.70,2050.45,2050.71,28,37
2026-06-09T12:56:00Z,2050.71,2052.30,2050.71,2052.30,25,39
2026-06-09T12:57:00Z,2052.30,2053.34,2051.98,2053.34,21,47
2026-06-09T12:58:00Z,2053.34,2054.02,2052.90,2053.06,30,46
2026-06-09T12:59:00Z,2053.06,2053.25,2052.20,2052.97,23,46
2026-06-09T13:00:00Z,2052.97,2053.81,2052.97,2053.32,35,46
2026-06-09T13:01:00Z,2053.32,2053.41,2051.83,2051.83,26,34
2026-06-09T13:02:00Z,2051.83,2053.08,2051.69,2052.90,36,33
2026-06-09T13:03:00Z,2052.90,2053.61,2051.51,2051.58,36,32
2026-06-09T13:04:00Z,2051.58,2051.86,2050.85,2051.14,27,34
2026-06-09T13:05:00Z,2051.14,2051.53,2050.64,2050.80,32,35
2026-06-09T13:06:00Z,2050.80,2051.97,2050.80,2051.72,39,44
2026-06-09T13:07:00Z,2051.72,2052.17,2050.77,2052.01,29,46
2026-06-09T13:08:00Z,2052.01,2052.01,2051.20,2051.37,27,36
2026-06-09T13:09:00Z,2051.37,2052.10,2051.12,2051.84,32,31
2026-06-09T13:10:00Z,2051.84,2051.84,2050.37,2051.24,34,33
2026-06-09T13:11:00Z,2051.24,2051.24,2050.28,2050.96,41,36
2026-06-09T13:12:00Z,2050.96,2051.24,2050.48,2050.71,40,39
2026-06-09T13:13:00Z,2050.71,2050.71,2049.35,2049.35,36,30
2026-06-09T13:14:00Z,2049.35,2050.40,2049.35,2049.86,42,30
2026-06-09T13:15:00Z,2049.86,2051.61,2049.68,2051.61,32,43
2026-06-09T13:16:00Z,2051.61,2052.06,2049.83,2049.83,32,36
2026-06-09T13:17:00Z,2049.83,2050.87,2049.47,2050.46,28,44
2026-06-09T13:18:00Z,2050.46,2051.41,2049.58,2051.41,28,40
2026-06-09T13:19:00Z,2051.41,2051.47,2049.44,2049.44,40,42
2026-06-09T13:20:00Z,2049.44,2051.52,2049.44,2051.51,41,34
2026-06-09T13:21:00Z,2051.51,2052.14,2050.98,2051.11,28,37
2026-06-09T13:22:00Z,2051.11,2052.68,2051.11,2052.68,30,32
2026-06-09T13:23:00Z,2052.68,2053.92,2052.68,2053.15,41,47
2026-06-09T13:24:00Z,2053.15,2053.53,2052.02,2052.23,30,44
2026-06-09T13:25:00Z,2052.23,2052.32,2051.15,2051.29,44,33
2026-06-09T13:26:00Z,2051.29,2052.59,2051.29,2052.41,44,43
2026-06-09T13:27:00Z,2052.41,2053.55,2052.41,2052.46,40,34
2026-06-09T13:28:00Z,2052.46,2053.09,2051.86,2053.09,46,48
2026-06-09T13:29:00Z,2053.09,2054.09,2053.09,2054.09,47,43
2026-06-09T13:30:00Z,2054.09,2054.26,2052.57,2054.26,46,42
2026-06-09T13:31:00Z,2054.26,2055.07,2053.46,2054.29,42,38
2026-06-09T13:32:00Z,2054.29,2055.44,2054.07,2055.44,47,35
2026-06-09T13:33:00Z,2055.44,2055.44,2053.91,2053.91,47,33
2026-06-09T13:34:00Z,2053.91,2054.46,2053.49,2053.55,33,32
2026-06-09T13:35:00Z,2053.55,2053.59,2052.51,2053.59,33,32
2026-06-09T13:36:00Z,2053.59,2053.59,2051.88,2051.88,39,48
2026-06-09T13:37:00Z,2051.88,2052.39,2051.31,2051.72,47,35
2026-06-09T13:38:00Z,2051.72,2051.72,2049.97,2049.97,41,45
2026-06-09T13:39:00Z,2049.97,2049.97,2049.06,2049.26,39,40
2026-06-09T13:40:00Z,2049.26,2049.26,2047.29,2047.32,47,32
2026-06-09T13:41:00Z,2047.32,2047.32,2045.59,2045.59,41,38
2026-06-09T13:42:00Z,2045.59,2045.59,2044.22,2044.77,44,34
2026-06-09T13:43:00Z,2044.77,2045.25,2044.07,2044.51,42,32
2026-06-09T13:44:00Z,2044.51,2045.39,2044.14,2044.61,39,48
2026-06-09T13:45:00Z,2044.61,2045.66,2044.45,2045.30,36,47
2026-06-09T13:46:00Z,2045.30,2046.23,2045.30,2045.61,45,30
2026-06-09T13:47:00Z,2045.61,2047.29,2045.61,2047.29,53,48
2026-06-09T13:48:00Z,2047.29,2047.53,2046.67,2046.67,45,48
2026-06-09T13:49:00Z,2046.67,2046.67,2045.09,2045.44,49,46
2026-06-09T13:50:00Z,2045.44,2045.44,2043.84,2043.84,53,39
2026-06-09T13:51:00Z,2043.84,2044.17,2043.00,2043.00,43,44
2026-06-09T13:52:00Z,2043.00,2043.00,2041.43,2041.71,50,35
2026-06-09T13:53:00Z,2041.71,2043.01,2041.67,2043.01,53,48
2026-06-09T13:54:00Z,2043.01,2043.34,2042.69,2043.03,45,33
2026-06-09T13:55:00Z,2043.03,2043.38,2042.54,2042.58,41,41
2026-06-09T13:56:00Z,2042.58,2042.58,2041.20,2041.84,49,34
2026-06-09T13:57:00Z,2041.84,2041.84,2040.45,2041.33,44,34
2026-06-09T13:58:00Z,2041.33,2042.23,2040.77,2041.78,42,34
2026-06-09T13:59:00Z,2041.78,2043.46,2041.78,2043.46,52,30
2026-06-10T08:00:00Z,2040.29,2040.49,2040.04,2040.42,47,144
2026-06-10T08:01:00Z,2040.42,2040.88,2039.16,2039.22,56,115
2026-06-10T08:02:00Z,2039.22,2039.22,2038.38,2038.89,48,114
2026-06-10T08:03:00Z,2038.89,2039.16,2038.66,2038.75,50,100
2026-06-10T08:04:00Z,2038.75,2038.88,2038.24,2038.82,45,116
2026-06-10T08:05:00Z,2038.82,2039.35,2038.58,2038.58,40,103
2026-06-10T08:06:00Z,2038.58,2038.58,2036.44,2037.26,51,96
2026-06-10T08:07:00Z,2037.26,2038.13,2036.59,2037.98,50,69
2026-06-10T08:08:00Z,2037.98,2038.92,2037.62,2038.15,47,87
2026-06-10T08:09:00Z,2038.15,2039.00,2038.15,2038.35,48,94
2026-06-10T08:10:00Z,2038.35,2038.97,2037.16,2037.16,49,61
2026-06-10T08:11:00Z,2037.16,2038.66,2036.89,2038.11,42,81
2026-06-10T08:12:00Z,2038.11,2039.55,2037.96,2038.53,46,87
2026-06-10T08:13:00Z,2038.53,2038.86,2038.12,2038.41,44,59
2026-06-10T08:14:00Z,2038.41,2038.67,2038.03,2038.47,38,61
2026-06-10T08:15:00Z,2038.47,2038.66,2037.92,2038.28,43,72
2026-06-10T08:16:00Z,2038.28,2038.28,2036.63,2037.16,40,51
2026-06-10T08:17:00Z,2037.16,2037.71,2036.94,2037.21,42,49
2026-06-10T08:18:00Z,2037.21,2038.64,2037.10,2038.23,42,70
2026-06-10T08:19:00Z,2038.23,2038.52,2037.12,2037.53,50,49
2026-06-10T08:20:00Z,2037.53,2037.64,2037.08,2037.14,37,51
2026-06-10T08:21:00Z,2037.14,2038.09,2037.14,2037.96,44,62
2026-06-10T08:22:00Z,2037.96,2039.10,2037.96,2038.89,38,53
2026-06-10T08:23:00Z,2038.89,2039.15,2038.32,2038.53,46,42
2026-06-10T08:24:00Z,2038.53,2038.53,2037.08,2037.14,49,62
2026-06-10T08:25:00Z,2037.14,2037.51,2036.62,2037.39,33,41
2026-06-10T08:26:00Z,2037.39,2037.88,2036.69,2036.69,45,40
2026-06-10T08:27:00Z,2036.69,2036.89,2034.90,2034.90,40,58
2026-06-10T08:28:00Z,2034.90,2035.17,2034.15,2034.38,37,40
2026-06-10T08:29:00Z,2034.38,2035.09,2034.26,2034.81,42,57
2026-06-10T08:30:00Z,2034.81,2035.94,2034.81,2035.88,47,45
2026-06-10T08:31:00Z,2035.88,2036.59,2035.14,2036.59,46,36
2026-06-10T08:32:00Z,2036.59,2037.58,2035.86,2037.07,43,52
2026-06-10T08:33:00Z,2037.07,2038.16,2036.93,2037.22,30,51
2026-06-10T08:34:00Z,2037.22,2037.42,2036.55,2037.18,30,37
2026-06-10T08:35:00Z,2037.18,2037.69,2036.62,2036.62,41,49
2026-06-10T08:36:00Z,2036.62,2037.83,2036.62,2037.76,39,42
2026-06-10T08:37:00Z,2037.76,2038.45,2037.60,2038.45,41,46
2026-06-10T08:38:00Z,2038.45,2039.01,2037.82,2038.57,34,36
2026-06-10T08:39:00Z,2038.57,2039.37,2038.28,2038.28,34,34
2026-06-10T08:40:00Z,2038.28,2038.66,2037.32,2037.39,33,32
2026-06-10T08:41:00Z,2037.39,2038.01,2037.03,2037.95,27,50
2026-06-10T08:42:00Z,2037.95,2039.08,2037.95,2038.41,29,41
2026-06-10T08:43:00Z,2038.41,2038.92,2037.77,2038.67,35,37
2026-06-10T08:44:00Z,2038.67,2038.88,2038.03,2038.05,26,48
2026-06-10T08:45:00Z,2038.05,2038.64,2037.35,2037.66,35,43
2026-06-10T08:46:00Z,2037.66,2038.39,2037.66,2038.32,32,36
2026-06-10T08:47:00Z,2038.32,2039.56,2038.24,2039.56,38,46
2026-06-10T08:48:00Z,2039.56,2040.01,2039.34,2039.64,36,43
2026-06-10T08:49:00Z,2039.64,2040.18,2039.36,2040.18,38,46
2026-06-10T08:50:00Z,2040.18,2040.49,2039.92,2040.35,25,36
2026-06-10T08:51:00Z,2040.35,2041.64,2040.34,2040.66,29,43
2026-06-10T08:52:00Z,2040.66,2040.66,2039.65,2040.15,29,49
2026-06-10T08:53:00Z,2040.15,2040.70,2039.74,2039.74,38,45
2026-06-10T08:54:00Z,2039.74,2040.81,2039.64,2040.23,34,43
2026-06-10T08:55:00Z,2040.23,2041.94,2040.03,2041.91,32,41
2026-06-10T08:56:00Z,2041.91,2041.95,2040.73,2041.27,26,38
2026-06-10T08:57:00Z,2041.27,2041.90,2041.14,2041.46,29,32
2026-06-10T08:58:00Z,2041.46,2041.46,2040.63,2040.91,25,32
2026-06-10T08:59:00Z,2040.91,2042.75,2040.91,2042.47,29,30
2026-06-10T09:00:00Z,2042.47,2042.57,2041.73,2042.08,27,44
2026-06-10T09:01:00Z,2042.08,2042.19,2040.77,2041.63,38,45
2026-06-10T09:02:00Z,2041.63,2042.43,2041.63,2042.37,22,49
2026-06-10T09:03:00Z,2042.37,2042.37,2040.47,2040.54,34,42
2026-06-10T09:04:00Z,2040.54,2041.46,2040.27,2040.32,28,37
2026-06-10T09:05:00Z,2040.32,2040.66,2040.11,2040.49,25,37
2026-06-10T09:06:00Z,2040.49,2041.04,2040.23,2040.75,23,30
2026-06-10T09:07:00Z,2040.75,2041.44,2040.54,2041.44,26,43
2026-06-10T09:08:00Z,2041.44,2042.25,2040.93,2041.30,28,33
2026-06-10T09:09:00Z,2041.30,2041.82,2040.81,2040.98,26,40
2026-06-10T09:10:00Z,2040.98,2041.96,2040.88,2041.35,20,47
2026-06-10T09:11:00Z,2041.35,2041.47,2040.17,2040.79,21,45
2026-06-10T09:12:00Z,2040.79,2041.04,2040.35,2040.86,31,32
2026-06-10T09:13:00Z,2040.86,2040.86,2039.94,2039.95,26,47
2026-06-10T09:14:00Z,2039.95,2042.52,2039.95,2042.52,32,30
2026-06-10T09:15:00Z,2042.52,2044.00,2042.41,2044.00,24,42
2026-06-10T09:16:00Z,2044.00,2044.75,2043.56,2043.56,22,36
2026-06-10T09:17:00Z,2043.56,2045.47,2043.27,2045.23,21,33
2026-06-10T09:18:00Z,2045.23,2046.22,2045.12,2046.22,31,32
2026-06-10T09:19:00Z,2046.22,2046.22,2044.96,2045.04,27,40
2026-06-10T09:20:00Z,2045.04,2045.76,2045.04,2045.76,33,46
2026-06-10T09:21:00Z,2045.76,2046.85,2045.61,2046.29,25,46
2026-06-10T09:22:00Z,2046.29,2046.29,2045.42,2045.42,16,30
2026-06-10T09:23:00Z,2045.42,2046.45,2045.12,2046.19,31,36
2026-06-10T09:24:00Z,2046.19,2047.00,2046.10,2046.19,30,35
2026-06-10T09:25:00Z,2046.19,2047.42,2046.15,2046.89,24,47
2026-06-10T09:26:00Z,2046.89,2047.99,2046.89,2047.99,30,40
2026-06-10T09:27:00Z,2047.99,2048.16,2046.58,2048.13,20,35
2026-06-10T09:28:00Z,2048.13,2048.13,2046.60,2046.90,27,30
2026-06-10T09:29:00Z,2046.90,2047.63,2046.26,2047.28,19,41
2026-06-10T09:30:00Z,2047.28,2047.72,2046.76,2047.72,31,45
2026-06-10T09:31:00Z,2047.72,2047.97,2046.61,2046.93,23,47
2026-06-10T09:32:00Z,2046.93,2047.99,2046.93,2047.63,17,45
2026-06-10T09:33:00Z,2047.63,2047.90,2046.07,2046.08,20,40
2026-06-10T09:34:00Z,2046.08,2047.02,2045.98,2046.73,15,31
2026-06-10T09:35:00Z,2046.73,2046.73,2044.97,2045.80,26,39
2026-06-10T09:36:00Z,2045.80,2046.89,2045.80,2046.47,19,35
2026-06-10T09:37:00Z,2046.47,2047.22,2046.03,2047.22,16,47
2026-06-10T09:38:00Z,2047.22,2047.86,2047.07,2047.69,16,36
2026-06-10T09:39:00Z,2047.69,2047.74,2047.18,2047.28,29,33
2026-06-10T09:40:00Z,2047.28,2047.68,2047.06,2047.57,22,37
2026-06-10T09:41:00Z,2047.57,2048.30,2046.88,2047.43,16,36
2026-06-10T09:42:00Z,2047.43,2047.93,2047.11,2047.93,13,38
2026-06-10T09:43:00Z,2047.93,2050.25,2047.82,2050.25,27,37
2026-06-10T09:44:00Z,2050.25,2050.41,2049.06,2049.06,20,35
2026-06-10T09:45:00Z,2049.06,2049.52,2047.78,2047.78,23,43
2026-06-10T09:46:00Z,2047.78,2047.85,2046.63,2046.63,20,30
2026-06-10T09:47:00Z,2046.63,2046.75,2044.72,2044.72,24,32
2026-06-10T09:48:00Z,2044.72,2044.81,2042.22,2042.81,22,37
2026-06-10T09:49:00Z,2042.81,2042.98,2041.81,2041.81,23,38
2026-06-10T09:50:00Z,2041.81,2041.90,2040.77,2040.77,16,35
2026-06-10T09:51:00Z,2040.77,2040.98,2040.19,2040.41,11,44
2026-06-10T09:52:00Z,2040.41,2041.97,2040.30,2041.97,12,32
2026-06-10T09:53:00Z,2041.97,2043.30,2041.97,2042.66,26,31
2026-06-10T09:54:00Z,2042.66,2043.19,2042.11,2042.37,17,39
2026-06-10T09:55:00Z,2042.37,2042.44,2041.61,2042.20,18,39
2026-06-10T09:56:00Z,2042.20,2043.29,2041.76,2043.29,22,30
2026-06-10T09:57:00Z,2043.29,2043.39,2042.01,2042.01,20,39
2026-06-10T09:58:00Z,2042.01,2042.01,2040.65,2041.68,26,38
2026-06-10T09:59:00Z,2041.68,2042.89,2041.29,2042.89,24,48
2026-06-10T10:00:00Z,2042.89,2043.03,2041.34,2041.34,21,44
2026-06-10T10:01:00Z,2041.34,2042.18,2040.89,2041.06,13,47
2026-06-10T10:02:00Z,2041.06,2041.88,2040.84,2041.38,15,34
2026-06-10T10:03:00Z,2041.38,2041.59,2040.76,2041.59,12,39
2026-06-10T10:04:00Z,2041.59,2044.15,2041.59,2043.59,10,41
2026-06-10T10:05:00Z,2043.59,2043.94,2042.94,2043.40,22,42
2026-06-10T10:06:00Z,2043.40,2044.07,2042.57,2043.78,9,46
2026-06-10T10:07:00Z,2043.78,2044.09,2043.35,2043.79,19,41
2026-06-10T10:08:00Z,2043.79,2046.56,2043.79,2046.18,9,30
2026-06-10T10:09:00Z,2046.18,2046.30,2045.00,2045.00,22,42
2026-06-10T10:10:00Z,2045.00,2045.52,2043.41,2043.60,23,35
2026-06-10T10:11:00Z,2043.60,2044.59,2043.58,2043.67,17,39
2026-06-10T10:12:00Z,2043.67,2045.05,2043.64,2044.59,24,39
2026-06-10T10:13:00Z,2044.59,2045.12,2044.41,2044.87,15,32
2026-06-10T10:14:00Z,2044.87,2045.67,2044.49,2045.64,23,44
2026-06-10T10:15:00Z,2045.64,2045.83,2045.08,2045.65,9,39
2026-06-10T10:16:00Z,2045.65,2045.65,2044.19,2044.65,15,39
2026-06-10T10:17:00Z,2044.65,2046.39,2044.28,2046.39,8,47
2026-06-10T10:18:00Z,2046.39,2046.96,2046.39,2046.76,23,35
2026-06-10T10:19:00Z,2046.76,2046.76,2044.61,2044.61,17,43
2026-06-10T10:20:00Z,2044.61,2044.73,2043.41,2043.96,11,48
2026-06-10T10:21:00Z,2043.96,2044.08,2043.18,2044.08,23,31
2026-06-10T10:22:00Z,2044.08,2044.93,2043.94,2044.60,22,35
2026-06-10T10:23:00Z,2044.60,2044.71,2043.82,2044.05,14,48
2026-06-10T10:24:00Z,2044.05,2045.28,2043.80,2044.46,11,40
2026-06-10T10:25:00Z,2044.46,2045.52,2043.62,2045.52,10,34
2026-06-10T10:26:00Z,2045.52,2045.72,2043.99,2044.33,8,47
2026-06-10T10:27:00Z,2044.33,2045.40,2044.33,2044.98,10,38
2026-06-10T10:28:00Z,2044.98,2045.14,2044.37,2045.14,18,36
2026-06-10T10:29:00Z,2045.14,2045.74,2045.14,2045.68,13,44
2026-06-10T10:30:00Z,2045.68,2045.72,2044.18,2044.18,12,37
2026-06-10T10:31:00Z,2044.18,2044.73,2043.46,2044.44,17,32
2026-06-10T10:32:00Z,2044.44,2045.66,2044.44,2045.66,23,43
2026-06-10T10:33:00Z,2045.66,2045.94,2044.95,2045.94,20,47
2026-06-10T10:34:00Z,2045.94,2047.30,2045.92,2047.30,22,41
2026-06-10T10:35:00Z,2047.30,2047.45,2046.66,2047.29,19,32
2026-06-10T10:36:00Z,2047.29,2048.48,2047.29,2048.19,10,38
2026-06-10T10:37:00Z,2048.19,2049.89,2048.19,2049.45,13,41
2026-06-10T10:38:00Z,2049.45,2051.91,2049.45,2051.91,13,39
2026-06-10T10:39:00Z,2051.91,2051.91,2050.83,2050.84,16,30
2026-06-10T10:40:00Z,2050.84,2050.95,2049.35,2049.35,20,31
2026-06-10T10:41:00Z,2049.35,2049.92,2048.99,2049.10,22,32
2026-06-10T10:42:00Z,2049.10,2052.10,2049.10,2052.10,11,32
2026-06-10T10:43:00Z,2052.10,2052.46,2050.34,2050.71,9,33
2026-06-10T10:44:00Z,2050.71,2051.39,2050.48,2051.00,11,35
2026-06-10T10:45:00Z,2051.00,2051.34,2050.17,2051.34,21,42
2026-06-10T10:46:00Z,2051.34,2052.22,2051.10,2051.49,6,43
2026-06-10T10:47:00Z,2051.49,2051.49,2049.90,2049.90,21,31
2026-06-10T10:48:00Z,2049.90,2051.07,2049.90,2050.40,21,46
2026-06-10T10:49:00Z,2050.40,2050.82,2050.16,2050.75,17,48
2026-06-10T10:50:00Z,2050.75,2052.08,2050.44,2050.61,16,44
2026-06-10T10:51:00Z,2050.61,2051.23,2049.64,2051.20,21,46
2026-06-10T10:52:00Z,2051.20,2051.20,2050.02,2050.02,21,44
2026-06-10T10:53:00Z,2050.02,2050.07,2048.90,2050.07,18,34
2026-06-10T10:54:00Z,2050.07,2051.03,2049.85,2049.95,17,32
2026-06-10T10:55:00Z,2049.95,2050.71,2049.69,2050.50,11,41
2026-06-10T10:56:00Z,2050.50,2051.14,2050.44,2051.14,15,43
2026-06-10T10:57:00Z,2051.14,2052.39,2050.38,2052.21,11,46
2026-06-10T10:58:00Z,2052.21,2052.21,2051.43,2051.43,6,43
2026-06-10T10:59:00Z,2051.43,2051.43,2049.71,2050.21,12,40
2026-06-10T11:00:00Z,2050.21,2051.65,2050.21,2050.83,14,33
2026-06-10T11:01:00Z,2050.83,2051.45,2050.55,2050.56,22,40
2026-06-10T11:02:00Z,2050.56,2051.88,2050.56,2051.81,7,38
2026-06-10T11:03:00Z,2051.81,2054.16,2051.81,2054.16,9,44
2026-06-10T11:04:00Z,2054.16,2056.62,2054.16,2056.01,14,48
2026-06-10T11:05:00Z,2056.01,2056.01,2054.44,2055.21,12,44
2026-06-10T11:06:00Z,2055.21,2056.10,2054.99,2055.24,15,41
2026-06-10T11:07:00Z,2055.24,2055.28,2054.53,2054.74,17,46
2026-06-10T11:08:00Z,2054.74,2054.74,2053.91,2054.31,20,45
2026-06-10T11:09:00Z,2054.31,2054.84,2052.36,2052.36,13,31
2026-06-10T11:10:00Z,2052.36,2053.29,2052.24,2052.63,7,40
2026-06-10T11:11:00Z,2052.63,2054.36,2052.63,2054.14,14,39
2026-06-10T11:12:00Z,2054.14,2055.68,2054.03,2055.16,15,42
2026-06-10T11:13:00Z,2055.16,2055.75,2054.57,2054.57,6,35
2026-06-10T11:14:00Z,2054.57,2055.21,2054.18,2054.53,19,37
2026-06-10T11:15:00Z,2054.53,2055.51,2054.53,2054.60,22,38
2026-06-10T11:16:00Z,2054.60,2056.40,2054.60,2056.40,19,35
2026-06-10T11:17:00Z,2056.40,2057.31,2055.31,2057.31,12,33
2026-06-10T11:18:00Z,2057.31,2057.67,2057.07,2057.20,14,46
2026-06-10T11:19:00Z,2057.20,2057.39,2055.90,2055.90,19,34
2026-06-10T11:20:00Z,2055.90,2056.12,2055.44,2056.12,17,48
2026-06-10T11:21:00Z,2056.12,2056.12,2055.32,2055.32,6,34
2026-06-10T11:22:00Z,2055.32,2056.58,2055.32,2056.58,10,32
2026-06-10T11:23:00Z,2056.58,2058.15,2056.58,2057.74,9,40
2026-06-10T11:24:00Z,2057.74,2058.12,2056.91,2056.91,22,42
2026-06-10T11:25:00Z,2056.91,2057.65,2056.59,2056.59,8,30
2026-06-10T11:26:00Z,2056.59,2056.73,2055.45,2055.73,20,48
2026-06-10T11:27:00Z,2055.73,2055.78,2055.07,2055.34,17,30
2026-06-10T11:28:00Z,2055.34,2055.34,2054.53,2054.84,22,34
2026-06-10T11:29:00Z,2054.84,2055.33,2053.43,2053.43,19,33
2026-06-10T11:30:00Z,2053.43,2053.63,2052.44,2053.63,9,39
2026-06-10T11:31:00Z,2053.63,2054.02,2053.36,2053.88,13,48
2026-06-10T11:32:00Z,2053.88,2055.08,2053.44,2055.08,16,37
2026-06-10T11:33:00Z,2055.08,2056.26,2054.87,2055.58,7,43
2026-06-10T11:34:00Z,2055.58,2056.95,2055.23,2056.68,18,31
2026-06-10T11:35:00Z,2056.68,2057.42,2055.79,2055.79,15,45
2026-06-10T11:36:00Z,2055.79,2055.79,2053.85,2054.11,22,47
2026-06-10T11:37:00Z,2054.11,2054.92,2053.94,2054.92,11,36
2026-06-10T11:38:00Z,2054.92,2055.41,2054.55,2055.22,23,31
2026-06-10T11:39:00Z,2055.22,2055.22,2054.87,2054.89,22,39
2026-06-10T11:40:00Z,2054.89,2055.24,2054.21,2054.21,24,45
2026-06-10T11:41:00Z,2054.21,2054.95,2053.79,2054.19,13,34
2026-06-10T11:42:00Z,2054.19,2054.27,2053.36,2053.59,18,46
2026-06-10T11:43:00Z,2053.59,2054.69,2053.39,2054.22,19,34
2026-06-10T11:44:00Z,2054.22,2054.31,2053.24,2053.35,22,37
2026-06-10T11:45:00Z,2053.35,2053.89,2053.13,2053.13,11,41
2026-06-10T11:46:00Z,2053.13,2053.23,2052.33,2052.75,11,42
2026-06-10T11:47:00Z,2052.75,2053.30,2052.11,2053.30,13,38
2026-06-10T11:48:00Z,2053.30,2053.60,2052.97,2053.52,14,46
2026-06-10T11:49:00Z,2053.52,2054.26,2053.37,2053.99,20,36
2026-06-10T11:50:00Z,2053.99,2055.36,2053.80,2055.36,18,39
2026-06-10T11:51:00Z,2055.36,2056.44,2055.36,2056.21,16,36
2026-06-10T11:52:00Z,2056.21,2056.41,2055.97,2056.31,24,38
2026-06-10T11:53:00Z,2056.31,2056.31,2055.25,2056.20,25,44
2026-06-10T11:54:00Z,2056.20,2056.53,2055.72,2056.47,18,30
2026-06-10T11:55:00Z,2056.47,2056.71,2055.27,2055.57,19,30
2026-06-10T11:56:00Z,2055.57,2056.28,2055.15,2056.19,22,40
2026-06-10T11:57:00Z,2056.19,2056.19,2053.84,2053.84,9,35
2026-06-10T11:58:00Z,2053.84,2053.86,2052.46,2052.46,17,47
2026-06-10T11:59:00Z,2052.46,2052.54,2051.36,2051.69,16,37
2026-06-10T12:00:00Z,2051.69,2052.81,2051.69,2052.26,15,41
2026-06-10T12:01:00Z,2052.26,2052.36,2051.60,2051.60,10,40
2026-06-10T12:02:00Z,2051.60,2052.11,2051.28,2051.62,18,43
2026-06-10T12:03:00Z,2051.62,2052.63,2051.39,2052.48,16,41
2026-06-10T12:04:00Z,2052.48,2054.73,2052.48,2054.73,22,38
2026-06-10T12:05:00Z,2054.73,2056.48,2054.22,2056.48,17,39
2026-06-10T12:06:00Z,2056.48,2056.66,2055.59,2055.76,27,48
2026-06-10T12:07:00Z,2055.76,2056.63,2055.76,2056.13,25,35
2026-06-10T12:08:00Z,2056.13,2057.32,2056.04,2056.04,27,39
2026-06-10T12:09:00Z,2056.04,2056.43,2055.30,2055.67,24,32
2026-06-10T12:10:00Z,2055.67,2056.04,2055.04,2055.04,14,36
2026-06-10T12:11:00Z,2055.04,2056.04,2054.73,2055.55,26,47
2026-06-10T12:12:00Z,2055.55,2056.48,2055.52,2056.48,12,36
2026-06-10T12:13:00Z,2056.48,2057.50,2056.11,2056.41,21,42
2026-06-10T12:14:00Z,2056.41,2056.41,2055.33,2055.40,13,38
2026-06-10T12:15:00Z,2055.40,2056.19,2055.05,2055.88,26,39
2026-06-10T12:16:00Z,2055.88,2058.31,2055.88,2057.81,27,30
2026-06-10T12:17:00Z,2057.81,2058.11,2056.79,2057.16,14,41
2026-06-10T12:18:00Z,2057.16,2057.54,2056.48,2057.04,27,47
2026-06-10T12:19:00Z,2057.04,2057.69,2056.92,2057.69,27,31
2026-06-10T12:20:00Z,2057.69,2059.13,2057.69,2059.13,13,36
2026-06-10T12:21:00Z,2059.13,2060.12,2058.68,2060.12,17,30
2026-06-10T12:22:00Z,2060.12,2060.83,2059.70,2060.32,19,31
2026-06-10T12:23:00Z,2060.32,2062.02,2060.32,2061.41,27,30
2026-06-10T12:24:00Z,2061.41,2061.70,2060.52,2060.86,21,34
2026-06-10T12:25:00Z,2060.86,2062.64,2060.86,2062.64,17,36
2026-06-10T12:26:00Z,2062.64,2062.94,2062.03,2062.26,24,36
2026-06-10T12:27:00Z,2062.26,2062.26,2061.04,2061.04,22,41
2026-06-10T12:28:00Z,2061.04,2061.57,2060.89,2061.43,29,34
2026-06-10T12:29:00Z,2061.43,2062.37,2061.11,2061.95,28,39
2026-06-10T12:30:00Z,2061.95,2061.95,2060.34,2060.87,29,44
2026-06-10T12:31:00Z,2060.87,2062.07,2059.83,2059.83,16,43
2026-06-10T12:32:00Z,2059.83,2060.31,2059.21,2059.22,22,31
2026-06-10T12:33:00Z,2059.22,2059.22,2057.84,2058.26,25,45
2026-06-10T12:34:00Z,2058.26,2058.65,2057.88,2058.04,22,44
2026-06-10T12:35:00Z,2058.04,2058.04,2057.23,2057.23,31,32
2026-06-10T12:36:00Z,2057.23,2058.21,2056.96,2058.10,20,32
2026-06-10T12:37:00Z,2058.10,2058.66,2057.85,2057.85,19,36
2026-06-10T12:38:00Z,2057.85,2059.30,2057.85,2058.19,31,45
2026-06-10T12:39:00Z,2058.19,2058.55,2056.64,2056.97,23,40
2026-06-10T12:40:00Z,2056.97,2057.36,2056.92,2056.92,33,30
2026-06-10T12:41:00Z,2056.92,2057.62,2056.13,2056.43,25,47
2026-06-10T12:42:00Z,2056.43,2057.68,2056.03,2057.53,18,35
2026-06-10T12:43:00Z,2057.53,2057.80,2056.18,2056.18,26,34
2026-06-10T12:44:00Z,2056.18,2056.66,2054.93,2055.31,30,32
2026-06-10T12:45:00Z,2055.31,2055.31,2054.14,2054.14,23,44
2026-06-10T12:46:00Z,2054.14,2055.91,2054.14,2055.91,30,40
2026-06-10T12:47:00Z,2055.91,2056.61,2055.82,2056.61,27,40
2026-06-10T12:48:00Z,2056.61,2057.28,2056.11,2056.11,19,44
2026-06-10T12:49:00Z,2056.11,2056.79,2055.98,2056.41,22,41
2026-06-10T12:50:00Z,2056.41,2056.70,2055.11,2055.11,21,32
2026-06-10T12:51:00Z,2055.11,2055.71,2054.33,2054.33,24,34
2026-06-10T12:52:00Z,2054.33,2054.62,2053.16,2053.53,21,30
2026-06-10T12:53:00Z,2053.53,2053.89,2052.73,2053.61,29,35
2026-06-10T12:54:00Z,2053.61,2054.62,2053.02,2054.62,28,34
2026-06-10T12:55:00Z,2054.62,2054.62,2054.00,2054.17,24,40
2026-06-10T12:56:00Z,2054.17,2054.37,2053.17,2053.56,32,43
2026-06-10T12:57:00Z,2053.56,2055.04,2053.56,2054.78,29,48
2026-06-10T12:58:00Z,2054.78,2055.90,2054.54,2055.89,34,46
2026-06-10T12:59:00Z,2055.89,2055.89,2053.91,2053.91,29,47
2026-06-10T13:00:00Z,2053.91,2053.91,2052.20,2052.48,24,34
2026-06-10T13:01:00Z,2052.48,2053.66,2051.57,2053.66,32,46
2026-06-10T13:02:00Z,2053.66,2054.67,2053.13,2054.67,34,32
2026-06-10T13:03:00Z,2054.67,2057.52,2054.33,2057.52,26,38
2026-06-10T13:04:00Z,2057.52,2057.96,2056.59,2057.96,37,34
2026-06-10T13:05:00Z,2057.96,2059.08,2057.71,2058.43,35,30
2026-06-10T13:06:00Z,2058.43,2058.53,2057.57,2058.45,36,40
2026-06-10T13:07:00Z,2058.45,2059.12,2057.90,2058.76,29,41
2026-06-10T13:08:00Z,2058.76,2059.35,2057.97,2058.14,30,44
2026-06-10T13:09:00Z,2058.14,2058.14,2057.19,2057.26,29,43
2026-06-10T13:10:00Z,2057.26,2058.12,2057.20,2057.20,27,38
2026-06-10T13:11:00Z,2057.20,2058.03,2056.21,2056.21,29,34
2026-06-10T13:12:00Z,2056.21,2056.70,2055.86,2056.33,35,30
2026-06-10T13:13:00Z,2056.33,2056.46,2055.79,2056.08,33,37
2026-06-10T13:14:00Z,2056.08,2056.59,2055.35,2056.29,27,44
2026-06-10T13:15:00Z,2056.29,2057.66,2056.29,2057.43,36,44
2026-06-10T13:16:00Z,2057.43,2059.80,2057.19,2059.36,36,37
2026-06-10T13:17:00Z,2059.36,2060.28,2058.84,2060.28,27,34
2026-06-10T13:18:00Z,2060.28,2061.54,2060.28,2060.77,30,34
2026-06-10T13:19:00Z,2060.77,2060.82,2059.70,2060.82,28,43
2026-06-10T13:20:00Z,2060.82,2061.79,2060.76,2060.76,31,43
2026-06-10T13:21:00Z,2060.76,2060.76,2058.37,2058.37,44,35
2026-06-10T13:22:00Z,2058.37,2059.54,2058.32,2059.54,41,36
2026-06-10T13:23:00Z,2059.54,2059.54,2058.05,2058.55,29,30
2026-06-10T13:24:00Z,2058.55,2058.81,2057.61,2057.96,45,37
2026-06-10T13:25:00Z,2057.96,2058.58,2057.85,2058.08,31,42
2026-06-10T13:26:00Z,2058.08,2058.17,2056.89,2056.89,40,48
2026-06-10T13:27:00Z,2056.89,2057.20,2056.52,2056.52,39,30
2026-06-10T13:28:00Z,2056.52,2056.52,2055.25,2055.49,40,45
2026-06-10T13:29:00Z,2055.49,2058.23,2055.39,2058.23,38,33
2026-06-10T13:30:00Z,2058.23,2058.23,2057.06,2058.08,32,34
2026-06-10T13:31:00Z,2058.08,2059.05,2057.89,2059.05,42,38
2026-06-10T13:32:00Z,2059.05,2059.10,2057.85,2058.26,42,37
2026-06-10T13:33:00Z,2058.26,2059.27,2058.20,2059.06,46,44
2026-06-10T13:34:00Z,2059.06,2059.06,2058.14,2058.43,43,48
2026-06-10T13:35:00Z,2058.43,2058.43,2057.08,2058.20,38,44
2026-06-10T13:36:00Z,2058.20,2058.82,2058.08,2058.57,38,42
2026-06-10T13:37:00Z,2058.57,2058.65,2057.73,2058.22,46,41
2026-06-10T13:38:00Z,2058.22,2059.40,2058.22,2058.27,41,33
2026-06-10T13:39:00Z,2058.27,2058.40,2057.19,2058.14,35,43
2026-06-10T13:40:00Z,2058.14,2058.53,2057.13,2057.13,39,46
2026-06-10T13:41:00Z,2057.13,2057.61,2056.65,2057.46,50,31
2026-06-10T13:42:00Z,2057.46,2059.03,2057.12,2058.77,35,44
2026-06-10T13:43:00Z,2058.77,2060.31,2058.36,2060.31,45,40
2026-06-10T13:44:00Z,2060.31,2060.31,2058.90,2058.90,39,48
2026-06-10T13:45:00Z,2058.90,2059.77,2058.58,2059.77,37,33
2026-06-10T13:46:00Z,2059.77,2059.77,2057.04,2057.32,43,33
2026-06-10T13:47:00Z,2057.32,2059.09,2057.32,2058.67,41,31
2026-06-10T13:48:00Z,2058.67,2059.28,2058.58,2059.28,47,45
2026-06-10T13:49:00Z,2059.28,2059.28,2058.11,2058.11,47,36
2026-06-10T13:50:00Z,2058.11,2058.34,2057.38,2057.99,48,46
2026-06-10T13:51:00Z,2057.99,2058.44,2057.55,2057.55,39,44
2026-06-10T13:52:00Z,2057.55,2059.56,2057.08,2059.56,43,47
2026-06-10T13:53:00Z,2059.56,2060.33,2059.36,2060.05,45,39
2026-06-10T13:54:00Z,2060.05,2060.05,2059.29,2059.76,51,31
2026-06-10T13:55:00Z,2059.76,2060.26,2059.41,2060.26,53,48
2026-06-10T13:56:00Z,2060.26,2060.49,2059.59,2059.59,46,30
2026-06-10T13:57:00Z,2059.59,2059.91,2057.86,2057.86,53,39
2026-06-10T13:58:00Z,2057.86,2059.26,2057.86,2059.26,51,38
2026-06-10T13:59:00Z,2059.26,2059.82,2057.80,2057.94,53,43
2026-06-11T08:00:00Z,2050.70,2052.46,2050.54,2052.46,57,109
2026-06-11T08:01:00Z,2052.46,2052.52,2051.75,2052.32,47,115
2026-06-11T08:02:00Z,2052.32,2053.01,2051.86,2053.01,41,120
2026-06-11T08:03:00Z,2053.01,2053.01,2051.39,2052.88,46,122
2026-06-11T08:04:00Z,2052.88,2053.30,2052.18,2052.18,53,106
2026-06-11T08:05:00Z,2052.18,2053.09,2051.98,2052.74,45,91
2026-06-11T08:06:00Z,2052.74,2053.20,2052.20,2053.18,42,112
2026-06-11T08:07:00Z,2053.18,2053.18,2051.82,2052.09,40,82
2026-06-11T08:08:00Z,2052.09,2053.37,2052.09,2053.16,43,77
2026-06-11T08:09:00Z,2053.16,2053.25,2052.27,2053.21,40,96
2026-06-11T08:10:00Z,2053.21,2054.33,2052.82,2054.33,46,59
2026-06-11T08:11:00Z,2054.33,2055.06,2054.33,2054.59,44,81
2026-06-11T08:12:00Z,2054.59,2055.59,2054.40,2055.46,47,74
2026-06-11T08:13:00Z,2055.46,2056.22,2054.81,2054.81,52,82
2026-06-11T08:14:00Z,2054.81,2055.25,2053.54,2053.59,47,57
2026-06-11T08:15:00Z,2053.59,2053.97,2053.19,2053.19,43,65
2026-06-11T08:16:00Z,2053.19,2053.19,2051.87,2052.30,44,70
2026-06-11T08:17:00Z,2052.30,2052.66,2051.82,2052.19,36,61
2026-06-11T08:18:00Z,2052.19,2052.81,2051.83,2051.96,37,67
2026-06-11T08:19:00Z,2051.96,2052.28,2051.14,2052.28,48,51
2026-06-11T08:20:00Z,2052.28,2054.00,2052.28,2054.00,48,54
2026-06-11T08:21:00Z,2054.00,2054.08,2053.57,2053.57,35,65
2026-06-11T08:22:00Z,2053.57,2054.33,2053.04,2053.09,41,65
2026-06-11T08:23:00Z,2053.09,2054.00,2052.44,2054.00,40,54
2026-06-11T08:24:00Z,2054.00,2055.30,2053.94,2054.98,40,40
2026-06-11T08:25:00Z,2054.98,2056.90,2054.98,2056.90,36,54
2026-06-11T08:26:00Z,2056.90,2058.04,2056.90,2057.70,48,44
2026-06-11T08:27:00Z,2057.70,2058.21,2057.26,2057.90,48,59
2026-06-11T08:28:00Z,2057.90,2057.90,2056.54,2057.23,38,52
2026-06-11T08:29:00Z,2057.23,2058.27,2056.92,2058.23,45,45
2026-06-11T08:30:00Z,2058.23,2062.02,2058.23,2061.89,32,40
2026-06-11T08:31:00Z,2061.89,2063.26,2061.89,2062.25,39,43
2026-06-11T08:32:00Z,2062.25,2063.27,2062.25,2063.23,40,55
2026-06-11T08:33:00Z,2063.23,2063.83,2062.82,2063.30,35,41
2026-06-11T08:34:00Z,2063.30,2063.51,2062.57,2063.26,32,43
2026-06-11T08:35:00Z,2063.26,2063.40,2062.46,2062.54,43,47
2026-06-11T08:36:00Z,2062.54,2062.66,2061.34,2061.52,45,52
2026-06-11T08:37:00Z,2061.52,2061.77,2060.98,2061.19,37,40
2026-06-11T08:38:00Z,2061.19,2063.03,2061.19,2063.03,30,35
2026-06-11T08:39:00Z,2063.03,2063.40,2062.03,2062.03,44,34
2026-06-11T08:40:00Z,2062.03,2062.76,2062.03,2062.35,39,41
2026-06-11T08:41:00Z,2062.35,2062.80,2060.77,2060.77,31,46
2026-06-11T08:42:00Z,2060.77,2061.84,2060.77,2061.08,32,32
2026-06-11T08:43:00Z,2061.08,2061.14,2059.00,2059.00,40,46
2026-06-11T08:44:00Z,2059.00,2059.76,2058.97,2058.97,31,36
2026-06-11T08:45:00Z,2058.97,2058.97,2058.27,2058.70,36,48
2026-06-11T08:46:00Z,2058.70,2059.28,2058.27,2058.59,40,35
2026-06-11T08:47:00Z,2058.59,2058.98,2057.73,2058.05,32,35
2026-06-11T08:48:00Z,2058.05,2059.27,2058.05,2059.23,34,36
2026-06-11T08:49:00Z,2059.23,2059.87,2059.23,2059.65,27,41
2026-06-11T08:50:00Z,2059.65,2060.01,2058.23,2059.22,26,48
2026-06-11T08:51:00Z,2059.22,2059.38,2058.09,2058.20,27,48
2026-06-11T08:52:00Z,2058.20,2058.62,2058.00,2058.11,37,48
2026-06-11T08:53:00Z,2058.11,2058.36,2057.04,2057.27,36,46
2026-06-11T08:54:00Z,2057.27,2057.27,2056.04,2056.79,32,41
2026-06-11T08:55:00Z,2056.79,2059.12,2056.57,2059.12,38,45
2026-06-11T08:56:00Z,2059.12,2059.92,2058.22,2058.22,23,43
2026-06-11T08:57:00Z,2058.22,2059.28,2057.98,2059.04,26,45
2026-06-11T08:58:00Z,2059.04,2060.59,2059.04,2059.54,22,35
2026-06-11T08:59:00Z,2059.54,2059.90,2058.73,2058.86,27,38
2026-06-11T09:00:00Z,2058.86,2058.89,2058.23,2058.71,25,39
2026-06-11T09:01:00Z,2058.71,2059.38,2058.54,2058.58,38,45
2026-06-11T09:02:00Z,2058.58,2059.41,2058.34,2059.41,34,45
2026-06-11T09:03:00Z,2059.41,2060.87,2059.12,2060.52,31,43
2026-06-11T09:04:00Z,2060.52,2061.91,2060.52,2061.91,37,46
2026-06-11T09:05:00Z,2061.91,2062.27,2061.50,2062.27,26,48
2026-06-11T09:06:00Z,2062.27,2063.15,2062.25,2062.94,25,33
2026-06-11T09:07:00Z,2062.94,2064.15,2062.94,2063.75,21,41
2026-06-11T09:08:00Z,2063.75,2064.91,2063.65,2064.70,32,42
2026-06-11T09:09:00Z,2064.70,2064.86,2063.77,2064.14,29,46
2026-06-11T09:10:00Z,2064.14,2065.22,2063.74,2064.65,31,31
2026-06-11T09:11:00Z,2064.65,2064.65,2063.06,2063.19,22,42
2026-06-11T09:12:00Z,2063.19,2063.86,2062.69,2063.86,19,40
2026-06-11T09:13:00Z,2063.86,2064.38,2063.17,2064.26,35,45
2026-06-11T09:14:00Z,2064.26,2064.41,2062.69,2062.75,27,30
2026-06-11T09:15:00Z,2062.75,2063.03,2062.16,2062.16,24,34
2026-06-11T09:16:00Z,2062.16,2062.58,2061.83,2061.83,29,34
2026-06-11T09:17:00Z,2061.83,2062.19,2061.64,2062.19,33,36
2026-06-11T09:18:00Z,2062.19,2062.60,2061.79,2061.79,28,38
2026-06-11T09:19:00Z,2061.79,2062.19,2060.99,2061.74,24,42
2026-06-11T09:20:00Z,2061.74,2063.25,2061.57,2063.08,29,47
2026-06-11T09:21:00Z,2063.08,2063.85,2063.05,2063.57,19,35
2026-06-11T09:22:00Z,2063.57,2064.17,2061.73,2061.76,30,41
2026-06-11T09:23:00Z,2061.76,2061.76,2060.46,2060.62,19,48
2026-06-11T09:24:00Z,2060.62,2061.82,2060.62,2060.83,17,47
2026-06-11T09:25:00Z,2060.83,2061.37,2060.30,2060.60,26,32
2026-06-11T09:26:00Z,2060.60,2062.27,2060.56,2061.96,27,44
2026-06-11T09:27:00Z,2061.96,2061.96,2060.99,2061.05,16,44
2026-06-11T09:28:00Z,2061.05,2061.31,2059.99,2060.03,26,38
2026-06-11T09:29:00Z,2060.03,2060.30,2059.41,2059.69,17,48
2026-06-11T09:30:00Z,2059.69,2059.76,2059.01,2059.01,19,42
2026-06-11T09:31:00Z,2059.01,2059.84,2058.37,2058.57,19,35
2026-06-11T09:32:00Z,2058.57,2059.89,2058.48,2058.63,27,41
2026-06-11T09:33:00Z,2058.63,2060.93,2058.16,2060.78,17,36
2026-06-11T09:34:00Z,2060.78,2061.10,2060.42,2061.06,27,32
2026-06-11T09:35:00Z,2061.06,2061.48,2061.01,2061.05,27,36
2026-06-11T09:36:00Z,2061.05,2062.31,2060.82,2062.11,23,44
2026-06-11T09:37:00Z,2062.11,2062.76,2061.05,2061.05,24,42
2026-06-11T09:38:00Z,2061.05,2061.25,2060.43,2060.76,28,42
2026-06-11T09:39:00Z,2060.76,2060.76,2058.66,2059.01,13,31
2026-06-11T09:40:00Z,2059.01,2059.22,2058.02,2058.72,29,44
2026-06-11T09:41:00Z,2058.72,2060.38,2058.72,2060.13,27,41
2026-06-11T09:42:00Z,2060.13,2060.48,2059.97,2060.48,25,31
2026-06-11T09:43:00Z,2060.48,2060.48,2059.53,2059.85,24,41
2026-06-11T09:44:00Z,2059.85,2060.50,2059.62,2060.50,19,39
2026-06-11T09:45:00Z,2060.50,2061.30,2060.36,2061.09,17,47
2026-06-11T09:46:00Z,2061.09,2061.47,2060.30,2060.36,25,46
2026-06-11T09:47:00Z,2060.36,2060.36,2059.29,2059.61,23,45
2026-06-11T09:48:00Z,2059.61,2059.61,2058.64,2058.83,12,48
2026-06-11T09:49:00Z,2058.83,2059.11,2058.44,2058.68,17,47
2026-06-11T09:50:00Z,2058.68,2060.19,2058.47,2059.92,21,38
2026-06-11T09:51:00Z,2059.92,2060.22,2059.68,2060.05,14,40
2026-06-11T09:52:00Z,2060.05,2062.09,2059.96,2061.80,20,32
2026-06-11T09:53:00Z,2061.80,2063.29,2061.80,2062.73,21,37
2026-06-11T09:54:00Z,2062.73,2063.10,2062.14,2062.92,26,36
2026-06-11T09:55:00Z,2062.92,2063.42,2062.46,2062.51,20,31
2026-06-11T09:56:00Z,2062.51,2062.74,2061.16,2061.57,18,36
2026-06-11T09:57:00Z,2061.57,2063.15,2061.56,2061.56,12,30
2026-06-11T09:58:00Z,2061.56,2062.74,2061.56,2062.41,12,47
2026-06-11T09:59:00Z,2062.41,2062.47,2061.23,2061.65,23,34
2026-06-11T10:00:00Z,2061.65,2062.00,2060.14,2060.27,23,46
2026-06-11T10:01:00Z,2060.27,2060.27,2057.63,2057.63,25,47
2026-06-11T10:02:00Z,2057.63,2057.64,2056.57,2057.29,13,48
2026-06-11T10:03:00Z,2057.29,2058.11,2057.24,2057.60,11,47
2026-06-11T10:04:00Z,2057.60,2057.80,2056.11,2056.72,25,34
2026-06-11T10:05:00Z,2056.72,2056.83,2055.25,2055.48,16,35
2026-06-11T10:06:00Z,2055.48,2055.56,2054.86,2054.86,22,46
2026-06-11T10:07:00Z,2054.86,2055.51,2054.56,2055.40,13,32
2026-06-11T10:08:00Z,2055.40,2056.01,2054.90,2054.90,15,44
2026-06-11T10:09:00Z,2054.90,2055.29,2054.08,2054.24,13,43
2026-06-11T10:10:00Z,2054.24,2054.24,2052.92,2052.92,21,33
2026-06-11T10:11:00Z,2052.92,2055.17,2052.59,2055.17,17,36
2026-06-11T10:12:00Z,2055.17,2055.63,2054.66,2055.37,14,31
2026-06-11T10:13:00Z,2055.37,2055.37,2054.21,2054.49,13,42
2026-06-11T10:14:00Z,2054.49,2055.36,2054.11,2054.51,9,40
2026-06-11T10:15:00Z,2054.51,2054.82,2053.98,2054.64,11,35
2026-06-11T10:16:00Z,2054.64,2055.22,2054.22,2054.24,10,38
2026-06-11T10:17:00Z,2054.24,2054.93,2054.18,2054.37,9,38
2026-06-11T10:18:00Z,2054.37,2054.99,2054.11,2054.11,9,41
2026-06-11T10:19:00Z,2054.11,2055.00,2053.59,2055.00,13,47
2026-06-11T10:20:00Z,2055.00,2056.10,2054.64,2056.10,12,42
2026-06-11T10:21:00Z,2056.10,2056.20,2055.23,2055.41,9,42
2026-06-11T10:22:00Z,2055.41,2055.84,2055.09,2055.15,20,31
2026-06-11T10:23:00Z,2055.15,2055.39,2053.87,2053.87,9,46
2026-06-11T10:24:00Z,2053.87,2054.38,2053.70,2054.38,9,45
2026-06-11T10:25:00Z,2054.38,2054.95,2054.09,2054.09,22,40
2026-06-11T10:26:00Z,2054.09,2054.09,2052.95,2053.32,16,45
2026-06-11T10:27:00Z,2053.32,2054.17,2052.60,2052.60,12,48
2026-06-11T10:28:00Z,2052.60,2052.60,2051.96,2052.46,8,32
2026-06-11T10:29:00Z,2052.46,2053.75,2052.46,2053.24,8,37
2026-06-11T10:30:00Z,2053.24,2054.51,2052.50,2054.41,10,31
2026-06-11T10:31:00Z,2054.41,2055.13,2054.41,2054.71,15,43
2026-06-11T10:32:00Z,2054.71,2054.71,2053.42,2053.61,11,43
2026-06-11T10:33:00Z,2053.61,2053.61,2052.37,2053.31,17,43
2026-06-11T10:34:00Z,2053.31,2053.86,2052.81,2053.01,21,30
2026-06-11T10:35:00Z,2053.01,2054.22,2052.51,2052.51,7,46
2026-06-11T10:36:00Z,2052.51,2053.72,2052.13,2053.57,13,34
2026-06-11T10:37:00Z,2053.57,2053.57,2052.49,2052.62,16,46
2026-06-11T10:38:00Z,2052.62,2054.04,2052.62,2053.86,18,46
2026-06-11T10:39:00Z,2053.86,2054.64,2053.70,2054.27,16,33
2026-06-11T10:40:00Z,2054.27,2054.48,2053.39,2053.39,13,42
2026-06-11T10:41:00Z,2053.39,2054.34,2053.39,2053.53,20,33
2026-06-11T10:42:00Z,2053.53,2054.71,2053.31,2054.61,8,42
2026-06-11T10:43:00Z,2054.61,2054.71,2053.53,2053.88,14,30
2026-06-11T10:44:00Z,2053.88,2053.88,2052.07,2053.20,11,31
2026-06-11T10:45:00Z,2053.20,2053.20,2051.43,2051.43,9,32
2026-06-11T10:46:00Z,2051.43,2051.81,2049.98,2049.98,15,41
2026-06-11T10:47:00Z,2049.98,2050.09,2048.22,2048.24,20,43
2026-06-11T10:48:00Z,2048.24,2048.41,2046.95,2047.84,21,48
2026-06-11T10:49:00Z,2047.84,2047.84,2045.40,2045.40,6,44
2026-06-11T10:50:00Z,2045.40,2047.61,2045.40,2046.84,13,40
2026-06-11T10:51:00Z,2046.84,2047.61,2046.47,2046.57,13,32
2026-06-11T10:52:00Z,2046.57,2046.93,2046.17,2046.93,10,44
2026-06-11T10:53:00Z,2046.93,2047.29,2046.28,2046.68,20,41
2026-06-11T10:54:00Z,2046.68,2047.07,2046.47,2046.61,15,30
2026-06-11T10:55:00Z,2046.61,2046.98,2045.23,2045.30,16,31
2026-06-11T10:56:00Z,2045.30,2046.75,2045.30,2046.48,21,32
2026-06-11T10:57:00Z,2046.48,2046.48,2045.29,2045.39,18,40
2026-06-11T10:58:00Z,2045.39,2045.39,2044.43,2044.80,19,47
2026-06-11T10:59:00Z,2044.80,2047.55,2044.23,2047.23,20,35
2026-06-11T11:00:00Z,2047.23,2048.01,2046.97,2047.84,17,37
2026-06-11T11:01:00Z,2047.84,2048.91,2047.51,2048.91,12,39
2026-06-11T11:02:00Z,2048.91,2049.59,2048.19,2048.67,18,43
2026-06-11T11:03:00Z,2048.67,2049.25,2048.45,2048.83,8,47
2026-06-11T11:04:00Z,2048.83,2050.04,2048.51,2049.34,8,36
2026-06-11T11:05:00Z,2049.34,2050.72,2049.34,2050.37,10,33
2026-06-11T11:06:00Z,2050.37,2050.86,2049.93,2050.81,12,41
2026-06-11T11:07:00Z,2050.81,2050.81,2048.95,2049.01,11,40
2026-06-11T11:08:00Z,2049.01,2051.06,2049.01,2051.06,15,43
2026-06-11T11:09:00Z,2051.06,2052.19,2051.06,2052.10,22,44
2026-06-11T11:10:00Z,2052.10,2053.19,2052.10,2053.19,11,41
2026-06-11T11:11:00Z,2053.19,2055.06,2053.19,2055.06,6,47
2026-06-11T11:12:00Z,2055.06,2055.24,2054.24,2054.24,14,37
2026-06-11T11:13:00Z,2054.24,2054.94,2053.13,2053.51,8,48
2026-06-11T11:14:00Z,2053.51,2053.51,2050.99,2050.99,17,48
2026-06-11T11:15:00Z,2050.99,2051.30,2050.43,2050.43,15,30
2026-06-11T11:16:00Z,2050.43,2051.21,2050.42,2050.86,18,42
2026-06-11T11:17:00Z,2050.86,2051.12,2050.12,2050.88,16,48
2026-06-11T11:18:00Z,2050.88,2051.43,2050.28,2050.40,9,44
2026-06-11T11:19:00Z,2050.40,2051.17,2049.60,2050.01,10,41
2026-06-11T11:20:00Z,2050.01,2050.25,2049.51,2049.93,20,45
2026-06-11T11:21:00Z,2049.93,2050.91,2049.50,2050.81,14,33
2026-06-11T11:22:00Z,2050.81,2051.31,2050.51,2050.89,18,33
2026-06-11T11:23:00Z,2050.89,2051.73,2050.89,2051.07,7,37
2026-06-11T11:24:00Z,2051.07,2051.24,2049.46,2049.46,14,39
2026-06-11T11:25:00Z,2049.46,2049.53,2048.69,2048.69,20,37
2026-06-11T11:26:00Z,2048.69,2049.40,2048.69,2048.76,17,47
2026-06-11T11:27:00Z,2048.76,2048.76,2047.16,2047.16,10,44
2026-06-11T11:28:00Z,2047.16,2047.82,2047.09,2047.66,13,34
2026-06-11T11:29:00Z,2047.66,2048.80,2047.41,2048.80,16,41
2026-06-11T11:30:00Z,2048.80,2048.93,2048.03,2048.43,17,47
2026-06-11T11:31:00Z,2048.43,2049.51,2048.43,2049.51,22,33
2026-06-11T11:32:00Z,2049.51,2049.51,2048.68,2048.68,16,47
2026-06-11T11:33:00Z,2048.68,2048.91,2047.97,2048.91,21,33
2026-06-11T11:34:00Z,2048.91,2048.91,2047.61,2047.61,14,32
2026-06-11T11:35:00Z,2047.61,2047.79,2047.27,2047.48,17,33
2026-06-11T11:36:00Z,2047.48,2048.75,2047.48,2048.60,21,48
2026-06-11T11:37:00Z,2048.60,2048.60,2046.84,2047.40,12,44
2026-06-11T11:38:00Z,2047.40,2048.57,2046.50,2046.50,10,47
2026-06-11T11:39:00Z,2046.50,2046.87,2044.92,2044.92,13,31
2026-06-11T11:40:00Z,2044.92,2045.46,2044.46,2045.46,19,37
2026-06-11T11:41:00Z,2045.46,2046.19,2045.43,2045.95,9,48
2026-06-11T11:42:00Z,2045.95,2046.06,2044.58,2045.11,23,30
2026-06-11T11:43:00Z,2045.11,2045.66,2044.88,2045.13,17,36
2026-06-11T11:44:00Z,2045.13,2046.09,2045.13,2045.42,20,35
2026-06-11T11:45:00Z,2045.42,2045.46,2044.61,2045.14,19,41
2026-06-11T11:46:00Z,2045.14,2045.16,2044.53,2044.62,20,35
2026-06-11T11:47:00Z,2044.62,2045.11,2044.33,2044.86,17,33
2026-06-11T11:48:00Z,2044.86,2046.44,2044.10,2046.05,13,45
2026-06-11T11:49:00Z,2046.05,2046.19,2044.49,2044.60,18,44
2026-06-11T11:50:00Z,2044.60,2045.38,2043.93,2045.38,20,44
2026-06-11T11:51:00Z,2045.38,2045.71,2043.83,2043.83,13,45
2026-06-11T11:52:00Z,2043.83,2045.24,2043.14,2044.41,17,40
2026-06-11T11:53:00Z,2044.41,2045.25,2044.20,2045.25,12,46
2026-06-11T11:54:00Z,2045.25,2047.30,2045.25,2047.10,22,45
2026-06-11T11:55:00Z,2047.10,2047.10,2045.58,2046.32,25,38
2026-06-11T11:56:00Z,2046.32,2047.83,2046.32,2047.18,11,48
2026-06-11T11:57:00Z,2047.18,2048.88,2047.18,2048.34,24,33
2026-06-11T11:58:00Z,2048.34,2048.34,2046.89,2047.45,11,31
2026-06-11T11:59:00Z,2047.45,2048.61,2047.45,2048.41,23,36
2026-06-11T12:00:00Z,2048.41,2048.80,2047.01,2047.01,24,36
2026-06-11T12:01:00Z,2047.01,2047.47,2046.49,2047.47,25,46
2026-06-11T12:02:00Z,2047.47,2049.75,2047.46,2049.65,11,33
2026-06-11T12:03:00Z,2049.65,2049.65,2048.31,2048.31,26,36
2026-06-11T12:04:00Z,2048.31,2048.31,2046.02,2046.68,13,39
2026-06-11T12:05:00Z,2046.68,2047.75,2046.68,2047.04,22,38
2026-06-11T12:06:00Z,2047.04,2047.35,2046.17,2046.21,14,41
2026-06-11T12:07:00Z,2046.21,2047.63,2046.14,2047.58,11,34
2026-06-11T12:08:00Z,2047.58,2048.01,2047.03,2047.03,27,37
2026-06-11T12:09:00Z,2047.03,2047.03,2045.35,2045.60,15,33
2026-06-11T12:10:00Z,2045.60,2047.19,2045.60,2047.09,25,30
2026-06-11T12:11:00Z,2047.09,2047.54,2046.77,2047.54,19,42
2026-06-11T12:12:00Z,2047.54,2047.55,2046.31,2046.38,14,34
2026-06-11T12:13:00Z,2046.38,2047.27,2046.18,2047.19,21,44
2026-06-11T12:14:00Z,2047.19,2047.83,2047.01,2047.38,28,33
2026-06-11T12:15:00Z,2047.38,2047.61,2045.50,2045.50,28,30
2026-06-11T12:16:00Z,2045.50,2046.63,2045.38,2046.62,17,31
2026-06-11T12:17:00Z,2046.62,2047.27,2046.62,2047.26,19,35
2026-06-11T12:18:00Z,2047.26,2049.04,2047.26,2047.99,14,46
2026-06-11T12:19:00Z,2047.99,2049.04,2047.81,2047.92,18,34
2026-06-11T12:20:00Z,2047.92,2048.56,2047.75,2048.26,13,47
2026-06-11T12:21:00Z,2048.26,2048.70,2047.69,2048.19,18,33
2026-06-11T12:22:00Z,2048.19,2048.91,2048.06,2048.58,26,31
2026-06-11T12:23:00Z,2048.58,2049.36,2047.33,2047.34,15,43
2026-06-11T12:24:00Z,2047.34,2047.40,2044.73,2044.73,27,46
2026-06-11T12:25:00Z,2044.73,2045.18,2044.17,2045.10,26,44
2026-06-11T12:26:00Z,2045.10,2046.43,2045.10,2046.43,21,33
2026-06-11T12:27:00Z,2046.43,2046.43,2044.44,2044.58,14,37
2026-06-11T12:28:00Z,2044.58,2045.24,2044.29,2045.13,24,36
2026-06-11T12:29:00Z,2045.13,2045.76,2044.97,2045.46,26,39
2026-06-11T12:30:00Z,2045.46,2045.57,2044.97,2045.57,21,32
2026-06-11T12:31:00Z,2045.57,2046.35,2045.57,2046.02,19,48
2026-06-11T12:32:00Z,2046.02,2047.56,2045.83,2046.21,23,33
2026-06-11T12:33:00Z,2046.21,2046.21,2044.18,2044.18,31,42
2026-06-11T12:34:00Z,2044.18,2044.31,2043.10,2043.32,16,31
2026-06-11T12:35:00Z,2043.32,2043.32,2042.41,2042.49,19,31
2026-06-11T12:36:00Z,2042.49,2043.06,2041.85,2042.87,25,39
2026-06-11T12:37:00Z,2042.87,2043.31,2042.24,2042.64,16,30
2026-06-11T12:38:00Z,2042.64,2042.64,2041.39,2041.39,18,44
2026-06-11T12:39:00Z,2041.39,2041.88,2040.80,2041.39,30,48
2026-06-11T12:40:00Z,2041.39,2041.44,2040.48,2040.91,33,44
2026-06-11T12:41:00Z,2040.91,2041.39,2039.93,2041.39,22,40
2026-06-11T12:42:00Z,2041.39,2042.33,2041.39,2042.09,17,33
2026-06-11T12:43:00Z,2042.09,2042.33,2041.72,2042.00,27,38
2026-06-11T12:44:00Z,2042.00,2042.63,2041.56,2041.90,20,39
2026-06-11T12:45:00Z,2041.90,2041.92,2040.13,2040.13,30,47
2026-06-11T12:46:00Z,2040.13,2040.13,2037.89,2038.04,20,31
2026-06-11T12:47:00Z,2038.04,2038.39,2037.31,2038.39,20,37
2026-06-11T12:48:00Z,2038.39,2039.30,2037.90,2037.90,24,39
2026-06-11T12:49:00Z,2037.90,2038.56,2037.25,2038.56,28,41
2026-06-11T12:50:00Z,2038.56,2039.00,2038.10,2038.80,31,40
2026-06-11T12:51:00Z,2038.80,2039.62,2038.79,2039.02,31,41
2026-06-11T12:52:00Z,2039.02,2040.21,2039.02,2039.94,32,37
2026-06-11T12:53:00Z,2039.94,2040.38,2039.40,2039.80,26,36
2026-06-11T12:54:00Z,2039.80,2040.06,2039.05,2039.40,32,46
2026-06-11T12:55:00Z,2039.40,2039.46,2038.37,2038.94,36,36
2026-06-11T12:56:00Z,2038.94,2040.10,2038.52,2039.54,34,34
2026-06-11T12:57:00Z,2039.54,2040.37,2039.22,2040.37,33,42
2026-06-11T12:58:00Z,2040.37,2040.37,2038.52,2038.77,26,34
2026-06-11T12:59:00Z,2038.77,2039.43,2038.20,2039.33,38,45
2026-06-11T13:00:00Z,2039.33,2039.77,2038.54,2038.54,29,45
2026-06-11T13:01:00Z,2038.54,2039.92,2038.54,2039.87,23,31
2026-06-11T13:02:00Z,2039.87,2040.33,2039.59,2039.88,36,41
2026-06-11T13:03:00Z,2039.88,2040.29,2039.33,2040.17,33,39
2026-06-11T13:04:00Z,2040.17,2040.17,2039.23,2039.98,37,31
2026-06-11T13:05:00Z,2039.98,2039.98,2039.20,2039.40,27,38
2026-06-11T13:06:00Z,2039.40,2039.57,2038.65,2039.24,32,45
2026-06-11T13:07:00Z,2039.24,2042.58,2039.24,2042.58,30,34
2026-06-11T13:08:00Z,2042.58,2043.77,2042.39,2043.60,31,32
2026-06-11T13:09:00Z,2043.60,2043.90,2043.24,2043.24,31,36
2026-06-11T13:10:00Z,2043.24,2044.34,2043.24,2043.28,28,39
2026-06-11T13:11:00Z,2043.28,2043.60,2042.13,2043.60,32,37
2026-06-11T13:12:00Z,2043.60,2043.77,2042.75,2042.75,40,37
2026-06-11T13:13:00Z,2042.75,2042.75,2040.72,2041.07,33,35
2026-06-11T13:14:00Z,2041.07,2041.07,2039.56,2040.21,29,43
2026-06-11T13:15:00Z,2040.21,2040.68,2039.05,2039.05,30,39
2026-06-11T13:16:00Z,2039.05,2039.05,2038.22,2038.81,27,47
2026-06-11T13:17:00Z,2038.81,2039.21,2037.75,2037.98,40,38
2026-06-11T13:18:00Z,2037.98,2039.30,2037.78,2038.59,35,41
2026-06-11T13:19:00Z,2038.59,2038.88,2037.72,2037.72,31,47
2026-06-11T13:20:00Z,2037.72,2038.35,2037.29,2038.35,41,30
2026-06-11T13:21:00Z,2038.35,2038.85,2037.84,2038.03,35,30
2026-06-11T13:22:00Z,2038.03,2038.93,2037.61,2037.89,42,38
2026-06-11T13:23:00Z,2037.89,2037.96,2036.23,2036.51,34,42
2026-06-11T13:24:00Z,2036.51,2036.56,2035.58,2035.58,43,43
2026-06-11T13:25:00Z,2035.58,2036.02,2034.86,2034.96,34,31
2026-06-11T13:26:00Z,2034.96,2036.30,2034.96,2035.12,31,38
2026-06-11T13:27:00Z,2035.12,2035.69,2034.87,2034.89,38,42
2026-06-11T13:28:00Z,2034.89,2035.84,2034.42,2034.64,34,43
2026-06-11T13:29:00Z,2034.64,2035.47,2034.39,2034.39,45,39
2026-06-11T13:30:00Z,2034.39,2034.68,2033.60,2033.60,38,33
2026-06-11T13:31:00Z,2033.60,2035.12,2033.60,2035.12,33,33
2026-06-11T13:32:00Z,2035.12,2036.99,2034.43,2036.69,45,35
2026-06-11T13:33:00Z,2036.69,2037.66,2036.69,2036.83,38,30
2026-06-11T13:34:00Z,2036.83,2038.32,2036.23,2036.23,38,45
2026-06-11T13:35:00Z,2036.23,2037.16,2036.23,2036.57,41,30
2026-06-11T13:36:00Z,2036.57,2039.12,2036.57,2039.12,43,31
2026-06-11T13:37:00Z,2039.12,2039.26,2037.25,2037.30,34,44
2026-06-11T13:38:00Z,2037.30,2038.19,2037.10,2037.10,37,30
2026-06-11T13:39:00Z,2037.10,2037.26,2036.32,2036.69,39,39
2026-06-11T13:40:00Z,2036.69,2037.05,2036.39,2036.94,39,31
2026-06-11T13:41:00Z,2036.94,2037.13,2035.95,2036.24,41,33
2026-06-11T13:42:00Z,2036.24,2036.24,2034.73,2034.99,40,37
2026-06-11T13:43:00Z,2034.99,2035.15,2033.29,2033.76,47,44
2026-06-11T13:44:00Z,2033.76,2035.26,2033.76,2034.70,44,32
2026-06-11T13:45:00Z,2034.70,2035.00,2034.29,2034.54,37,37
2026-06-11T13:46:00Z,2034.54,2034.54,2033.72,2034.51,42,32
2026-06-11T13:47:00Z,2034.51,2034.51,2033.70,2034.29,42,38
2026-06-11T13:48:00Z,2034.29,2034.81,2033.38,2034.81,40,42
2026-06-11T13:49:00Z,2034.81,2034.81,2033.43,2033.43,49,46
2026-06-11T13:50:00Z,2033.43,2033.43,2031.90,2032.01,38,36
2026-06-11T13:51:00Z,2032.01,2032.03,2030.43,2030.95,53,36
2026-06-11T13:52:00Z,2030.95,2030.95,2029.90,2030.12,40,40
2026-06-11T13:53:00Z,2030.12,2031.64,2030.12,2031.41,43,46
2026-06-11T13:54:00Z,2031.41,2031.41,2030.34,2030.84,52,32
2026-06-11T13:55:00Z,2030.84,2033.03,2030.74,2032.75,44,36
2026-06-11T13:56:00Z,2032.75,2034.91,2032.75,2034.91,44,37
2026-06-11T13:57:00Z,2034.91,2036.48,2034.63,2036.26,50,35
2026-06-11T13:58:00Z,2036.26,2036.41,2035.49,2035.64,57,44
2026-06-11T13:59:00Z,2035.64,2036.26,2035.20,2035.20,48,32
2026-06-12T08:00:00Z,2029.45,2031.00,2029.45,2031.00,54,147
2026-06-12T08:01:00Z,2031.00,2032.24,2031.00,2032.07,51,136
2026-06-12T08:02:00Z,2032.07,2032.62,2031.43,2032.45,43,106
2026-06-12T08:03:00Z,2032.45,2032.45,2030.54,2030.89,48,90
2026-06-12T08:04:00Z,2030.89,2031.40,2030.27,2030.83,52,80
2026-06-12T08:05:00Z,2030.83,2031.69,2030.83,2031.66,40,98
2026-06-12T08:06:00Z,2031.66,2031.70,2030.67,2030.78,42,98
2026-06-12T08:07:00Z,2030.78,2030.97,2029.41,2029.41,54,67
2026-06-12T08:08:00Z,2029.41,2030.26,2029.19,2029.91,39,102
2026-06-12T08:09:00Z,2029.91,2029.91,2026.68,2027.73,48,73
2026-06-12T08:10:00Z,2027.73,2028.39,2027.56,2027.88,39,63
2026-06-12T08:11:00Z,2027.88,2027.88,2026.72,2027.49,49,66
2026-06-12T08:12:00Z,2027.49,2028.43,2027.33,2028.13,53,85
2026-06-12T08:13:00Z,2028.13,2028.20,2026.96,2027.42,47,72
2026-06-12T08:14:00Z,2027.42,2027.59,2026.37,2026.39,49,61
2026-06-12T08:15:00Z,2026.39,2026.97,2025.87,2026.07,46,65
2026-06-12T08:16:00Z,2026.07,2027.25,2026.07,2026.95,41,60
2026-06-12T08:17:00Z,2026.95,2028.26,2026.56,2027.89,50,54
2026-06-12T08:18:00Z,2027.89,2029.39,2027.89,2028.65,43,48
2026-06-12T08:19:00Z,2028.65,2030.29,2028.55,2029.44,50,49
2026-06-12T08:20:00Z,2029.44,2030.36,2028.80,2028.80,49,64
2026-06-12T08:21:00Z,2028.80,2030.22,2028.80,2029.94,37,41
2026-06-12T08:22:00Z,2029.94,2029.94,2027.42,2027.42,48,54
2026-06-12T08:23:00Z,2027.42,2028.50,2025.66,2025.66,43,52
2026-06-12T08:24:00Z,2025.66,2027.69,2025.57,2027.69,49,53
2026-06-12T08:25:00Z,2027.69,2028.14,2027.47,2027.87,37,43
2026-06-12T08:26:00Z,2027.87,2028.01,2027.13,2027.87,41,55
2026-06-12T08:27:00Z,2027.87,2029.58,2027.80,2028.49,45,54
2026-06-12T08:28:00Z,2028.49,2031.10,2028.49,2030.62,44,46
2026-06-12T08:29:00Z,2030.62,2030.78,2029.65,2029.79,40,47
2026-06-12T08:30:00Z,2029.79,2029.91,2028.53,2028.53,47,52
2026-06-12T08:31:00Z,2028.53,2029.10,2027.93,2028.01,36,44
2026-06-12T08:32:00Z,2028.01,2028.01,2027.29,2027.68,42,47
2026-06-12T08:33:00Z,2027.68,2027.96,2027.12,2027.50,40,50
2026-06-12T08:34:00Z,2027.50,2027.74,2026.91,2027.74,39,38
2026-06-12T08:35:00Z,2027.74,2028.03,2026.40,2026.40,45,47
2026-06-12T08:36:00Z,2026.40,2027.52,2026.40,2027.30,33,40
2026-06-12T08:37:00Z,2027.30,2027.39,2026.35,2027.39,31,44
2026-06-12T08:38:00Z,2027.39,2027.90,2026.91,2027.42,36,47
2026-06-12T08:39:00Z,2027.42,2029.57,2027.37,2029.19,35,42
2026-06-12T08:40:00Z,2029.19,2030.26,2028.73,2030.12,44,51
2026-06-12T08:41:00Z,2030.12,2030.12,2028.48,2029.74,41,32
2026-06-12T08:42:00Z,2029.74,2032.27,2029.74,2032.27,27,34
2026-06-12T08:43:00Z,2032.27,2033.49,2032.23,2032.69,30,34
2026-06-12T08:44:00Z,2032.69,2032.74,2031.36,2031.36,41,40
2026-06-12T08:45:00Z,2031.36,2032.03,2031.00,2031.80,31,50
2026-06-12T08:46:00Z,2031.80,2031.80,2030.12,2030.45,37,45
2026-06-12T08:47:00Z,2030.45,2031.20,2029.67,2031.20,38,37
2026-06-12T08:48:00Z,2031.20,2031.20,2029.65,2030.79,32,32
2026-06-12T08:49:00Z,2030.79,2030.79,2029.87,2030.15,30,34
2026-06-12T08:50:00Z,2030.15,2032.04,2030.15,2031.57,40,48
2026-06-12T08:51:00Z,2031.57,2031.57,2030.88,2031.10,31,40
2026-06-12T08:52:00Z,2031.10,2031.35,2030.68,2030.91,40,46
2026-06-12T08:53:00Z,2030.91,2031.72,2030.89,2031.71,38,45
2026-06-12T08:54:00Z,2031.71,2033.58,2031.71,2033.58,40,37
2026-06-12T08:55:00Z,2033.58,2033.58,2032.41,2032.53,36,37
2026-06-12T08:56:00Z,2032.53,2032.53,2031.00,2031.00,29,34
2026-06-12T08:57:00Z,2031.00,2031.21,2030.16,2030.16,37,31
2026-06-12T08:58:00Z,2030.16,2031.58,2029.96,2031.46,38,33
2026-06-12T08:59:00Z,2031.46,2031.50,2031.11,2031.17,34,44
2026-06-12T09:00:00Z,2031.17,2031.53,2030.53,2030.99,33,46
2026-06-12T09:01:00Z,2030.99,2031.48,2030.80,2030.89,26,49
2026-06-12T09:02:00Z,2030.89,2031.19,2029.98,2030.48,23,34
2026-06-12T09:03:00Z,2030.48,2030.48,2029.25,2029.77,25,36
2026-06-12T09:04:00Z,2029.77,2030.06,2028.84,2028.84,30,39
2026-06-12T09:05:00Z,2028.84,2028.86,2027.66,2028.85,22,38
2026-06-12T09:06:00Z,2028.85,2029.05,2028.20,2028.83,28,31
2026-06-12T09:07:00Z,2028.83,2029.83,2028.80,2029.45,29,38
2026-06-12T09:08:00Z,2029.45,2029.74,2027.97,2027.97,26,46
2026-06-12T09:09:00Z,2027.97,2029.04,2027.90,2028.97,20,37
2026-06-12T09:10:00Z,2028.97,2029.46,2028.37,2028.37,33,35
2026-06-12T09:11:00Z,2028.37,2029.35,2028.33,2028.83,29,35
2026-06-12T09:12:00Z,2028.83,2029.51,2028.54,2028.87,20,35
2026-06-12T09:13:00Z,2028.87,2030.63,2028.87,2030.63,25,42
2026-06-12T09:14:00Z,2030.63,2031.12,2030.17,2030.30,26,39
2026-06-12T09:15:00Z,2030.30,2030.51,2029.50,2030.51,25,44
2026-06-12T09:16:00Z,2030.51,2030.76,2030.38,2030.42,20,37
2026-06-12T09:17:00Z,2030.42,2030.53,2029.39,2029.66,20,48
2026-06-12T09:18:00Z,2029.66,2029.66,2028.62,2028.74,17,48
2026-06-12T09:19:00Z,2028.74,2030.00,2028.73,2030.00,28,46
2026-06-12T09:20:00Z,2030.00,2030.27,2029.05,2029.05,24,44
2026-06-12T09:21:00Z,2029.05,2029.55,2028.83,2028.83,21,30
2026-06-12T09:22:00Z,2028.83,2028.83,2027.33,2027.33,25,32
2026-06-12T09:23:00Z,2027.33,2027.78,2027.10,2027.62,29,43
2026-06-12T09:24:00Z,2027.62,2027.62,2026.48,2027.44,18,42
2026-06-12T09:25:00Z,2027.44,2028.23,2027.31,2027.99,29,31
2026-06-12T09:26:00Z,2027.99,2029.11,2027.77,2029.04,19,40
2026-06-12T09:27:00Z,2029.04,2029.57,2028.61,2028.75,15,45
2026-06-12T09:28:00Z,2028.75,2028.75,2027.48,2027.48,21,35
2026-06-12T09:29:00Z,2027.48,2027.48,2025.78,2025.78,27,45
2026-06-12T09:30:00Z,2025.78,2025.78,2023.86,2023.98,24,43
2026-06-12T09:31:00Z,2023.98,2023.98,2021.02,2021.23,31,35
2026-06-12T09:32:00Z,2021.23,2021.23,2020.76,2020.89,21,47
2026-06-12T09:33:00Z,2020.89,2021.39,2020.82,2021.39,24,41
2026-06-12T09:34:00Z,2021.39,2022.05,2021.27,2021.36,25,44
2026-06-12T09:35:00Z,2021.36,2021.63,2021.00,2021.23,25,38
2026-06-12T09:36:00Z,2021.23,2021.23,2018.85,2018.85,20,32
2026-06-12T09:37:00Z,2018.85,2019.46,2018.26,2019.38,13,32
2026-06-12T09:38:00Z,2019.38,2019.38,2018.38,2019.08,26,34
2026-06-12T09:39:00Z,2019.08,2019.75,2018.56,2019.33,21,30
2026-06-12T09:40:00Z,2019.33,2019.58,2019.06,2019.48,20,48
2026-06-12T09:41:00Z,2019.48,2020.03,2019.38,2019.87,17,37
2026-06-12T09:42:00Z,2019.87,2020.04,2018.96,2019.24,20,30
2026-06-12T09:43:00Z,2019.24,2019.50,2019.06,2019.30,18,41
2026-06-12T09:44:00Z,2019.30,2020.22,2019.16,2020.01,12,43
2026-06-12T09:45:00Z,2020.01,2021.73,2020.01,2021.44,16,36
2026-06-12T09:46:00Z,2021.44,2021.44,2020.28,2020.70,23,39
2026-06-12T09:47:00Z,2020.70,2020.76,2019.73,2020.15,12,35
2026-06-12T09:48:00Z,2020.15,2020.62,2019.82,2020.06,14,30
2026-06-12T09:49:00Z,2020.06,2020.06,2017.95,2018.97,16,39
2026-06-12T09:50:00Z,2018.97,2019.61,2018.63,2019.52,27,46
2026-06-12T09:51:00Z,2019.52,2019.52,2017.44,2017.93,21,39
2026-06-12T09:52:00Z,2017.93,2018.71,2017.52,2018.71,22,30
2026-06-12T09:53:00Z,2018.71,2018.71,2017.11,2017.11,20,42
2026-06-12T09:54:00Z,2017.11,2017.74,2016.69,2017.67,14,30
2026-06-12T09:55:00Z,2017.67,2017.67,2015.12,2015.12,23,47
2026-06-12T09:56:00Z,2015.12,2015.26,2014.33,2014.33,13,32
2026-06-12T09:57:00Z,2014.33,2015.12,2013.85,2015.12,16,46
2026-06-12T09:58:00Z,2015.12,2015.32,2013.82,2013.88,19,39
2026-06-12T09:59:00Z,2013.88,2014.31,2012.02,2012.02,26,36
2026-06-12T10:00:00Z,2012.02,2012.68,2011.74,2012.37,17,30
2026-06-12T10:01:00Z,2012.37,2013.76,2012.15,2013.76,14,41
2026-06-12T10:02:00Z,2013.76,2013.98,2013.50,2013.50,17,36
2026-06-12T10:03:00Z,2013.50,2014.39,2012.65,2014.39,22,47
2026-06-12T10:04:00Z,2014.39,2015.65,2014.11,2015.64,17,35
2026-06-12T10:05:00Z,2015.64,2015.84,2014.81,2015.31,18,40
2026-06-12T10:06:00Z,2015.31,2016.33,2015.31,2016.18,16,34
2026-06-12T10:07:00Z,2016.18,2017.11,2016.17,2016.17,11,38
2026-06-12T10:08:00Z,2016.17,2016.17,2015.12,2015.33,21,41
2026-06-12T10:09:00Z,2015.33,2016.01,2014.81,2015.88,11,35
2026-06-12T10:10:00Z,2015.88,2015.88,2014.64,2015.01,12,43
2026-06-12T10:11:00Z,2015.01,2015.47,2014.81,2015.36,15,48
2026-06-12T10:12:00Z,2015.36,2015.87,2014.87,2015.86,11,43
2026-06-12T10:13:00Z,2015.86,2016.95,2015.86,2016.54,12,38
2026-06-12T10:14:00Z,2016.54,2018.41,2016.54,2018.32,20,31
2026-06-12T10:15:00Z,2018.32,2018.32,2017.10,2017.10,11,41
2026-06-12T10:16:00Z,2017.10,2017.10,2015.92,2016.69,8,37
2026-06-12T10:17:00Z,2016.69,2016.81,2015.32,2015.87,11,36
2026-06-12T10:18:00Z,2015.87,2015.87,2014.01,2014.54,17,48
2026-06-12T10:19:00Z,2014.54,2014.73,2013.94,2014.45,19,47
2026-06-12T10:20:00Z,2014.45,2015.81,2014.44,2015.53,13,32
2026-06-12T10:21:00Z,2015.53,2015.53,2014.49,2015.21,22,34
2026-06-12T10:22:00Z,2015.21,2015.70,2014.58,2015.12,19,33
2026-06-12T10:23:00Z,2015.12,2015.73,2014.80,2014.82,12,36
2026-06-12T10:24:00Z,2014.82,2016.00,2014.69,2015.15,14,48
2026-06-12T10:25:00Z,2015.15,2015.45,2014.63,2014.71,15,37
2026-06-12T10:26:00Z,2014.71,2015.17,2014.31,2015.17,19,30
2026-06-12T10:27:00Z,2015.17,2015.17,2013.65,2013.67,11,30
2026-06-12T10:28:00Z,2013.67,2014.19,2013.62,2013.82,23,37
2026-06-12T10:29:00Z,2013.82,2015.23,2013.10,2014.54,18,33
2026-06-12T10:30:00Z,2014.54,2015.29,2014.23,2014.92,17,32
2026-06-12T10:31:00Z,2014.92,2015.21,2014.31,2014.40,12,42
2026-06-12T10:32:00Z,2014.40,2014.48,2013.57,2014.48,15,47
2026-06-12T10:33:00Z,2014.48,2014.84,2013.66,2014.32,15,32
2026-06-12T10:34:00Z,2014.32,2014.48,2012.82,2013.44,7,43
2026-06-12T10:35:00Z,2013.44,2016.02,2013.23,2016.02,20,44
2026-06-12T10:36:00Z,2016.02,2016.96,2014.92,2016.96,11,47
2026-06-12T10:37:00Z,2016.96,2017.53,2016.71,2017.02,22,38
2026-06-12T10:38:00Z,2017.02,2017.02,2016.15,2016.55,20,39
2026-06-12T10:39:00Z,2016.55,2016.55,2015.39,2016.25,11,48
2026-06-12T10:40:00Z,2016.25,2016.25,2014.40,2014.40,19,34
2026-06-12T10:41:00Z,2014.40,2015.65,2014.40,2015.31,13,46
2026-06-12T10:42:00Z,2015.31,2015.54,2014.58,2015.54,14,43
2026-06-12T10:43:00Z,2015.54,2015.60,2015.07,2015.44,12,39
2026-06-12T10:44:00Z,2015.44,2015.44,2014.51,2015.09,20,44
2026-06-12T10:45:00Z,2015.09,2015.76,2014.70,2015.30,20,47
2026-06-12T10:46:00Z,2015.30,2017.39,2015.30,2017.39,17,44
2026-06-12T10:47:00Z,2017.39,2019.03,2017.18,2019.03,13,45
2026-06-12T10:48:00Z,2019.03,2020.86,2019.03,2020.78,22,36
2026-06-12T10:49:00Z,2020.78,2022.52,2020.78,2022.52,15,47
2026-06-12T10:50:00Z,2022.52,2024.28,2022.09,2024.28,21,34
2026-06-12T10:51:00Z,2024.28,2024.91,2023.53,2024.91,13,45
2026-06-12T10:52:00Z,2024.91,2025.52,2024.84,2025.25,11,34
2026-06-12T10:53:00Z,2025.25,2025.26,2024.19,2024.82,18,39
2026-06-12T10:54:00Z,2024.82,2025.94,2024.41,2025.03,7,33
2026-06-12T10:55:00Z,2025.03,2025.90,2024.91,2025.90,21,41
2026-06-12T10:56:00Z,2025.90,2026.45,2025.47,2026.27,18,42
2026-06-12T10:57:00Z,2026.27,2026.91,2024.79,2024.79,16,30
2026-06-12T10:58:00Z,2024.79,2024.87,2023.12,2023.12,16,31
2026-06-12T10:59:00Z,2023.12,2023.20,2022.04,2022.05,15,43
2026-06-12T11:00:00Z,2022.05,2022.13,2021.17,2022.12,22,42
2026-06-12T11:01:00Z,2022.12,2022.20,2021.39,2022.01,16,42
2026-06-12T11:02:00Z,2022.01,2022.08,2020.73,2021.03,21,37
2026-06-12T11:03:00Z,2021.03,2021.50,2020.53,2020.53,21,39
2026-06-12T11:04:00Z,2020.53,2020.53,2019.63,2020.24,17,44
2026-06-12T11:05:00Z,2020.24,2021.27,2020.14,2020.94,9,47
2026-06-12T11:06:00Z,2020.94,2020.94,2019.44,2020.15,13,37
2026-06-12T11:07:00Z,2020.15,2020.37,2019.68,2020.37,13,42
2026-06-12T11:08:00Z,2020.37,2020.37,2018.74,2018.74,7,30
2026-06-12T11:09:00Z,2018.74,2019.56,2018.35,2019.56,21,47
2026-06-12T11:10:00Z,2019.56,2019.63,2018.18,2018.30,22,44
2026-06-12T11:11:00Z,2018.30,2018.34,2017.61,2018.34,6,36
2026-06-12T11:12:00Z,2018.34,2018.85,2017.84,2017.84,19,40
2026-06-12T11:13:00Z,2017.84,2017.94,2016.52,2017.51,8,47
2026-06-12T11:14:00Z,2017.51,2018.41,2017.51,2018.26,16,40
2026-06-12T11:15:00Z,2018.26,2018.63,2016.95,2018.29,14,31
2026-06-12T11:16:00Z,2018.29,2018.95,2017.79,2017.79,13,46
2026-06-12T11:17:00Z,2017.79,2018.51,2017.79,2018.45,15,44
2026-06-12T11:18:00Z,2018.45,2018.92,2017.96,2018.53,21,46
2026-06-12T11:19:00Z,2018.53,2019.04,2017.53,2018.21,14,34
2026-06-12T11:20:00Z,2018.21,2018.83,2017.99,2018.83,18,30
2026-06-12T11:21:00Z,2018.83,2018.83,2017.27,2017.27,16,34
2026-06-12T11:22:00Z,2017.27,2017.97,2016.71,2016.80,18,40
2026-06-12T11:23:00Z,2016.80,2016.95,2015.46,2015.46,12,32
2026-06-12T11:24:00Z,2015.46,2016.72,2015.35,2016.72,9,39
2026-06-12T11:25:00Z,2016.72,2017.56,2016.08,2017.56,20,36
2026-06-12T11:26:00Z,2017.56,2018.12,2016.31,2016.94,9,45
2026-06-12T11:27:00Z,2016.94,2017.75,2016.49,2017.32,13,34
2026-06-12T11:28:00Z,2017.32,2017.99,2016.86,2017.99,7,48
2026-06-12T11:29:00Z,2017.99,2018.51,2017.53,2017.53,18,42
2026-06-12T11:30:00Z,2017.53,2019.53,2017.53,2018.85,15,42
2026-06-12T11:31:00Z,2018.85,2018.90,2018.24,2018.24,9,43
2026-06-12T11:32:00Z,2018.24,2018.24,2016.72,2016.80,11,32
2026-06-12T11:33:00Z,2016.80,2017.10,2016.12,2016.56,7,32
2026-06-12T11:34:00Z,2016.56,2016.56,2015.24,2015.74,7,39
2026-06-12T11:35:00Z,2015.74,2016.19,2015.22,2015.86,18,36
2026-06-12T11:36:00Z,2015.86,2015.86,2014.81,2014.81,17,44
2026-06-12T11:37:00Z,2014.81,2014.83,2013.07,2013.07,16,31
2026-06-12T11:38:00Z,2013.07,2013.07,2011.07,2011.37,9,35
2026-06-12T11:39:00Z,2011.37,2011.74,2010.92,2011.15,23,40
2026-06-12T11:40:00Z,2011.15,2011.40,2010.01,2010.01,22,32
2026-06-12T11:41:00Z,2010.01,2010.88,2009.34,2010.88,24,45
2026-06-12T11:42:00Z,2010.88,2011.30,2010.55,2011.11,8,30
2026-06-12T11:43:00Z,2011.11,2011.23,2010.66,2010.90,18,33
2026-06-12T11:44:00Z,2010.90,2010.90,2009.41,2009.41,23,33
2026-06-12T11:45:00Z,2009.41,2009.81,2009.04,2009.22,12,42
2026-06-12T11:46:00Z,2009.22,2009.45,2007.95,2007.95,15,38
2026-06-12T11:47:00Z,2007.95,2008.33,2007.56,2008.01,12,40
2026-06-12T11:48:00Z,2008.01,2008.89,2007.91,2008.89,24,37
2026-06-12T11:49:00Z,2008.89,2008.89,2007.52,2008.14,24,43
2026-06-12T11:50:00Z,2008.14,2008.14,2006.93,2006.93,14,33
2026-06-12T11:51:00Z,2006.93,2007.19,2005.91,2005.94,12,31
2026-06-12T11:52:00Z,2005.94,2007.25,2005.75,2006.52,23,36
2026-06-12T11:53:00Z,2006.52,2006.71,2006.14,2006.19,23,38
2026-06-12T11:54:00Z,2006.19,2006.69,2005.86,2006.29,16,30
2026-06-12T11:55:00Z,2006.29,2006.86,2005.67,2005.86,22,33
2026-06-12T11:56:00Z,2005.86,2007.58,2005.86,2007.58,24,40
2026-06-12T11:57:00Z,2007.58,2008.22,2006.79,2007.13,18,32
2026-06-12T11:58:00Z,2007.13,2009.05,2007.13,2009.05,14,31
2026-06-12T11:59:00Z,2009.05,2010.07,2008.97,2009.57,26,46
2026-06-12T12:00:00Z,2009.57,2009.78,2008.76,2009.41,17,45
2026-06-12T12:01:00Z,2009.41,2010.27,2008.84,2010.08,15,48
2026-06-12T12:02:00Z,2010.08,2010.08,2009.20,2009.56,19,40
2026-06-12T12:03:00Z,2009.56,2010.26,2009.29,2009.63,19,43
2026-06-12T12:04:00Z,2009.63,2010.53,2009.12,2010.50,20,33
2026-06-12T12:05:00Z,2010.50,2010.50,2008.16,2008.18,23,46
2026-06-12T12:06:00Z,2008.18,2009.11,2007.90,2009.11,19,45
2026-06-12T12:07:00Z,2009.11,2009.70,2008.40,2009.64,18,30
2026-06-12T12:08:00Z,2009.64,2009.64,2008.78,2009.44,18,46
2026-06-12T12:09:00Z,2009.44,2010.29,2009.28,2009.68,14,43
2026-06-12T12:10:00Z,2009.68,2010.44,2009.65,2010.44,11,44
2026-06-12T12:11:00Z,2010.44,2011.76,2010.44,2011.12,12,48
2026-06-12T12:12:00Z,2011.12,2011.64,2011.00,2011.62,23,30
2026-06-12T12:13:00Z,2011.62,2012.76,2011.47,2012.76,23,42
2026-06-12T12:14:00Z,2012.76,2013.95,2012.76,2013.91,16,31
2026-06-12T12:15:00Z,2013.91,2014.13,2013.21,2014.13,25,46
2026-06-12T12:16:00Z,2014.13,2016.45,2014.13,2016.45,23,41
2026-06-12T12:17:00Z,2016.45,2018.11,2016.45,2018.11,16,39
2026-06-12T12:18:00Z,2018.11,2020.49,2018.11,2020.25,28,40
2026-06-12T12:19:00Z,2020.25,2021.80,2020.03,2021.80,29,38
2026-06-12T12:20:00Z,2021.80,2022.38,2021.32,2021.83,13,34
2026-06-12T12:21:00Z,2021.83,2021.83,2020.59,2020.90,13,37
2026-06-12T12:22:00Z,2020.90,2021.58,2020.77,2020.77,23,33
2026-06-12T12:23:00Z,2020.77,2021.49,2020.58,2020.62,15,32
2026-06-12T12:24:00Z,2020.62,2021.84,2019.93,2021.84,18,38
2026-06-12T12:25:00Z,2021.84,2021.89,2020.61,2021.14,23,40
2026-06-12T12:26:00Z,2021.14,2022.17,2021.14,2022.17,29,34
2026-06-12T12:27:00Z,2022.17,2023.12,2021.80,2022.69,27,31
2026-06-12T12:28:00Z,2022.69,2024.61,2022.64,2024.61,19,43
2026-06-12T12:29:00Z,2024.61,2024.61,2023.57,2023.84,22,32
2026-06-12T12:30:00Z,2023.84,2024.51,2022.13,2022.13,30,31
2026-06-12T12:31:00Z,2022.13,2023.98,2022.13,2023.63,31,34
2026-06-12T12:32:00Z,2023.63,2024.75,2023.52,2023.88,19,35
2026-06-12T12:33:00Z,2023.88,2024.29,2022.60,2022.60,19,39
2026-06-12T12:34:00Z,2022.60,2023.10,2022.05,2023.10,30,46
2026-06-12T12:35:00Z,2023.10,2023.10,2022.15,2022.72,19,34
2026-06-12T12:36:00Z,2022.72,2023.79,2022.09,2023.79,23,42
2026-06-12T12:37:00Z,2023.79,2025.10,2023.43,2025.10,29,41
2026-06-12T12:38:00Z,2025.10,2026.43,2025.07,2026.38,32,33
2026-06-12T12:39:00Z,2026.38,2026.56,2025.77,2025.85,19,35
2026-06-12T12:40:00Z,2025.85,2027.62,2025.61,2027.25,18,38
2026-06-12T12:41:00Z,2027.25,2027.43,2026.13,2026.32,32,35
2026-06-12T12:42:00Z,2026.32,2026.77,2025.96,2026.56,24,36
2026-06-12T12:43:00Z,2026.56,2026.83,2025.35,2025.35,21,30
2026-06-12T12:44:00Z,2025.35,2026.22,2024.98,2025.82,25,38
2026-06-12T12:45:00Z,2025.82,2026.58,2025.18,2025.39,23,40
2026-06-12T12:46:00Z,2025.39,2025.91,2025.22,2025.62,19,42
2026-06-12T12:47:00Z,2025.62,2027.06,2025.48,2026.87,29,31
2026-06-12T12:48:00Z,2026.87,2027.74,2026.87,2027.12,27,45
2026-06-12T12:49:00Z,2027.12,2028.21,2027.12,2028.21,27,42
2026-06-12T12:50:00Z,2028.21,2028.21,2027.18,2028.10,34,44
2026-06-12T12:51:00Z,2028.10,2028.93,2027.85,2028.93,28,46
2026-06-12T12:52:00Z,2028.93,2028.93,2027.28,2028.56,28,34
2026-06-12T12:53:00Z,2028.56,2028.56,2027.79,2027.79,26,34
2026-06-12T12:54:00Z,2027.79,2029.13,2027.37,2028.76,35,32
2026-06-12T12:55:00Z,2028.76,2028.76,2027.22,2027.22,24,39
2026-06-12T12:56:00Z,2027.22,2027.50,2026.21,2027.50,25,36
2026-06-12T12:57:00Z,2027.50,2027.99,2027.12,2027.99,25,46
2026-06-12T12:58:00Z,2027.99,2027.99,2026.96,2027.42,23,47
2026-06-12T12:59:00Z,2027.42,2027.46,2025.44,2025.44,30,44
2026-06-12T13:00:00Z,2025.44,2026.35,2025.11,2025.14,28,47
2026-06-12T13:01:00Z,2025.14,2025.58,2024.85,2025.29,23,36
2026-06-12T13:02:00Z,2025.29,2026.55,2025.16,2026.34,37,45
2026-06-12T13:03:00Z,2026.34,2026.35,2025.75,2025.82,31,45
2026-06-12T13:04:00Z,2025.82,2027.86,2025.82,2027.45,28,36
2026-06-12T13:05:00Z,2027.45,2027.63,2026.10,2026.35,24,34
2026-06-12T13:06:00Z,2026.35,2027.64,2026.11,2027.48,36,40
2026-06-12T13:07:00Z,2027.48,2027.48,2026.02,2026.02,28,33
2026-06-12T13:08:00Z,2026.02,2026.02,2024.37,2024.65,33,35
2026-06-12T13:09:00Z,2024.65,2025.71,2024.65,2025.71,26,33
2026-06-12T13:10:00Z,2025.71,2026.97,2025.71,2026.62,36,35
2026-06-12T13:11:00Z,2026.62,2026.84,2025.81,2026.52,26,41
2026-06-12T13:12:00Z,2026.52,2027.04,2026.01,2026.69,40,30
2026-06-12T13:13:00Z,2026.69,2027.39,2026.19,2027.02,36,30
2026-06-12T13:14:00Z,2027.02,2028.22,2027.02,2028.22,27,31
2026-06-12T13:15:00Z,2028.22,2028.47,2027.56,2027.56,28,41
2026-06-12T13:16:00Z,2027.56,2029.29,2027.42,2029.29,28,47
2026-06-12T13:17:00Z,2029.29,2029.29,2027.39,2027.39,36,47
2026-06-12T13:18:00Z,2027.39,2027.48,2025.88,2027.48,43,39
2026-06-12T13:19:00Z,2027.48,2028.95,2027.48,2028.21,36,42
2026-06-12T13:20:00Z,2028.21,2028.21,2027.68,2028.10,28,43
2026-06-12T13:21:00Z,2028.10,2030.12,2027.84,2030.12,31,39
2026-06-12T13:22:00Z,2030.12,2030.52,2028.32,2028.92,37,35
2026-06-12T13:23:00Z,2028.92,2029.37,2028.44,2029.37,36,37
2026-06-12T13:24:00Z,2029.37,2029.72,2028.60,2029.21,32,38
2026-06-12T13:25:00Z,2029.21,2030.20,2029.06,2029.06,40,31
2026-06-12T13:26:00Z,2029.06,2031.17,2029.06,2031.00,45,37
2026-06-12T13:27:00Z,2031.00,2031.37,2030.56,2030.56,34,37
2026-06-12T13:28:00Z,2030.56,2030.56,2029.52,2029.72,43,43
2026-06-12T13:29:00Z,2029.72,2030.41,2029.67,2030.41,41,31
2026-06-12T13:30:00Z,2030.41,2032.18,2030.34,2031.58,34,46
2026-06-12T13:31:00Z,2031.58,2032.39,2031.32,2031.40,46,40
2026-06-12T13:32:00Z,2031.40,2031.62,2030.81,2030.81,42,44
2026-06-12T13:33:00Z,2030.81,2031.55,2030.44,2030.86,40,44
2026-06-12T13:34:00Z,2030.86,2031.81,2030.76,2031.25,40,48
2026-06-12T13:35:00Z,2031.25,2032.24,2031.09,2031.77,39,48
2026-06-12T13:36:00Z,2031.77,2032.38,2031.51,2032.36,45,37
2026-06-12T13:37:00Z,2032.36,2033.13,2031.97,2032.43,36,43
2026-06-12T13:38:00Z,2032.43,2033.30,2032.41,2032.67,42,40
2026-06-12T13:39:00Z,2032.67,2032.83,2031.18,2031.18,43,38
2026-06-12T13:40:00Z,2031.18,2031.18,2030.28,2030.28,37,44
2026-06-12T13:41:00Z,2030.28,2031.27,2030.28,2030.49,41,42
2026-06-12T13:42:00Z,2030.49,2031.61,2030.49,2030.92,45,40
2026-06-12T13:43:00Z,2030.92,2031.79,2030.91,2031.79,48,47
2026-06-12T13:44:00Z,2031.79,2032.82,2031.79,2031.91,39,48
2026-06-12T13:45:00Z,2031.91,2032.15,2030.35,2030.42,47,35
2026-06-12T13:46:00Z,2030.42,2031.11,2030.02,2030.83,46,42
2026-06-12T13:47:00Z,2030.83,2031.35,2029.98,2030.69,53,30
2026-06-12T13:48:00Z,2030.69,2030.69,2029.59,2030.39,42,31
2026-06-12T13:49:00Z,2030.39,2031.12,2030.14,2030.79,50,47
2026-06-12T13:50:00Z,2030.79,2032.26,2030.79,2031.72,47,45
2026-06-12T13:51:00Z,2031.72,2032.94,2031.72,2032.94,53,34
2026-06-12T13:52:00Z,2032.94,2034.47,2032.94,2033.55,47,47
2026-06-12T13:53:00Z,2033.55,2035.59,2033.55,2035.59,54,37
2026-06-12T13:54:00Z,2035.59,2035.59,2033.11,2033.11,44,46
2026-06-12T13:55:00Z,2033.11,2034.02,2032.69,2032.69,48,39
2026-06-12T13:56:00Z,2032.69,2032.70,2031.75,2032.46,44,44
2026-06-12T13:57:00Z,2032.46,2032.46,2031.10,2031.84,45,37
2026-06-12T13:58:00Z,2031.84,2032.22,2029.85,2030.13,45,39
2026-06-12T13:59:00Z,2030.13,2030.71,2029.06,2029.61,56,46
