time,open,high,low,close,tick_volume,spread
2026-06-01T08:00:00Z,145.000,145.020,144.975,145.011,71,45
2026-06-01T08:01:00Z,145.011,145.035,144.989,145.009,75,42
2026-06-01T08:02:00Z,145.009,145.044,145.004,145.024,73,34
2026-06-01T08:03:00Z,145.024,145.120,145.024,145.067,78,46
2026-06-01T08:04:00Z,145.067,145.102,145.065,145.075,79,36
2026-06-01T08:05:00Z,145.075,145.109,145.075,145.096,67,39
2026-06-01T08:06:00Z,145.096,145.119,145.079,145.111,75,33
2026-06-01T08:07:00Z,145.111,145.117,145.082,145.096,69,38
2026-06-01T08:08:00Z,145.096,145.157,145.078,145.116,75,30
2026-06-01T08:09:00Z,145.116,145.153,145.110,145.153,70,33
2026-06-01T08:10:00Z,145.153,145.153,145.059,145.059,77,29
2026-06-01T08:11:00Z,145.059,145.163,145.059,145.150,73,32
2026-06-01T08:12:00Z,145.150,145.250,145.150,145.243,63,24
2026-06-01T08:13:00Z,145.243,145.270,145.188,145.188,64,23
2026-06-01T08:14:00Z,145.188,145.263,145.173,145.263,60,24
2026-06-01T08:15:00Z,145.263,145.276,145.242,145.276,67,29
2026-06-01T08:16:00Z,145.276,145.298,145.255,145.288,74,27
2026-06-01T08:17:00Z,145.288,145.288,145.238,145.247,61,21
2026-06-01T08:18:00Z,145.247,145.247,145.161,145.161,68,25
2026-06-01T08:19:00Z,145.161,145.236,145.154,145.227,70,25
2026-06-01T08:20:00Z,145.227,145.231,145.136,145.177,67,18
2026-06-01T08:21:00Z,145.177,145.219,145.135,145.212,70,21
2026-06-01T08:22:00Z,145.212,145.268,145.212,145.238,68,16
2026-06-01T08:23:00Z,145.238,145.273,145.207,145.222,70,21
2026-06-01T08:24:00Z,145.222,145.268,145.205,145.268,68,17
2026-06-01T08:25:00Z,145.268,145.337,145.267,145.337,68,17
2026-06-01T08:26:00Z,145.337,145.338,145.312,145.321,61,15
2026-06-01T08:27:00Z,145.321,145.321,145.261,145.266,57,18
2026-06-01T08:28:00Z,145.266,145.278,145.213,145.267,53,18
2026-06-01T08:29:00Z,145.267,145.270,145.229,145.258,60,14
2026-06-01T08:30:00Z,145.258,145.258,145.180,145.180,61,20
2026-06-01T08:31:00Z,145.180,145.249,145.180,145.189,63,15
2026-06-01T08:32:00Z,145.189,145.230,145.189,145.223,50,21
2026-06-01T08:33:00Z,145.223,145.234,145.181,145.234,60,16
2026-06-01T08:34:00Z,145.234,145.264,145.223,145.240,61,15
2026-06-01T08:35:00Z,145.240,145.296,145.226,145.296,64,13
2026-06-01T08:36:00Z,145.296,145.306,145.217,145.217,49,14
2026-06-01T08:37:00Z,145.217,145.217,145.124,145.124,50,17
2026-06-01T08:38:00Z,145.124,145.154,145.116,145.127,53,20
2026-06-01T08:39:00Z,145.127,145.127,145.059,145.079,47,20
2026-06-01T08:40:00Z,145.079,145.218,145.079,145.179,56,17
2026-06-01T08:41:00Z,145.179,145.287,145.179,145.287,46,15
2026-06-01T08:42:00Z,145.287,145.338,145.265,145.301,47,15
2026-06-01T08:43:00Z,145.301,145.321,145.291,145.320,57,16
2026-06-01T08:44:00Z,145.320,145.320,145.218,145.231,59,17
2026-06-01T08:45:00Z,145.231,145.231,145.163,145.172,52,15
2026-06-01T08:46:00Z,145.172,145.172,145.072,145.116,56,19
2026-06-01T08:47:00Z,145.116,145.118,145.089,145.118,43,16
2026-06-01T08:48:00Z,145.118,145.202,145.118,145.174,44,19
2026-06-01T08:49:00Z,145.174,145.174,145.128,145.144,45,12
2026-06-01T08:50:00Z,145.144,145.144,145.078,145.078,43,19
2026-06-01T08:51:00Z,145.078,145.112,145.078,145.105,45,19
2026-06-01T08:52:00Z,145.105,145.178,145.105,145.176,56,14
2026-06-01T08:53:00Z,145.176,145.182,145.144,145.164,50,15
2026-06-01T08:54:00Z,145.164,145.192,145.163,145.184,46,17
2026-06-01T08:55:00Z,145.184,145.201,145.159,145.172,48,15
2026-06-01T08:56:00Z,145.172,145.189,145.146,145.188,39,12
2026-06-01T08:57:00Z,145.188,145.198,145.141,145.153,48,12
2026-06-01T08:58:00Z,145.153,145.184,145.144,145.179,51,13
2026-06-01T08:59:00Z,145.179,145.179,145.119,145.170,41,14
2026-06-01T09:00:00Z,145.170,145.187,145.165,145.168,49,14
2026-06-01T09:01:00Z,145.168,145.193,145.149,145.170,50,12
2026-06-01T09:02:00Z,145.170,145.198,145.141,145.167,49,12
2026-06-01T09:03:00Z,145.167,145.240,145.135,145.240,38,14
2026-06-01T09:04:00Z,145.240,145.270,145.186,145.270,45,13
2026-06-01T09:05:00Z,145.270,145.308,145.229,145.229,37,17
2026-06-01T09:06:00Z,145.229,145.238,145.195,145.208,49,15
2026-06-01T09:07:00Z,145.208,145.208,145.126,145.140,46,16
2026-06-01T09:08:00Z,145.140,145.195,145.135,145.142,41,18
2026-06-01T09:09:00Z,145.142,145.172,145.131,145.138,45,18
2026-06-01T09:10:00Z,145.138,145.180,145.117,145.172,49,15
2026-06-01T09:11:00Z,145.172,145.172,145.111,145.119,42,16
2026-06-01T09:12:00Z,145.119,145.140,145.090,145.111,46,18
2026-06-01T09:13:00Z,145.111,145.205,145.087,145.189,44,14
2026-06-01T09:14:00Z,145.189,145.311,145.189,145.311,39,13
2026-06-01T09:15:00Z,145.311,145.311,145.269,145.275,35,16
2026-06-01T09:16:00Z,145.275,145.291,145.214,145.214,33,16
2026-06-01T09:17:00Z,145.214,145.277,145.205,145.277,47,12
2026-06-01T09:18:00Z,145.277,145.320,145.260,145.308,47,15
2026-06-01T09:19:00Z,145.308,145.328,145.257,145.268,39,18
2026-06-01T09:20:00Z,145.268,145.271,145.211,145.226,34,17
2026-06-01T09:21:00Z,145.226,145.303,145.226,145.250,33,15
2026-06-01T09:22:00Z,145.250,145.250,145.174,145.204,35,12
2026-06-01T09:23:00Z,145.204,145.229,145.174,145.204,38,17
2026-06-01T09:24:00Z,145.204,145.237,145.190,145.227,34,13
2026-06-01T09:25:00Z,145.227,145.293,145.227,145.244,39,18
2026-06-01T09:26:00Z,145.244,145.313,145.239,145.285,41,13
2026-06-01T09:27:00Z,145.285,145.327,145.268,145.320,34,17
2026-06-01T09:28:00Z,145.320,145.334,145.284,145.284,39,15
2026-06-01T09:29:00Z,145.284,145.341,145.279,145.341,36,13
2026-06-01T09:30:00Z,145.341,145.381,145.322,145.323,30,12
2026-06-01T09:31:00Z,145.323,145.336,145.229,145.238,33,14
2026-06-01T09:32:00Z,145.238,145.275,145.208,145.275,31,16
2026-06-01T09:33:00Z,145.275,145.278,145.227,145.227,40,13
2026-06-01T09:34:00Z,145.227,145.263,145.226,145.226,25,12
2026-06-01T09:35:00Z,145.226,145.236,145.171,145.188,35,12
2026-06-01T09:36:00Z,145.188,145.237,145.186,145.197,32,15
2026-06-01T09:37:00Z,145.197,145.197,145.142,145.176,33,16
2026-06-01T09:38:00Z,145.176,145.269,145.176,145.263,40,14
2026-06-01T09:39:00Z,145.263,145.328,145.254,145.328,24,12
2026-06-01T09:40:00Z,145.328,145.328,145.261,145.264,30,18
2026-06-01T09:41:00Z,145.264,145.368,145.263,145.343,27,16
2026-06-01T09:42:00Z,145.343,145.352,145.296,145.352,37,12
2026-06-01T09:43:00Z,145.352,145.376,145.310,145.310,27,14
2026-06-01T09:44:00Z,145.310,145.434,145.310,145.419,26,15
2026-06-01T09:45:00Z,145.419,145.419,145.368,145.401,34,12
2026-06-01T09:46:00Z,145.401,145.522,145.401,145.514,27,13
2026-06-01T09:47:00Z,145.514,145.514,145.451,145.453,23,12
2026-06-01T09:48:00Z,145.453,145.474,145.376,145.376,32,15
2026-06-01T09:49:00Z,145.376,145.402,145.317,145.344,27,16
2026-06-01T09:50:00Z,145.344,145.365,145.304,145.343,32,16
2026-06-01T09:51:00Z,145.343,145.407,145.343,145.407,25,18
2026-06-01T09:52:00Z,145.407,145.407,145.290,145.290,33,14
2026-06-01T09:53:00Z,145.290,145.290,145.241,145.266,33,13
2026-06-01T09:54:00Z,145.266,145.285,145.233,145.260,23,14
2026-06-01T09:55:00Z,145.260,145.276,145.234,145.256,21,16
2026-06-01T09:56:00Z,145.256,145.282,145.228,145.232,32,15
2026-06-01T09:57:00Z,145.232,145.288,145.209,145.257,23,17
2026-06-01T09:58:00Z,145.257,145.257,145.202,145.221,28,14
2026-06-01T09:59:00Z,145.221,145.233,145.176,145.202,20,14
2026-06-01T10:00:00Z,145.202,145.260,145.199,145.260,28,13
2026-06-01T10:01:00Z,145.260,145.282,145.240,145.255,32,12
2026-06-01T10:02:00Z,145.255,145.255,145.121,145.153,19,18
2026-06-01T10:03:00Z,145.153,145.197,145.132,145.183,30,17
2026-06-01T10:04:00Z,145.183,145.226,145.176,145.176,24,17
2026-06-01T10:05:00Z,145.176,145.234,145.150,145.234,18,13
2026-06-01T10:06:00Z,145.234,145.303,145.230,145.294,32,17
2026-06-01T10:07:00Z,145.294,145.371,145.294,145.371,28,14
2026-06-01T10:08:00Z,145.371,145.378,145.328,145.354,26,14
2026-06-01T10:09:00Z,145.354,145.372,145.315,145.335,20,17
2026-06-01T10:10:00Z,145.335,145.335,145.262,145.282,19,16
2026-06-01T10:11:00Z,145.282,145.315,145.270,145.270,29,16
2026-06-01T10:12:00Z,145.270,145.303,145.264,145.264,31,15
2026-06-01T10:13:00Z,145.264,145.366,145.264,145.366,25,16
2026-06-01T10:14:00Z,145.366,145.366,145.323,145.326,32,18
2026-06-01T10:15:00Z,145.326,145.418,145.326,145.418,16,14
2026-06-01T10:16:00Z,145.418,145.456,145.393,145.411,26,16
2026-06-01T10:17:00Z,145.411,145.411,145.300,145.312,27,17
2026-06-01T10:18:00Z,145.312,145.367,145.312,145.321,18,18
2026-06-01T10:19:00Z,145.321,145.341,145.290,145.312,19,13
2026-06-01T10:20:00Z,145.312,145.341,145.301,145.317,19,13
2026-06-01T10:21:00Z,145.317,145.317,145.252,145.259,30,18
2026-06-01T10:22:00Z,145.259,145.259,145.215,145.246,24,13
2026-06-01T10:23:00Z,145.246,145.324,145.236,145.324,18,12
2026-06-01T10:24:00Z,145.324,145.370,145.324,145.338,29,13
2026-06-01T10:25:00Z,145.338,145.378,145.319,145.374,24,18
2026-06-01T10:26:00Z,145.374,145.427,145.369,145.400,20,14
2026-06-01T10:27:00Z,145.400,145.400,145.248,145.252,27,12
2026-06-01T10:28:00Z,145.252,145.265,145.189,145.247,23,16
2026-06-01T10:29:00Z,145.247,145.272,145.242,145.269,28,14
2026-06-01T10:30:00Z,145.269,145.289,145.260,145.277,16,17
2026-06-01T10:31:00Z,145.277,145.332,145.277,145.327,16,17
2026-06-01T10:32:00Z,145.327,145.444,145.327,145.430,27,13
2026-06-01T10:33:00Z,145.430,145.465,145.420,145.423,19,12
2026-06-01T10:34:00Z,145.423,145.532,145.423,145.532,23,16
2026-06-01T10:35:00Z,145.532,145.571,145.499,145.499,20,15
2026-06-01T10:36:00Z,145.499,145.554,145.499,145.513,28,14
2026-06-01T10:37:00Z,145.513,145.566,145.495,145.495,29,14
2026-06-01T10:38:00Z,145.495,145.528,145.482,145.493,25,12
2026-06-01T10:39:00Z,145.493,145.593,145.493,145.593,17,13
2026-06-01T10:40:00Z,145.593,145.620,145.573,145.596,18,13
2026-06-01T10:41:00Z,145.596,145.652,145.574,145.652,22,16
2026-06-01T10:42:00Z,145.652,145.663,145.617,145.660,17,14
2026-06-01T10:43:00Z,145.660,145.660,145.629,145.644,17,14
2026-06-01T10:44:00Z,145.644,145.644,145.590,145.620,27,12
2026-06-01T10:45:00Z,145.620,145.620,145.506,145.506,21,15
2026-06-01T10:46:00Z,145.506,145.559,145.444,145.444,15,18
2026-06-01T10:47:00Z,145.444,145.501,145.416,145.501,28,17
2026-06-01T10:48:00Z,145.501,145.563,145.501,145.561,24,18
2026-06-01T10:49:00Z,145.561,145.634,145.546,145.609,19,17
2026-06-01T10:50:00Z,145.609,145.650,145.595,145.599,26,12
2026-06-01T10:51:00Z,145.599,145.653,145.599,145.634,15,12
2026-06-01T10:52:00Z,145.634,145.647,145.566,145.582,18,17
2026-06-01T10:53:00Z,145.582,145.603,145.582,145.595,25,14
2026-06-01T10:54:00Z,145.595,145.595,145.532,145.547,15,18
2026-06-01T10:55:00Z,145.547,145.569,145.530,145.538,21,12
2026-06-01T10:56:00Z,145.538,145.538,145.447,145.447,29,18
2026-06-01T10:57:00Z,145.447,145.471,145.441,145.450,17,16
2026-06-01T10:58:00Z,145.450,145.504,145.450,145.504,24,14
2026-06-01T10:59:00Z,145.504,145.552,145.480,145.532,15,15
2026-06-01T11:00:00Z,145.532,145.542,145.473,145.473,26,18
2026-06-01T11:01:00Z,145.473,145.473,145.450,145.458,19,18
2026-06-01T11:02:00Z,145.458,145.470,145.440,145.450,21,17
2026-06-01T11:03:00Z,145.450,145.538,145.450,145.496,23,18
2026-06-01T11:04:00Z,145.496,145.555,145.459,145.479,24,15
2026-06-01T11:05:00Z,145.479,145.517,145.435,145.517,28,14
2026-06-01T11:06:00Z,145.517,145.541,145.506,145.508,29,14
2026-06-01T11:07:00Z,145.508,145.508,145.460,145.502,13,12
2026-06-01T11:08:00Z,145.502,145.524,145.478,145.515,29,12
2026-06-01T11:09:00Z,145.515,145.520,145.459,145.481,19,17
2026-06-01T11:10:00Z,145.481,145.486,145.417,145.417,29,16
2026-06-01T11:11:00Z,145.417,145.417,145.376,145.376,18,17
2026-06-01T11:12:00Z,145.376,145.452,145.366,145.428,25,16
2026-06-01T11:13:00Z,145.428,145.462,145.400,145.462,25,15
2026-06-01T11:14:00Z,145.462,145.462,145.354,145.357,16,15
2026-06-01T11:15:00Z,145.357,145.401,145.345,145.394,20,13
2026-06-01T11:16:00Z,145.394,145.436,145.383,145.436,25,13
2026-06-01T11:17:00Z,145.436,145.481,145.429,145.435,27,13
2026-06-01T11:18:00Z,145.435,145.445,145.392,145.392,27,14
2026-06-01T11:19:00Z,145.392,145.456,145.392,145.431,14,17
2026-06-01T11:20:00Z,145.431,145.441,145.345,145.379,16,18
2026-06-01T11:21:00Z,145.379,145.469,145.379,145.454,27,15
2026-06-01T11:22:00Z,145.454,145.502,145.453,145.462,14,18
2026-06-01T11:23:00Z,145.462,145.527,145.462,145.527,21,13
2026-06-01T11:24:00Z,145.527,145.538,145.465,145.465,17,15
2026-06-01T11:25:00Z,145.465,145.505,145.451,145.451,28,16
2026-06-01T11:26:00Z,145.451,145.514,145.432,145.514,17,18
2026-06-01T11:27:00Z,145.514,145.526,145.471,145.471,19,18
2026-06-01T11:28:00Z,145.471,145.527,145.471,145.501,29,14
2026-06-01T11:29:00Z,145.501,145.549,145.501,145.513,15,15
2026-06-01T11:30:00Z,145.513,145.577,145.498,145.566,27,17
2026-06-01T11:31:00Z,145.566,145.579,145.520,145.567,16,18
2026-06-01T11:32:00Z,145.567,145.573,145.526,145.551,30,12
2026-06-01T11:33:00Z,145.551,145.571,145.529,145.562,16,16
2026-06-01T11:34:00Z,145.562,145.657,145.555,145.631,27,17
2026-06-01T11:35:00Z,145.631,145.653,145.621,145.621,18,12
2026-06-01T11:36:00Z,145.621,145.651,145.613,145.651,26,12
2026-06-01T11:37:00Z,145.651,145.659,145.620,145.626,26,17
2026-06-01T11:38:00Z,145.626,145.626,145.513,145.528,19,12
2026-06-01T11:39:00Z,145.528,145.571,145.528,145.571,26,16
2026-06-01T11:40:00Z,145.571,145.598,145.567,145.585,24,13
2026-06-01T11:41:00Z,145.585,145.642,145.563,145.642,19,12
2026-06-01T11:42:00Z,145.642,145.662,145.618,145.635,30,17
2026-06-01T11:43:00Z,145.635,145.636,145.599,145.632,28,12
2026-06-01T11:44:00Z,145.632,145.642,145.562,145.598,25,18
2026-06-01T11:45:00Z,145.598,145.645,145.592,145.620,22,14
2026-06-01T11:46:00Z,145.620,145.632,145.572,145.596,19,18
2026-06-01T11:47:00Z,145.596,145.652,145.578,145.652,24,17
2026-06-01T11:48:00Z,145.652,145.669,145.595,145.595,31,12
2026-06-01T11:49:00Z,145.595,145.654,145.592,145.654,31,18
2026-06-01T11:50:00Z,145.654,145.696,145.654,145.696,29,12
2026-06-01T11:51:00Z,145.696,145.696,145.637,145.659,23,14
2026-06-01T11:52:00Z,145.659,145.662,145.613,145.613,29,13
2026-06-01T11:53:00Z,145.613,145.655,145.613,145.655,24,15
2026-06-01T11:54:00Z,145.655,145.680,145.607,145.680,24,15
2026-06-01T11:55:00Z,145.680,145.689,145.638,145.661,20,14
2026-06-01T11:56:00Z,145.661,145.805,145.661,145.805,30,12
2026-06-01T11:57:00Z,145.805,145.827,145.781,145.827,30,15
2026-06-01T11:58:00Z,145.827,145.876,145.821,145.876,33,12
2026-06-01T11:59:00Z,145.876,145.876,145.810,145.821,27,12
2026-06-01T12:00:00Z,145.821,145.821,145.794,145.796,27,13
2026-06-01T12:01:00Z,145.796,145.819,145.747,145.747,30,16
2026-06-01T12:02:00Z,145.747,145.756,145.731,145.744,21,13
2026-06-01T12:03:00Z,145.744,145.764,145.728,145.741,25,16
2026-06-01T12:04:00Z,145.741,145.756,145.718,145.718,23,16
2026-06-01T12:05:00Z,145.718,145.788,145.718,145.788,21,17
2026-06-01T12:06:00Z,145.788,145.788,145.746,145.764,27,12
2026-06-01T12:07:00Z,145.764,145.787,145.731,145.762,28,18
2026-06-01T12:08:00Z,145.762,145.783,145.704,145.705,33,18
2026-06-01T12:09:00Z,145.705,145.724,145.700,145.722,35,15
2026-06-01T12:10:00Z,145.722,145.755,145.722,145.755,29,16
2026-06-01T12:11:00Z,145.755,145.813,145.736,145.813,27,16
2026-06-01T12:12:00Z,145.813,145.837,145.778,145.787,29,17
2026-06-01T12:13:00Z,145.787,145.808,145.743,145.746,27,18
2026-06-01T12:14:00Z,145.746,145.752,145.716,145.716,25,15
2026-06-01T12:15:00Z,145.716,145.716,145.621,145.621,35,18
2026-06-01T12:16:00Z,145.621,145.643,145.535,145.600,24,15
2026-06-01T12:17:00Z,145.600,145.740,145.600,145.723,23,14
2026-06-01T12:18:00Z,145.723,145.731,145.665,145.665,37,12
2026-06-01T12:19:00Z,145.665,145.731,145.651,145.731,28,16
2026-06-01T12:20:00Z,145.731,145.795,145.730,145.777,32,13
2026-06-01T12:21:00Z,145.777,145.823,145.751,145.823,30,13
2026-06-01T12:22:00Z,145.823,145.859,145.822,145.842,37,12
2026-06-01T12:23:00Z,145.842,145.850,145.799,145.799,37,18
2026-06-01T12:24:00Z,145.799,145.822,145.770,145.810,25,18
2026-06-01T12:25:00Z,145.810,145.867,145.802,145.847,32,16
2026-06-01T12:26:00Z,145.847,145.925,145.847,145.902,40,15
2026-06-01T12:27:00Z,145.902,145.902,145.856,145.856,26,18
2026-06-01T12:28:00Z,145.856,145.937,145.856,145.911,41,13
2026-06-01T12:29:00Z,145.911,145.928,145.905,145.911,28,13
2026-06-01T12:30:00Z,145.911,145.931,145.904,145.904,42,12
2026-06-01T12:31:00Z,145.904,145.930,145.789,145.800,42,18
2026-06-01T12:32:00Z,145.800,145.802,145.768,145.802,34,15
2026-06-01T12:33:00Z,145.802,145.802,145.735,145.742,35,14
2026-06-01T12:34:00Z,145.742,145.742,145.628,145.666,28,18
2026-06-01T12:35:00Z,145.666,145.694,145.657,145.683,41,18
2026-06-01T12:36:00Z,145.683,145.690,145.597,145.615,45,17
2026-06-01T12:37:00Z,145.615,145.678,145.600,145.668,40,13
2026-06-01T12:38:00Z,145.668,145.674,145.571,145.571,30,16
2026-06-01T12:39:00Z,145.571,145.588,145.515,145.538,38,15
2026-06-01T12:40:00Z,145.538,145.572,145.529,145.572,39,14
2026-06-01T12:41:00Z,145.572,145.572,145.517,145.517,38,17
2026-06-01T12:42:00Z,145.517,145.537,145.404,145.419,35,18
2026-06-01T12:43:00Z,145.419,145.425,145.370,145.392,32,18
2026-06-01T12:44:00Z,145.392,145.475,145.392,145.466,42,17
2026-06-01T12:45:00Z,145.466,145.513,145.444,145.513,40,17
2026-06-01T12:46:00Z,145.513,145.533,145.460,145.533,40,13
2026-06-01T12:47:00Z,145.533,145.533,145.429,145.429,47,16
2026-06-01T12:48:00Z,145.429,145.443,145.386,145.443,45,18
2026-06-01T12:49:00Z,145.443,145.443,145.361,145.361,46,13
2026-06-01T12:50:00Z,145.361,145.431,145.361,145.418,46,16
2026-06-01T12:51:00Z,145.418,145.418,145.358,145.398,36,16
2026-06-01T12:52:00Z,145.398,145.399,145.372,145.375,48,16
2026-06-01T12:53:00Z,145.375,145.414,145.331,145.360,42,17
2026-06-01T12:54:00Z,145.360,145.360,145.308,145.334,46,12
2026-06-01T12:55:00Z,145.334,145.393,145.334,145.382,39,16
2026-06-01T12:56:00Z,145.382,145.404,145.318,145.382,52,18
2026-06-01T12:57:00Z,145.382,145.401,145.363,145.394,43,18
2026-06-01T12:58:00Z,145.394,145.405,145.356,145.402,42,12
2026-06-01T12:59:00Z,145.402,145.408,145.327,145.327,50,14
2026-06-01T13:00:00Z,145.327,145.327,145.265,145.300,38,15
2026-06-01T13:01:00Z,145.300,145.328,145.280,145.302,46,15
2026-06-01T13:02:00Z,145.302,145.378,145.302,145.378,44,15
2026-06-01T13:03:00Z,145.378,145.379,145.348,145.373,43,16
2026-06-01T13:04:00Z,145.373,145.420,145.361,145.403,46,16
2026-06-01T13:05:00Z,145.403,145.403,145.342,145.351,41,17
2026-06-01T13:06:00Z,145.351,145.381,145.328,145.353,45,12
2026-06-01T13:07:00Z,145.353,145.384,145.331,145.384,40,18
2026-06-01T13:08:00Z,145.384,145.436,145.384,145.422,55,18
2026-06-01T13:09:00Z,145.422,145.539,145.419,145.516,45,12
2026-06-01T13:10:00Z,145.516,145.548,145.509,145.542,58,15
2026-06-01T13:11:00Z,145.542,145.655,145.542,145.640,44,17
2026-06-01T13:12:00Z,145.640,145.722,145.633,145.706,51,13
2026-06-01T13:13:00Z,145.706,145.712,145.650,145.712,54,15
2026-06-01T13:14:00Z,145.712,145.753,145.680,145.680,49,15
2026-06-01T13:15:00Z,145.680,145.728,145.680,145.681,57,16
2026-06-01T13:16:00Z,145.681,145.763,145.678,145.720,54,12
2026-06-01T13:17:00Z,145.720,145.784,145.720,145.776,47,16
2026-06-01T13:18:00Z,145.776,145.794,145.720,145.753,58,17
2026-06-01T13:19:00Z,145.753,145.755,145.694,145.739,53,16
2026-06-01T13:20:00Z,145.739,145.739,145.640,145.647,50,13
2026-06-01T13:21:00Z,145.647,145.647,145.537,145.540,50,18
2026-06-01T13:22:00Z,145.540,145.540,145.435,145.447,54,12
2026-06-01T13:23:00Z,145.447,145.454,145.417,145.421,54,15
2026-06-01T13:24:00Z,145.421,145.449,145.392,145.392,54,15
2026-06-01T13:25:00Z,145.392,145.403,145.340,145.363,55,12
2026-06-01T13:26:00Z,145.363,145.391,145.289,145.289,51,15
2026-06-01T13:27:00Z,145.289,145.334,145.263,145.334,53,12
2026-06-01T13:28:00Z,145.334,145.366,145.329,145.346,56,15
2026-06-01T13:29:00Z,145.346,145.346,145.301,145.339,65,18
2026-06-01T13:30:00Z,145.339,145.339,145.264,145.264,55,15
2026-06-01T13:31:00Z,145.264,145.407,145.264,145.388,57,12
2026-06-01T13:32:00Z,145.388,145.410,145.358,145.379,66,13
2026-06-01T13:33:00Z,145.379,145.379,145.313,145.313,60,14
2026-06-01T13:34:00Z,145.313,145.328,145.261,145.261,58,17
2026-06-01T13:35:00Z,145.261,145.284,145.241,145.256,68,17
2026-06-01T13:36:00Z,145.256,145.301,145.256,145.287,70,16
2026-06-01T13:37:00Z,145.287,145.295,145.219,145.231,65,17
2026-06-01T13:38:00Z,145.231,145.297,145.231,145.240,71,15
2026-06-01T13:39:00Z,145.240,145.268,145.231,145.237,59,15
2026-06-01T13:40:00Z,145.237,145.252,145.151,145.151,67,13
2026-06-01T13:41:00Z,145.151,145.167,145.087,145.093,66,16
2026-06-01T13:42:00Z,145.093,145.135,145.083,145.099,72,17
2026-06-01T13:43:00Z,145.099,145.115,145.019,145.115,61,16
2026-06-01T13:44:00Z,145.115,145.162,145.115,145.139,62,14
2026-06-01T13:45:00Z,145.139,145.172,145.139,145.148,66,18
2026-06-01T13:46:00Z,145.148,145.156,145.107,145.110,65,13
2026-06-01T13:47:00Z,145.110,145.139,145.072,145.072,68,14
2026-06-01T13:48:00Z,145.072,145.072,145.005,145.020,64,12
2026-06-01T13:49:00Z,145.020,145.074,145.020,145.074,68,16
2026-06-01T13:50:00Z,145.074,145.082,145.035,145.080,75,13
2026-06-01T13:51:00Z,145.080,145.101,145.061,145.095,67,15
2026-06-01T13:52:00Z,145.095,145.095,145.006,145.057,75,15
2026-06-01T13:53:00Z,145.057,145.068,145.038,145.048,70,12
2026-06-01T13:54:00Z,145.048,145.053,144.976,144.996,76,15
2026-06-01T13:55:00Z,144.996,145.009,144.984,145.009,80,12
2026-06-01T13:56:00Z,145.009,145.077,145.009,145.077,77,15
2026-06-01T13:57:00Z,145.077,145.167,145.077,145.139,71,18
2026-06-01T13:58:00Z,145.139,145.139,145.019,145.030,71,16
2026-06-01T13:59:00Z,145.030,145.044,144.973,145.044,69,12
2026-06-02T08:00:00Z,145.567,145.630,145.567,145.611,79,54
2026-06-02T08:01:00Z,145.611,145.626,145.580,145.580,67,54
2026-06-02T08:02:00Z,145.580,145.593,145.552,145.563,83,34
2026-06-02T08:03:00Z,145.563,145.610,145.563,145.609,81,38
2026-06-02T08:04:00Z,145.609,145.633,145.568,145.568,82,31
2026-06-02T08:05:00Z,145.568,145.581,145.500,145.525,75,32
2026-06-02T08:06:00Z,145.525,145.539,145.477,145.487,79,28
2026-06-02T08:07:00Z,145.487,145.530,145.476,145.487,66,27
2026-06-02T08:08:00Z,145.487,145.487,145.401,145.401,71,36
2026-06-02T08:09:00Z,145.401,145.528,145.400,145.528,68,31
2026-06-02T08:10:00Z,145.528,145.532,145.485,145.489,66,23
2026-06-02T08:11:00Z,145.489,145.499,145.458,145.465,74,23
2026-06-02T08:12:00Z,145.465,145.516,145.443,145.443,72,29
2026-06-02T08:13:00Z,145.443,145.463,145.440,145.453,66,26
2026-06-02T08:14:00Z,145.453,145.492,145.444,145.481,63,27
2026-06-02T08:15:00Z,145.481,145.497,145.463,145.497,68,23
2026-06-02T08:16:00Z,145.497,145.530,145.497,145.524,62,28
2026-06-02T08:17:00Z,145.524,145.572,145.519,145.558,66,28
2026-06-02T08:18:00Z,145.558,145.603,145.536,145.603,74,22
2026-06-02T08:19:00Z,145.603,145.619,145.512,145.512,59,17
2026-06-02T08:20:00Z,145.512,145.606,145.477,145.595,63,20
2026-06-02T08:21:00Z,145.595,145.620,145.564,145.578,67,19
2026-06-02T08:22:00Z,145.578,145.667,145.578,145.654,71,19
2026-06-02T08:23:00Z,145.654,145.665,145.616,145.641,70,21
2026-06-02T08:24:00Z,145.641,145.641,145.575,145.607,63,18
2026-06-02T08:25:00Z,145.607,145.617,145.584,145.587,55,23
2026-06-02T08:26:00Z,145.587,145.618,145.553,145.553,69,21
2026-06-02T08:27:00Z,145.553,145.563,145.511,145.559,55,15
2026-06-02T08:28:00Z,145.559,145.583,145.555,145.572,66,19
2026-06-02T08:29:00Z,145.572,145.643,145.534,145.563,59,18
2026-06-02T08:30:00Z,145.563,145.600,145.494,145.530,53,20
2026-06-02T08:31:00Z,145.530,145.632,145.518,145.601,60,21
2026-06-02T08:32:00Z,145.601,145.617,145.571,145.597,50,14
2026-06-02T08:33:00Z,145.597,145.604,145.563,145.586,58,17
2026-06-02T08:34:00Z,145.586,145.676,145.586,145.674,52,18
2026-06-02T08:35:00Z,145.674,145.722,145.674,145.694,63,19
2026-06-02T08:36:00Z,145.694,145.694,145.622,145.622,52,19
2026-06-02T08:37:00Z,145.622,145.681,145.622,145.680,55,19
2026-06-02T08:38:00Z,145.680,145.680,145.561,145.571,52,15
2026-06-02T08:39:00Z,145.571,145.591,145.557,145.565,63,17
2026-06-02T08:40:00Z,145.565,145.610,145.565,145.600,59,16
2026-06-02T08:41:00Z,145.600,145.627,145.537,145.537,59,13
2026-06-02T08:42:00Z,145.537,145.552,145.514,145.514,60,13
2026-06-02T08:43:00Z,145.514,145.557,145.471,145.491,58,18
2026-06-02T08:44:00Z,145.491,145.491,145.452,145.457,60,19
2026-06-02T08:45:00Z,145.457,145.466,145.413,145.426,48,18
2026-06-02T08:46:00Z,145.426,145.549,145.426,145.549,44,18
2026-06-02T08:47:00Z,145.549,145.560,145.514,145.560,47,19
2026-06-02T08:48:00Z,145.560,145.582,145.546,145.574,47,12
2026-06-02T08:49:00Z,145.574,145.608,145.574,145.608,58,16
2026-06-02T08:50:00Z,145.608,145.679,145.608,145.669,45,14
2026-06-02T08:51:00Z,145.669,145.723,145.662,145.700,45,15
2026-06-02T08:52:00Z,145.700,145.700,145.606,145.633,49,13
2026-06-02T08:53:00Z,145.633,145.724,145.633,145.637,53,12
2026-06-02T08:54:00Z,145.637,145.684,145.628,145.672,51,15
2026-06-02T08:55:00Z,145.672,145.674,145.611,145.618,52,17
2026-06-02T08:56:00Z,145.618,145.637,145.603,145.622,54,17
2026-06-02T08:57:00Z,145.622,145.671,145.612,145.636,41,15
2026-06-02T08:58:00Z,145.636,145.684,145.636,145.661,45,16
2026-06-02T08:59:00Z,145.661,145.709,145.661,145.696,43,16
2026-06-02T09:00:00Z,145.696,145.769,145.696,145.748,37,14
2026-06-02T09:01:00Z,145.748,145.758,145.713,145.718,40,12
2026-06-02T09:02:00Z,145.718,145.760,145.715,145.752,39,18
2026-06-02T09:03:00Z,145.752,145.773,145.691,145.691,43,13
2026-06-02T09:04:00Z,145.691,145.691,145.540,145.540,48,14
2026-06-02T09:05:00Z,145.540,145.540,145.477,145.477,51,14
2026-06-02T09:06:00Z,145.477,145.584,145.470,145.584,42,12
2026-06-02T09:07:00Z,145.584,145.617,145.579,145.584,45,17
2026-06-02T09:08:00Z,145.584,145.645,145.550,145.558,49,12
2026-06-02T09:09:00Z,145.558,145.558,145.498,145.537,41,12
2026-06-02T09:10:00Z,145.537,145.537,145.486,145.505,48,16
2026-06-02T09:11:00Z,145.505,145.505,145.436,145.470,36,12
2026-06-02T09:12:00Z,145.470,145.478,145.408,145.431,41,18
2026-06-02T09:13:00Z,145.431,145.454,145.387,145.399,40,18
2026-06-02T09:14:00Z,145.399,145.420,145.367,145.367,33,15
2026-06-02T09:15:00Z,145.367,145.428,145.367,145.428,40,14
2026-06-02T09:16:00Z,145.428,145.428,145.333,145.333,38,13
2026-06-02T09:17:00Z,145.333,145.413,145.333,145.374,46,12
2026-06-02T09:18:00Z,145.374,145.454,145.369,145.451,35,13
2026-06-02T09:19:00Z,145.451,145.451,145.398,145.437,41,15
2026-06-02T09:20:00Z,145.437,145.449,145.410,145.410,31,16
2026-06-02T09:21:00Z,145.410,145.473,145.410,145.473,34,14
2026-06-02T09:22:00Z,145.473,145.505,145.470,145.487,35,16
2026-06-02T09:23:00Z,145.487,145.516,145.454,145.454,43,13
2026-06-02T09:24:00Z,145.454,145.459,145.434,145.457,31,17
2026-06-02T09:25:00Z,145.457,145.520,145.457,145.468,43,14
2026-06-02T09:26:00Z,145.468,145.537,145.459,145.506,32,18
2026-06-02T09:27:00Z,145.506,145.522,145.469,145.496,37,18
2026-06-02T09:28:00Z,145.496,145.525,145.479,145.479,38,18
2026-06-02T09:29:00Z,145.479,145.490,145.455,145.472,39,18
2026-06-02T09:30:00Z,145.472,145.528,145.445,145.517,42,15
2026-06-02T09:31:00Z,145.517,145.593,145.516,145.579,26,15
2026-06-02T09:32:00Z,145.579,145.613,145.579,145.580,38,12
2026-06-02T09:33:00Z,145.580,145.602,145.570,145.602,41,14
2026-06-02T09:34:00Z,145.602,145.662,145.578,145.647,31,16
2026-06-02T09:35:00Z,145.647,145.677,145.618,145.620,27,15
2026-06-02T09:36:00Z,145.620,145.663,145.603,145.663,37,13
2026-06-02T09:37:00Z,145.663,145.696,145.663,145.685,30,17
2026-06-02T09:38:00Z,145.685,145.820,145.685,145.819,40,13
2026-06-02T09:39:00Z,145.819,145.860,145.816,145.816,28,18
2026-06-02T09:40:00Z,145.816,145.831,145.760,145.760,30,17
2026-06-02T09:41:00Z,145.760,145.776,145.725,145.725,30,14
2026-06-02T09:42:00Z,145.725,145.725,145.602,145.602,36,12
2026-06-02T09:43:00Z,145.602,145.731,145.600,145.715,31,14
2026-06-02T09:44:00Z,145.715,145.786,145.715,145.780,28,15
2026-06-02T09:45:00Z,145.780,145.780,145.734,145.740,27,15
2026-06-02T09:46:00Z,145.740,145.770,145.694,145.770,22,17
2026-06-02T09:47:00Z,145.770,145.802,145.738,145.796,25,16
2026-06-02T09:48:00Z,145.796,145.881,145.796,145.881,38,17
2026-06-02T09:49:00Z,145.881,145.941,145.881,145.932,29,15
2026-06-02T09:50:00Z,145.932,145.952,145.888,145.904,31,15
2026-06-02T09:51:00Z,145.904,145.922,145.888,145.888,34,18
2026-06-02T09:52:00Z,145.888,145.935,145.876,145.935,29,16
2026-06-02T09:53:00Z,145.935,145.995,145.935,145.980,21,15
2026-06-02T09:54:00Z,145.980,146.039,145.980,145.994,22,18
2026-06-02T09:55:00Z,145.994,146.031,145.977,145.979,28,13
2026-06-02T09:56:00Z,145.979,146.022,145.979,146.000,26,12
2026-06-02T09:57:00Z,146.000,146.034,146.000,146.019,32,18
2026-06-02T09:58:00Z,146.019,146.019,145.987,145.996,24,17
2026-06-02T09:59:00Z,145.996,146.032,145.971,145.971,20,18
2026-06-02T10:00:00Z,145.971,146.086,145.971,146.086,32,12
2026-06-02T10:01:00Z,146.086,146.101,146.062,146.062,34,16
2026-06-02T10:02:00Z,146.062,146.071,146.013,146.046,28,15
2026-06-02T10:03:00Z,146.046,146.063,146.023,146.027,31,15
2026-06-02T10:04:00Z,146.027,146.047,145.975,146.047,28,16
2026-06-02T10:05:00Z,146.047,146.047,145.955,145.955,34,13
2026-06-02T10:06:00Z,145.955,145.973,145.915,145.952,29,14
2026-06-02T10:07:00Z,145.952,145.955,145.893,145.915,20,14
2026-06-02T10:08:00Z,145.915,145.922,145.876,145.876,32,14
2026-06-02T10:09:00Z,145.876,145.947,145.867,145.947,31,15
2026-06-02T10:10:00Z,145.947,146.000,145.945,146.000,22,13
2026-06-02T10:11:00Z,146.000,146.016,145.939,145.963,33,14
2026-06-02T10:12:00Z,145.963,145.970,145.924,145.939,22,14
2026-06-02T10:13:00Z,145.939,145.943,145.894,145.920,18,15
2026-06-02T10:14:00Z,145.920,145.922,145.810,145.861,25,14
2026-06-02T10:15:00Z,145.861,145.961,145.861,145.953,23,16
2026-06-02T10:16:00Z,145.953,146.009,145.936,145.984,32,16
2026-06-02T10:17:00Z,145.984,146.041,145.969,146.020,25,18
2026-06-02T10:18:00Z,146.020,146.071,146.020,146.036,30,16
2026-06-02T10:19:00Z,146.036,146.109,146.017,146.083,26,16
2026-06-02T10:20:00Z,146.083,146.164,146.083,146.161,22,17
2026-06-02T10:21:00Z,146.161,146.191,146.118,146.138,31,12
2026-06-02T10:22:00Z,146.138,146.138,146.089,146.098,18,14
2026-06-02T10:23:00Z,146.098,146.104,146.059,146.079,24,14
2026-06-02T10:24:00Z,146.079,146.125,146.072,146.125,21,18
2026-06-02T10:25:00Z,146.125,146.224,146.125,146.219,18,15
2026-06-02T10:26:00Z,146.219,146.278,146.208,146.278,24,12
2026-06-02T10:27:00Z,146.278,146.294,146.231,146.231,30,16
2026-06-02T10:28:00Z,146.231,146.234,146.196,146.198,20,13
2026-06-02T10:29:00Z,146.198,146.257,146.182,146.257,19,14
2026-06-02T10:30:00Z,146.257,146.257,146.192,146.251,16,15
2026-06-02T10:31:00Z,146.251,146.336,146.251,146.302,29,17
2026-06-02T10:32:00Z,146.302,146.306,146.235,146.273,28,12
2026-06-02T10:33:00Z,146.273,146.297,146.249,146.277,30,16
2026-06-02T10:34:00Z,146.277,146.302,146.265,146.302,25,17
2026-06-02T10:35:00Z,146.302,146.302,146.267,146.275,17,16
2026-06-02T10:36:00Z,146.275,146.305,146.248,146.273,16,15
2026-06-02T10:37:00Z,146.273,146.298,146.261,146.282,14,12
2026-06-02T10:38:00Z,146.282,146.295,146.233,146.255,14,18
2026-06-02T10:39:00Z,146.255,146.327,146.255,146.326,20,17
2026-06-02T10:40:00Z,146.326,146.343,146.280,146.316,25,13
2026-06-02T10:41:00Z,146.316,146.398,146.302,146.364,23,14
2026-06-02T10:42:00Z,146.364,146.378,146.335,146.350,18,18
2026-06-02T10:43:00Z,146.350,146.350,146.261,146.277,23,12
2026-06-02T10:44:00Z,146.277,146.325,146.277,146.303,22,17
2026-06-02T10:45:00Z,146.303,146.303,146.219,146.219,16,15
2026-06-02T10:46:00Z,146.219,146.288,146.218,146.252,18,16
2026-06-02T10:47:00Z,146.252,146.274,146.226,146.227,13,16
2026-06-02T10:48:00Z,146.227,146.252,146.197,146.244,25,16
2026-06-02T10:49:00Z,146.244,146.314,146.244,146.290,18,17
2026-06-02T10:50:00Z,146.290,146.299,146.250,146.294,15,14
2026-06-02T10:51:00Z,146.294,146.315,146.261,146.261,24,12
2026-06-02T10:52:00Z,146.261,146.277,146.223,146.277,17,17
2026-06-02T10:53:00Z,146.277,146.280,146.241,146.280,27,13
2026-06-02T10:54:00Z,146.280,146.294,146.249,146.249,14,13
2026-06-02T10:55:00Z,146.249,146.288,146.244,146.277,21,17
2026-06-02T10:56:00Z,146.277,146.325,146.277,146.277,15,14
2026-06-02T10:57:00Z,146.277,146.277,146.230,146.251,26,16
2026-06-02T10:58:00Z,146.251,146.251,146.214,146.242,20,15
2026-06-02T10:59:00Z,146.242,146.250,146.195,146.244,26,12
2026-06-02T11:00:00Z,146.244,146.295,146.244,146.276,17,16
2026-06-02T11:01:00Z,146.276,146.344,146.238,146.344,26,15
2026-06-02T11:02:00Z,146.344,146.370,146.318,146.318,23,12
2026-06-02T11:03:00Z,146.318,146.378,146.282,146.374,22,14
2026-06-02T11:04:00Z,146.374,146.376,146.272,146.272,29,12
2026-06-02T11:05:00Z,146.272,146.317,146.230,146.230,21,12
2026-06-02T11:06:00Z,146.230,146.230,146.122,146.130,15,18
2026-06-02T11:07:00Z,146.130,146.194,146.130,146.155,22,17
2026-06-02T11:08:00Z,146.155,146.169,146.121,146.137,29,18
2026-06-02T11:09:00Z,146.137,146.150,146.088,146.139,29,18
2026-06-02T11:10:00Z,146.139,146.206,146.126,146.201,29,14
2026-06-02T11:11:00Z,146.201,146.226,146.188,146.199,15,18
2026-06-02T11:12:00Z,146.199,146.214,146.163,146.214,28,18
2026-06-02T11:13:00Z,146.214,146.247,146.173,146.173,13,14
2026-06-02T11:14:00Z,146.173,146.249,146.173,146.244,27,15
2026-06-02T11:15:00Z,146.244,146.267,146.206,146.206,14,15
2026-06-02T11:16:00Z,146.206,146.237,146.173,146.174,19,15
2026-06-02T11:17:00Z,146.174,146.259,146.160,146.240,20,12
2026-06-02T11:18:00Z,146.240,146.246,146.197,146.242,19,17
2026-06-02T11:19:00Z,146.242,146.268,146.242,146.254,16,15
2026-06-02T11:20:00Z,146.254,146.305,146.215,146.229,22,13
2026-06-02T11:21:00Z,146.229,146.229,146.135,146.174,29,18
2026-06-02T11:22:00Z,146.174,146.188,146.096,146.096,21,15
2026-06-02T11:23:00Z,146.096,146.175,146.096,146.163,23,17
2026-06-02T11:24:00Z,146.163,146.251,146.144,146.251,17,15
2026-06-02T11:25:00Z,146.251,146.336,146.251,146.321,14,13
2026-06-02T11:26:00Z,146.321,146.325,146.233,146.238,20,14
2026-06-02T11:27:00Z,146.238,146.356,146.238,146.356,25,15
2026-06-02T11:28:00Z,146.356,146.440,146.340,146.440,29,18
2026-06-02T11:29:00Z,146.440,146.505,146.440,146.505,29,14
2026-06-02T11:30:00Z,146.505,146.591,146.505,146.548,27,12
2026-06-02T11:31:00Z,146.548,146.585,146.540,146.552,31,15
2026-06-02T11:32:00Z,146.552,146.555,146.517,146.554,15,16
2026-06-02T11:33:00Z,146.554,146.554,146.484,146.534,16,12
2026-06-02T11:34:00Z,146.534,146.559,146.534,146.550,25,14
2026-06-02T11:35:00Z,146.550,146.598,146.537,146.579,17,16
2026-06-02T11:36:00Z,146.579,146.586,146.533,146.551,17,14
2026-06-02T11:37:00Z,146.551,146.660,146.551,146.636,18,15
2026-06-02T11:38:00Z,146.636,146.636,146.598,146.598,20,14
2026-06-02T11:39:00Z,146.598,146.598,146.500,146.515,28,18
2026-06-02T11:40:00Z,146.515,146.620,146.515,146.620,19,18
2026-06-02T11:41:00Z,146.620,146.701,146.620,146.621,28,18
2026-06-02T11:42:00Z,146.621,146.671,146.609,146.661,16,13
2026-06-02T11:43:00Z,146.661,146.722,146.635,146.687,26,14
2026-06-02T11:44:00Z,146.687,146.813,146.684,146.813,30,13
2026-06-02T11:45:00Z,146.813,146.874,146.798,146.833,18,17
2026-06-02T11:46:00Z,146.833,146.905,146.829,146.905,18,18
2026-06-02T11:47:00Z,146.905,146.936,146.875,146.902,19,15
2026-06-02T11:48:00Z,146.902,146.936,146.901,146.919,17,13
2026-06-02T11:49:00Z,146.919,146.921,146.888,146.912,24,12
2026-06-02T11:50:00Z,146.912,146.912,146.883,146.901,22,12
2026-06-02T11:51:00Z,146.901,146.926,146.876,146.925,29,15
2026-06-02T11:52:00Z,146.925,146.925,146.844,146.866,31,17
2026-06-02T11:53:00Z,146.866,146.915,146.865,146.901,27,14
2026-06-02T11:54:00Z,146.901,146.972,146.901,146.969,18,13
2026-06-02T11:55:00Z,146.969,147.080,146.969,147.080,23,14
2026-06-02T11:56:00Z,147.080,147.108,147.067,147.067,19,17
2026-06-02T11:57:00Z,147.067,147.092,147.048,147.092,30,18
2026-06-02T11:58:00Z,147.092,147.092,146.981,146.984,28,12
2026-06-02T11:59:00Z,146.984,147.008,146.984,146.995,20,15
2026-06-02T12:00:00Z,146.995,147.062,146.995,147.017,20,18
2026-06-02T12:01:00Z,147.017,147.095,147.017,147.095,33,15
2026-06-02T12:02:00Z,147.095,147.103,147.061,147.088,27,18
2026-06-02T12:03:00Z,147.088,147.151,147.088,147.151,20,12
2026-06-02T12:04:00Z,147.151,147.165,147.137,147.163,26,18
2026-06-02T12:05:00Z,147.163,147.223,147.163,147.173,31,16
2026-06-02T12:06:00Z,147.173,147.225,147.169,147.221,33,17
2026-06-02T12:07:00Z,147.221,147.275,147.220,147.262,27,15
2026-06-02T12:08:00Z,147.262,147.295,147.250,147.282,29,13
2026-06-02T12:09:00Z,147.282,147.312,147.269,147.312,34,17
2026-06-02T12:10:00Z,147.312,147.351,147.292,147.294,30,13
2026-06-02T12:11:00Z,147.294,147.312,147.280,147.288,34,17
2026-06-02T12:12:00Z,147.288,147.298,147.226,147.226,28,12
2026-06-02T12:13:00Z,147.226,147.230,147.195,147.222,33,16
2026-06-02T12:14:00Z,147.222,147.222,147.175,147.182,37,12
2026-06-02T12:15:00Z,147.182,147.194,147.137,147.147,28,16
2026-06-02T12:16:00Z,147.147,147.164,147.123,147.126,37,14
2026-06-02T12:17:00Z,147.126,147.127,147.026,147.026,24,14
2026-06-02T12:18:00Z,147.026,147.094,147.020,147.058,23,12
2026-06-02T12:19:00Z,147.058,147.136,147.042,147.101,30,14
2026-06-02T12:20:00Z,147.101,147.195,147.101,147.182,29,15
2026-06-02T12:21:00Z,147.182,147.255,147.182,147.255,27,15
2026-06-02T12:22:00Z,147.255,147.305,147.223,147.305,26,16
2026-06-02T12:23:00Z,147.305,147.374,147.305,147.367,36,18
2026-06-02T12:24:00Z,147.367,147.407,147.353,147.382,39,16
2026-06-02T12:25:00Z,147.382,147.390,147.339,147.390,32,17
2026-06-02T12:26:00Z,147.390,147.390,147.283,147.283,27,15
2026-06-02T12:27:00Z,147.283,147.286,147.229,147.229,27,12
2026-06-02T12:28:00Z,147.229,147.229,147.133,147.138,31,15
2026-06-02T12:29:00Z,147.138,147.208,147.138,147.208,36,18
2026-06-02T12:30:00Z,147.208,147.208,147.150,147.182,29,18
2026-06-02T12:31:00Z,147.182,147.240,147.171,147.172,40,13
2026-06-02T12:32:00Z,147.172,147.190,147.149,147.160,38,13
2026-06-02T12:33:00Z,147.160,147.190,147.151,147.151,38,17
2026-06-02T12:34:00Z,147.151,147.159,147.132,147.133,33,15
2026-06-02T12:35:00Z,147.133,147.150,147.099,147.139,28,17
2026-06-02T12:36:00Z,147.139,147.142,147.052,147.052,30,16
2026-06-02T12:37:00Z,147.052,147.080,146.963,146.963,44,18
2026-06-02T12:38:00Z,146.963,147.013,146.955,146.975,37,13
2026-06-02T12:39:00Z,146.975,146.975,146.919,146.935,42,16
2026-06-02T12:40:00Z,146.935,146.951,146.906,146.926,38,17
2026-06-02T12:41:00Z,146.926,146.926,146.885,146.892,39,14
2026-06-02T12:42:00Z,146.892,146.892,146.853,146.882,37,17
2026-06-02T12:43:00Z,146.882,146.909,146.864,146.870,45,15
2026-06-02T12:44:00Z,146.870,146.870,146.794,146.805,35,17
2026-06-02T12:45:00Z,146.805,146.843,146.805,146.827,35,15
2026-06-02T12:46:00Z,146.827,146.886,146.804,146.874,32,16
2026-06-02T12:47:00Z,146.874,146.944,146.872,146.934,43,12
2026-06-02T12:48:00Z,146.934,146.973,146.913,146.973,39,16
2026-06-02T12:49:00Z,146.973,146.991,146.911,146.911,33,17
2026-06-02T12:50:00Z,146.911,147.013,146.911,147.002,46,13
2026-06-02T12:51:00Z,147.002,147.022,146.974,147.022,34,17
2026-06-02T12:52:00Z,147.022,147.098,147.022,147.098,37,14
2026-06-02T12:53:00Z,147.098,147.098,147.033,147.041,42,15
2026-06-02T12:54:00Z,147.041,147.057,146.985,147.057,39,16
2026-06-02T12:55:00Z,147.057,147.057,146.932,146.991,46,15
2026-06-02T12:56:00Z,146.991,147.025,146.935,147.024,41,12
2026-06-02T12:57:00Z,147.024,147.152,147.024,147.137,43,18
2026-06-02T12:58:00Z,147.137,147.145,147.110,147.132,40,18
2026-06-02T12:59:00Z,147.132,147.132,147.073,147.073,52,13
2026-06-02T13:00:00Z,147.073,147.130,147.071,147.130,39,16
2026-06-02T13:01:00Z,147.130,147.130,147.075,147.079,49,18
2026-06-02T13:02:00Z,147.079,147.125,147.077,147.077,45,15
2026-06-02T13:03:00Z,147.077,147.113,147.062,147.113,55,13
2026-06-02T13:04:00Z,147.113,147.192,147.109,147.189,49,18
2026-06-02T13:05:00Z,147.189,147.189,147.153,147.162,48,17
2026-06-02T13:06:00Z,147.162,147.183,147.141,147.152,53,16
2026-06-02T13:07:00Z,147.152,147.196,147.130,147.130,47,12
2026-06-02T13:08:00Z,147.130,147.195,147.130,147.162,48,16
2026-06-02T13:09:00Z,147.162,147.191,147.116,147.166,44,17
2026-06-02T13:10:00Z,147.166,147.180,147.144,147.144,45,18
2026-06-02T13:11:00Z,147.144,147.147,147.081,147.129,46,18
2026-06-02T13:12:00Z,147.129,147.129,147.080,147.080,43,15
2026-06-02T13:13:00Z,147.080,147.091,147.043,147.051,48,15
2026-06-02T13:14:00Z,147.051,147.069,147.017,147.042,45,18
2026-06-02T13:15:00Z,147.042,147.062,146.998,147.023,44,15
2026-06-02T13:16:00Z,147.023,147.045,147.008,147.008,54,15
2026-06-02T13:17:00Z,147.008,147.013,146.926,146.926,53,14
2026-06-02T13:18:00Z,146.926,146.968,146.920,146.961,60,16
2026-06-02T13:19:00Z,146.961,147.017,146.961,147.011,50,17
2026-06-02T13:20:00Z,147.011,147.052,146.995,147.024,55,14
2026-06-02T13:21:00Z,147.024,147.031,146.903,146.903,61,13
2026-06-02T13:22:00Z,146.903,146.928,146.814,146.814,57,13
2026-06-02T13:23:00Z,146.814,146.874,146.814,146.869,52,17
2026-06-02T13:24:00Z,146.869,146.869,146.836,146.846,49,16
2026-06-02T13:25:00Z,146.846,146.857,146.782,146.785,65,18
2026-06-02T13:26:00Z,146.785,146.812,146.782,146.812,64,15
2026-06-02T13:27:00Z,146.812,146.818,146.759,146.764,54,18
2026-06-02T13:28:00Z,146.764,146.796,146.749,146.756,50,13
2026-06-02T13:29:00Z,146.756,146.840,146.756,146.840,58,13
2026-06-02T13:30:00Z,146.840,146.840,146.744,146.744,67,13
2026-06-02T13:31:00Z,146.744,146.748,146.695,146.710,53,13
2026-06-02T13:32:00Z,146.710,146.710,146.638,146.653,52,13
2026-06-02T13:33:00Z,146.653,146.710,146.646,146.699,60,15
2026-06-02T13:34:00Z,146.699,146.769,146.699,146.765,64,15
2026-06-02T13:35:00Z,146.765,146.801,146.752,146.776,70,17
2026-06-02T13:36:00Z,146.776,146.796,146.748,146.778,60,18
2026-06-02T13:37:00Z,146.778,146.778,146.700,146.735,68,15
2026-06-02T13:38:00Z,146.735,146.791,146.694,146.783,57,13
2026-06-02T13:39:00Z,146.783,146.846,146.783,146.828,69,14
2026-06-02T13:40:00Z,146.828,146.842,146.799,146.809,60,16
2026-06-02T13:41:00Z,146.809,146.888,146.809,146.888,66,12
2026-06-02T13:42:00Z,146.888,146.898,146.864,146.885,59,17
2026-06-02T13:43:00Z,146.885,146.889,146.822,146.832,59,15
2026-06-02T13:44:00Z,146.832,146.869,146.832,146.857,73,14
2026-06-02T13:45:00Z,146.857,146.857,146.812,146.817,66,12
2026-06-02T13:46:00Z,146.817,146.817,146.773,146.777,65,17
2026-06-02T13:47:00Z,146.777,146.784,146.693,146.693,75,14
2026-06-02T13:48:00Z,146.693,146.693,146.642,146.688,64,15
2026-06-02T13:49:00Z,146.688,146.788,146.688,146.788,65,16
2026-06-02T13:50:00Z,146.788,146.809,146.766,146.809,67,16
2026-06-02T13:51:00Z,146.809,146.823,146.785,146.823,78,14
2026-06-02T13:52:00Z,146.823,146.854,146.791,146.814,74,14
2026-06-02T13:53:00Z,146.814,146.814,146.736,146.736,73,14
2026-06-02T13:54:00Z,146.736,146.790,146.736,146.764,69,12
2026-06-02T13:55:00Z,146.764,146.789,146.744,146.745,76,12
2026-06-02T13:56:00Z,146.745,146.767,146.690,146.760,69,13
2026-06-02T13:57:00Z,146.760,146.804,146.723,146.804,80,14
2026-06-02T13:58:00Z,146.804,146.811,146.727,146.752,73,13
2026-06-02T13:59:00Z,146.752,146.838,146.752,146.803,79,15
2026-06-03T08:00:00Z,146.880,146.880,146.810,146.846,78,58
2026-06-03T08:01:00Z,146.846,146.857,146.790,146.806,80,39
2026-06-03T08:02:00Z,146.806,146.853,146.803,146.803,72,34
2026-06-03T08:03:00Z,146.803,146.840,146.803,146.840,70,46
2026-06-03T08:04:00Z,146.840,146.863,146.764,146.792,82,33
2026-06-03T08:05:00Z,146.792,146.829,146.772,146.828,78,42
2026-06-03T08:06:00Z,146.828,146.897,146.828,146.897,68,37
2026-06-03T08:07:00Z,146.897,146.956,146.897,146.956,78,31
2026-06-03T08:08:00Z,146.956,146.988,146.916,146.988,77,36
2026-06-03T08:09:00Z,146.988,146.988,146.834,146.861,67,33
2026-06-03T08:10:00Z,146.861,146.877,146.835,146.844,77,33
2026-06-03T08:11:00Z,146.844,146.854,146.821,146.838,65,23
2026-06-03T08:12:00Z,146.838,146.887,146.838,146.887,68,25
2026-06-03T08:13:00Z,146.887,146.892,146.822,146.836,71,24
2026-06-03T08:14:00Z,146.836,146.900,146.817,146.900,61,29
2026-06-03T08:15:00Z,146.900,146.915,146.859,146.875,67,29
2026-06-03T08:16:00Z,146.875,146.878,146.854,146.874,61,27
2026-06-03T08:17:00Z,146.874,146.901,146.846,146.901,73,23
2026-06-03T08:18:00Z,146.901,146.901,146.850,146.864,65,21
2026-06-03T08:19:00Z,146.864,146.911,146.854,146.911,64,25
2026-06-03T08:20:00Z,146.911,146.962,146.911,146.932,69,21
2026-06-03T08:21:00Z,146.932,146.989,146.925,146.989,57,23
2026-06-03T08:22:00Z,146.989,147.013,146.979,146.982,59,20
2026-06-03T08:23:00Z,146.982,146.982,146.951,146.973,56,21
2026-06-03T08:24:00Z,146.973,146.973,146.917,146.928,66,22
2026-06-03T08:25:00Z,146.928,146.962,146.924,146.962,65,18
2026-06-03T08:26:00Z,146.962,146.987,146.912,146.926,66,16
2026-06-03T08:27:00Z,146.926,146.985,146.887,146.985,63,17
2026-06-03T08:28:00Z,146.985,147.002,146.936,146.936,54,15
2026-06-03T08:29:00Z,146.936,146.938,146.850,146.866,64,20
2026-06-03T08:30:00Z,146.866,146.966,146.866,146.966,55,14
2026-06-03T08:31:00Z,146.966,146.985,146.938,146.938,57,17
2026-06-03T08:32:00Z,146.938,146.938,146.903,146.914,54,18
2026-06-03T08:33:00Z,146.914,146.957,146.871,146.957,62,16
2026-06-03T08:34:00Z,146.957,146.957,146.829,146.829,59,14
2026-06-03T08:35:00Z,146.829,146.840,146.797,146.819,61,13
2026-06-03T08:36:00Z,146.819,146.885,146.814,146.874,64,14
2026-06-03T08:37:00Z,146.874,146.874,146.801,146.822,48,15
2026-06-03T08:38:00Z,146.822,146.828,146.761,146.776,58,20
2026-06-03T08:39:00Z,146.776,146.830,146.776,146.810,53,14
2026-06-03T08:40:00Z,146.810,146.813,146.766,146.766,49,14
2026-06-03T08:41:00Z,146.766,146.787,146.696,146.737,51,15
2026-06-03T08:42:00Z,146.737,146.752,146.691,146.704,60,19
2026-06-03T08:43:00Z,146.704,146.706,146.667,146.699,53,19
2026-06-03T08:44:00Z,146.699,146.724,146.698,146.700,56,16
2026-06-03T08:45:00Z,146.700,146.712,146.638,146.638,56,15
2026-06-03T08:46:00Z,146.638,146.680,146.610,146.625,51,19
2026-06-03T08:47:00Z,146.625,146.640,146.575,146.581,53,13
2026-06-03T08:48:00Z,146.581,146.638,146.581,146.600,44,17
2026-06-03T08:49:00Z,146.600,146.646,146.584,146.630,42,16
2026-06-03T08:50:00Z,146.630,146.653,146.536,146.536,52,13
2026-06-03T08:51:00Z,146.536,146.555,146.512,146.512,49,13
2026-06-03T08:52:00Z,146.512,146.547,146.498,146.547,50,13
2026-06-03T08:53:00Z,146.547,146.594,146.542,146.578,52,18
2026-06-03T08:54:00Z,146.578,146.612,146.578,146.606,53,14
2026-06-03T08:55:00Z,146.606,146.636,146.603,146.609,44,15
2026-06-03T08:56:00Z,146.609,146.632,146.575,146.626,53,17
2026-06-03T08:57:00Z,146.626,146.654,146.594,146.618,39,15
2026-06-03T08:58:00Z,146.618,146.687,146.610,146.687,43,13
2026-06-03T08:59:00Z,146.687,146.730,146.682,146.698,40,12
2026-06-03T09:00:00Z,146.698,146.707,146.682,146.707,37,18
2026-06-03T09:01:00Z,146.707,146.771,146.707,146.739,52,17
2026-06-03T09:02:00Z,146.739,146.753,146.707,146.736,50,16
2026-06-03T09:03:00Z,146.736,146.743,146.697,146.734,43,14
2026-06-03T09:04:00Z,146.734,146.814,146.734,146.799,38,15
2026-06-03T09:05:00Z,146.799,146.799,146.687,146.695,51,13
2026-06-03T09:06:00Z,146.695,146.703,146.664,146.682,44,17
2026-06-03T09:07:00Z,146.682,146.787,146.682,146.773,41,13
2026-06-03T09:08:00Z,146.773,146.802,146.765,146.802,41,12
2026-06-03T09:09:00Z,146.802,146.808,146.779,146.779,47,14
2026-06-03T09:10:00Z,146.779,146.827,146.760,146.760,40,17
2026-06-03T09:11:00Z,146.760,146.760,146.695,146.695,42,16
2026-06-03T09:12:00Z,146.695,146.717,146.674,146.674,34,15
2026-06-03T09:13:00Z,146.674,146.725,146.672,146.697,38,15
2026-06-03T09:14:00Z,146.697,146.754,146.689,146.747,48,16
2026-06-03T09:15:00Z,146.747,146.759,146.693,146.694,43,18
2026-06-03T09:16:00Z,146.694,146.708,146.681,146.703,45,14
2026-06-03T09:17:00Z,146.703,146.717,146.670,146.682,37,16
2026-06-03T09:18:00Z,146.682,146.697,146.651,146.678,38,18
2026-06-03T09:19:00Z,146.678,146.678,146.610,146.667,43,15
2026-06-03T09:20:00Z,146.667,146.730,146.660,146.730,43,13
2026-06-03T09:21:00Z,146.730,146.735,146.677,146.696,43,15
2026-06-03T09:22:00Z,146.696,146.772,146.696,146.760,40,13
2026-06-03T09:23:00Z,146.760,146.774,146.734,146.749,39,17
2026-06-03T09:24:00Z,146.749,146.783,146.746,146.746,42,17
2026-06-03T09:25:00Z,146.746,146.759,146.732,146.732,36,17
2026-06-03T09:26:00Z,146.732,146.746,146.721,146.734,44,17
2026-06-03T09:27:00Z,146.734,146.743,146.701,146.725,35,15
2026-06-03T09:28:00Z,146.725,146.742,146.585,146.585,40,18
2026-06-03T09:29:00Z,146.585,146.586,146.493,146.507,42,16
2026-06-03T09:30:00Z,146.507,146.507,146.399,146.409,29,14
2026-06-03T09:31:00Z,146.409,146.423,146.371,146.402,40,16
2026-06-03T09:32:00Z,146.402,146.430,146.402,146.406,31,15
2026-06-03T09:33:00Z,146.406,146.406,146.357,146.402,33,16
2026-06-03T09:34:00Z,146.402,146.405,146.375,146.405,33,14
2026-06-03T09:35:00Z,146.405,146.405,146.365,146.378,38,14
2026-06-03T09:36:00Z,146.378,146.378,146.291,146.328,29,14
2026-06-03T09:37:00Z,146.328,146.328,146.178,146.178,30,13
2026-06-03T09:38:00Z,146.178,146.272,146.178,146.272,37,16
2026-06-03T09:39:00Z,146.272,146.311,146.255,146.255,34,15
2026-06-03T09:40:00Z,146.255,146.274,146.239,146.252,26,12
2026-06-03T09:41:00Z,146.252,146.262,146.241,146.247,33,15
2026-06-03T09:42:00Z,146.247,146.271,146.210,146.220,31,12
2026-06-03T09:43:00Z,146.220,146.274,146.220,146.263,27,13
2026-06-03T09:44:00Z,146.263,146.277,146.233,146.233,39,14
2026-06-03T09:45:00Z,146.233,146.245,146.209,146.241,36,14
2026-06-03T09:46:00Z,146.241,146.288,146.220,146.251,26,15
2026-06-03T09:47:00Z,146.251,146.299,146.251,146.266,32,18
2026-06-03T09:48:00Z,146.266,146.302,146.256,146.286,31,14
2026-06-03T09:49:00Z,146.286,146.394,146.275,146.388,24,15
2026-06-03T09:50:00Z,146.388,146.437,146.388,146.437,28,13
2026-06-03T09:51:00Z,146.437,146.454,146.402,146.454,22,16
2026-06-03T09:52:00Z,146.454,146.527,146.454,146.473,31,13
2026-06-03T09:53:00Z,146.473,146.492,146.393,146.413,23,16
2026-06-03T09:54:00Z,146.413,146.468,146.387,146.428,28,15
2026-06-03T09:55:00Z,146.428,146.428,146.388,146.388,29,14
2026-06-03T09:56:00Z,146.388,146.388,146.338,146.357,29,12
2026-06-03T09:57:00Z,146.357,146.408,146.337,146.386,22,12
2026-06-03T09:58:00Z,146.386,146.432,146.383,146.425,32,18
2026-06-03T09:59:00Z,146.425,146.454,146.411,146.447,23,16
2026-06-03T10:00:00Z,146.447,146.447,146.381,146.399,26,12
2026-06-03T10:01:00Z,146.399,146.399,146.318,146.330,27,13
2026-06-03T10:02:00Z,146.330,146.392,146.303,146.392,22,14
2026-06-03T10:03:00Z,146.392,146.407,146.371,146.397,31,12
2026-06-03T10:04:00Z,146.397,146.423,146.371,146.400,26,12
2026-06-03T10:05:00Z,146.400,146.404,146.366,146.366,24,15
2026-06-03T10:06:00Z,146.366,146.366,146.277,146.277,29,18
2026-06-03T10:07:00Z,146.277,146.344,146.277,146.290,23,17
2026-06-03T10:08:00Z,146.290,146.303,146.240,146.281,20,17
2026-06-03T10:09:00Z,146.281,146.291,146.225,146.231,25,18
2026-06-03T10:10:00Z,146.231,146.242,146.167,146.167,30,16
2026-06-03T10:11:00Z,146.167,146.250,146.165,146.250,21,15
2026-06-03T10:12:00Z,146.250,146.274,146.215,146.226,28,17
2026-06-03T10:13:00Z,146.226,146.257,146.214,146.247,33,14
2026-06-03T10:14:00Z,146.247,146.296,146.244,146.283,32,18
2026-06-03T10:15:00Z,146.283,146.316,146.283,146.301,32,18
2026-06-03T10:16:00Z,146.301,146.355,146.263,146.347,32,12
2026-06-03T10:17:00Z,146.347,146.368,146.309,146.353,26,12
2026-06-03T10:18:00Z,146.353,146.356,146.317,146.350,32,12
2026-06-03T10:19:00Z,146.350,146.361,146.308,146.361,17,17
2026-06-03T10:20:00Z,146.361,146.461,146.361,146.424,20,18
2026-06-03T10:21:00Z,146.424,146.456,146.411,146.415,16,17
2026-06-03T10:22:00Z,146.415,146.505,146.413,146.505,28,13
2026-06-03T10:23:00Z,146.505,146.520,146.395,146.434,19,14
2026-06-03T10:24:00Z,146.434,146.434,146.271,146.271,22,14
2026-06-03T10:25:00Z,146.271,146.302,146.267,146.292,18,14
2026-06-03T10:26:00Z,146.292,146.399,146.292,146.395,15,16
2026-06-03T10:27:00Z,146.395,146.395,146.327,146.327,26,13
2026-06-03T10:28:00Z,146.327,146.349,146.278,146.349,31,14
2026-06-03T10:29:00Z,146.349,146.375,146.328,146.336,22,14
2026-06-03T10:30:00Z,146.336,146.336,146.218,146.220,24,14
2026-06-03T10:31:00Z,146.220,146.244,146.198,146.210,30,14
2026-06-03T10:32:00Z,146.210,146.229,146.195,146.197,15,16
2026-06-03T10:33:00Z,146.197,146.230,146.191,146.216,14,17
2026-06-03T10:34:00Z,146.216,146.270,146.208,146.270,25,18
2026-06-03T10:35:00Z,146.270,146.281,146.237,146.281,19,16
2026-06-03T10:36:00Z,146.281,146.281,146.133,146.133,16,12
2026-06-03T10:37:00Z,146.133,146.146,146.110,146.129,22,17
2026-06-03T10:38:00Z,146.129,146.139,146.058,146.064,14,18
2026-06-03T10:39:00Z,146.064,146.075,146.001,146.001,22,15
2026-06-03T10:40:00Z,146.001,146.053,146.001,146.001,19,18
2026-06-03T10:41:00Z,146.001,146.135,146.001,146.135,25,13
2026-06-03T10:42:00Z,146.135,146.151,146.109,146.130,24,14
2026-06-03T10:43:00Z,146.130,146.130,146.069,146.104,27,16
2026-06-03T10:44:00Z,146.104,146.155,146.104,146.149,16,15
2026-06-03T10:45:00Z,146.149,146.178,146.103,146.107,20,12
2026-06-03T10:46:00Z,146.107,146.150,146.107,146.131,28,14
2026-06-03T10:47:00Z,146.131,146.178,146.100,146.165,21,14
2026-06-03T10:48:00Z,146.165,146.198,146.165,146.187,19,17
2026-06-03T10:49:00Z,146.187,146.187,146.131,146.131,13,15
2026-06-03T10:50:00Z,146.131,146.214,146.131,146.148,18,17
2026-06-03T10:51:00Z,146.148,146.178,146.147,146.178,21,16
2026-06-03T10:52:00Z,146.178,146.182,146.111,146.111,23,14
2026-06-03T10:53:00Z,146.111,146.143,146.106,146.135,13,12
2026-06-03T10:54:00Z,146.135,146.174,146.126,146.143,16,17
2026-06-03T10:55:00Z,146.143,146.180,146.136,146.176,28,18
2026-06-03T10:56:00Z,146.176,146.184,146.111,146.124,15,16
2026-06-03T10:57:00Z,146.124,146.193,146.104,146.186,17,15
2026-06-03T10:58:00Z,146.186,146.186,146.091,146.147,25,17
2026-06-03T10:59:00Z,146.147,146.215,146.147,146.214,22,13
2026-06-03T11:00:00Z,146.214,146.229,146.169,146.229,26,16
2026-06-03T11:01:00Z,146.229,146.229,146.149,146.149,14,17
2026-06-03T11:02:00Z,146.149,146.211,146.149,146.167,24,17
2026-06-03T11:03:00Z,146.167,146.243,146.167,146.191,14,18
2026-06-03T11:04:00Z,146.191,146.231,146.188,146.230,26,16
2026-06-03T11:05:00Z,146.230,146.246,146.199,146.199,17,12
2026-06-03T11:06:00Z,146.199,146.232,146.193,146.216,20,13
2026-06-03T11:07:00Z,146.216,146.253,146.185,146.235,28,17
2026-06-03T11:08:00Z,146.235,146.334,146.233,146.334,23,12
2026-06-03T11:09:00Z,146.334,146.334,146.273,146.327,27,13
2026-06-03T11:10:00Z,146.327,146.327,146.259,146.276,13,12
2026-06-03T11:11:00Z,146.276,146.302,146.235,146.246,27,15
2026-06-03T11:12:00Z,146.246,146.246,146.174,146.174,26,18
2026-06-03T11:13:00Z,146.174,146.201,146.160,146.201,23,17
2026-06-03T11:14:00Z,146.201,146.201,146.141,146.152,24,12
2026-06-03T11:15:00Z,146.152,146.180,146.120,146.180,25,16
2026-06-03T11:16:00Z,146.180,146.236,146.160,146.234,14,15
2026-06-03T11:17:00Z,146.234,146.246,146.202,146.212,18,15
2026-06-03T11:18:00Z,146.212,146.229,146.185,146.198,24,16
2026-06-03T11:19:00Z,146.198,146.294,146.198,146.294,18,12
2026-06-03T11:20:00Z,146.294,146.390,146.294,146.390,21,18
2026-06-03T11:21:00Z,146.390,146.393,146.333,146.344,20,14
2026-06-03T11:22:00Z,146.344,146.386,146.328,146.384,19,17
2026-06-03T11:23:00Z,146.384,146.384,146.328,146.333,25,16
2026-06-03T11:24:00Z,146.333,146.336,146.293,146.309,15,12
2026-06-03T11:25:00Z,146.309,146.387,146.299,146.387,23,14
2026-06-03T11:26:00Z,146.387,146.399,146.320,146.324,18,18
2026-06-03T11:27:00Z,146.324,146.379,146.311,146.379,26,15
2026-06-03T11:28:00Z,146.379,146.391,146.305,146.305,23,14
2026-06-03T11:29:00Z,146.305,146.305,146.205,146.216,21,15
2026-06-03T11:30:00Z,146.216,146.241,146.181,146.208,23,13
2026-06-03T11:31:00Z,146.208,146.299,146.186,146.299,26,18
2026-06-03T11:32:00Z,146.299,146.321,146.283,146.283,27,13
2026-06-03T11:33:00Z,146.283,146.303,146.261,146.291,30,12
2026-06-03T11:34:00Z,146.291,146.354,146.283,146.354,18,14
2026-06-03T11:35:00Z,146.354,146.360,146.325,146.325,24,18
2026-06-03T11:36:00Z,146.325,146.381,146.325,146.371,15,13
2026-06-03T11:37:00Z,146.371,146.389,146.338,146.361,17,18
2026-06-03T11:38:00Z,146.361,146.376,146.348,146.376,21,16
2026-06-03T11:39:00Z,146.376,146.431,146.376,146.431,21,18
2026-06-03T11:40:00Z,146.431,146.431,146.389,146.391,20,17
2026-06-03T11:41:00Z,146.391,146.395,146.369,146.381,27,17
2026-06-03T11:42:00Z,146.381,146.389,146.321,146.321,26,17
2026-06-03T11:43:00Z,146.321,146.321,146.256,146.256,20,18
2026-06-03T11:44:00Z,146.256,146.283,146.249,146.268,16,17
2026-06-03T11:45:00Z,146.268,146.300,146.229,146.231,23,15
2026-06-03T11:46:00Z,146.231,146.231,146.186,146.207,23,12
2026-06-03T11:47:00Z,146.207,146.261,146.198,146.208,22,15
2026-06-03T11:48:00Z,146.208,146.251,146.201,146.251,25,13
2026-06-03T11:49:00Z,146.251,146.253,146.160,146.162,30,14
2026-06-03T11:50:00Z,146.162,146.212,146.162,146.209,19,15
2026-06-03T11:51:00Z,146.209,146.218,146.135,146.147,25,18
2026-06-03T11:52:00Z,146.147,146.147,146.044,146.083,24,16
2026-06-03T11:53:00Z,146.083,146.116,146.056,146.076,19,15
2026-06-03T11:54:00Z,146.076,146.084,146.018,146.021,25,17
2026-06-03T11:55:00Z,146.021,146.023,145.950,145.964,24,13
2026-06-03T11:56:00Z,145.964,145.979,145.940,145.979,22,12
2026-06-03T11:57:00Z,145.979,146.017,145.919,145.986,34,15
2026-06-03T11:58:00Z,145.986,146.018,145.983,145.993,33,14
2026-06-03T11:59:00Z,145.993,146.003,145.941,145.975,23,12
2026-06-03T12:00:00Z,145.975,146.077,145.966,146.072,27,15
2026-06-03T12:01:00Z,146.072,146.159,146.072,146.092,19,12
2026-06-03T12:02:00Z,146.092,146.103,146.049,146.049,28,12
2026-06-03T12:03:00Z,146.049,146.049,146.005,146.011,20,17
2026-06-03T12:04:00Z,146.011,146.029,145.972,145.984,30,17
2026-06-03T12:05:00Z,145.984,146.006,145.965,145.982,23,15
2026-06-03T12:06:00Z,145.982,146.016,145.933,145.956,29,12
2026-06-03T12:07:00Z,145.956,146.027,145.939,145.939,32,18
2026-06-03T12:08:00Z,145.939,145.952,145.913,145.928,35,12
2026-06-03T12:09:00Z,145.928,145.960,145.881,145.881,35,12
2026-06-03T12:10:00Z,145.881,145.902,145.856,145.872,37,14
2026-06-03T12:11:00Z,145.872,145.945,145.842,145.945,28,18
2026-06-03T12:12:00Z,145.945,145.987,145.916,145.987,26,13
2026-06-03T12:13:00Z,145.987,146.078,145.987,146.078,38,16
2026-06-03T12:14:00Z,146.078,146.121,146.067,146.121,26,14
2026-06-03T12:15:00Z,146.121,146.164,146.121,146.158,22,18
2026-06-03T12:16:00Z,146.158,146.193,146.135,146.157,36,13
2026-06-03T12:17:00Z,146.157,146.169,146.096,146.096,39,15
2026-06-03T12:18:00Z,146.096,146.122,146.070,146.115,38,17
2026-06-03T12:19:00Z,146.115,146.132,146.104,146.104,25,15
2026-06-03T12:20:00Z,146.104,146.197,146.104,146.176,37,12
2026-06-03T12:21:00Z,146.176,146.308,146.176,146.308,30,16
2026-06-03T12:22:00Z,146.308,146.379,146.308,146.359,31,13
2026-06-03T12:23:00Z,146.359,146.359,146.305,146.329,38,12
2026-06-03T12:24:00Z,146.329,146.369,146.329,146.369,28,18
2026-06-03T12:25:00Z,146.369,146.369,146.303,146.369,25,18
2026-06-03T12:26:00Z,146.369,146.444,146.369,146.444,37,13
2026-06-03T12:27:00Z,146.444,146.475,146.398,146.398,30,18
2026-06-03T12:28:00Z,146.398,146.434,146.348,146.348,38,18
2026-06-03T12:29:00Z,146.348,146.354,146.306,146.306,36,12
2026-06-03T12:30:00Z,146.306,146.386,146.294,146.386,31,15
2026-06-03T12:31:00Z,146.386,146.386,146.298,146.317,31,13
2026-06-03T12:32:00Z,146.317,146.339,146.304,146.335,33,13
2026-06-03T12:33:00Z,146.335,146.368,146.316,146.326,40,13
2026-06-03T12:34:00Z,146.326,146.326,146.262,146.266,28,18
2026-06-03T12:35:00Z,146.266,146.266,146.202,146.202,44,13
2026-06-03T12:36:00Z,146.202,146.243,146.202,146.207,36,15
2026-06-03T12:37:00Z,146.207,146.213,146.187,146.213,30,18
2026-06-03T12:38:00Z,146.213,146.254,146.211,146.239,32,18
2026-06-03T12:39:00Z,146.239,146.270,146.203,146.270,33,15
2026-06-03T12:40:00Z,146.270,146.334,146.269,146.270,45,15
2026-06-03T12:41:00Z,146.270,146.335,146.260,146.335,45,14
2026-06-03T12:42:00Z,146.335,146.336,146.287,146.307,42,14
2026-06-03T12:43:00Z,146.307,146.307,146.228,146.228,45,13
2026-06-03T12:44:00Z,146.228,146.249,146.207,146.207,43,12
2026-06-03T12:45:00Z,146.207,146.280,146.207,146.272,34,16
2026-06-03T12:46:00Z,146.272,146.328,146.272,146.328,38,16
2026-06-03T12:47:00Z,146.328,146.339,146.294,146.322,38,16
2026-06-03T12:48:00Z,146.322,146.354,146.293,146.293,44,16
2026-06-03T12:49:00Z,146.293,146.379,146.286,146.379,48,18
2026-06-03T12:50:00Z,146.379,146.379,146.331,146.350,45,15
2026-06-03T12:51:00Z,146.350,146.426,146.342,146.426,39,17
2026-06-03T12:52:00Z,146.426,146.483,146.406,146.479,43,14
2026-06-03T12:53:00Z,146.479,146.500,146.463,146.484,37,15
2026-06-03T12:54:00Z,146.484,146.486,146.458,146.486,50,12
2026-06-03T12:55:00Z,146.486,146.486,146.417,146.417,45,16
2026-06-03T12:56:00Z,146.417,146.476,146.417,146.473,36,12
2026-06-03T12:57:00Z,146.473,146.516,146.467,146.516,51,12
2026-06-03T12:58:00Z,146.516,146.521,146.467,146.467,51,17
2026-06-03T12:59:00Z,146.467,146.499,146.428,146.434,40,16
2026-06-03T13:00:00Z,146.434,146.487,146.432,146.487,43,13
2026-06-03T13:01:00Z,146.487,146.617,146.476,146.611,51,17
2026-06-03T13:02:00Z,146.611,146.643,146.583,146.593,43,18
2026-06-03T13:03:00Z,146.593,146.605,146.568,146.595,40,18
2026-06-03T13:04:00Z,146.595,146.595,146.533,146.533,51,14
2026-06-03T13:05:00Z,146.533,146.533,146.449,146.510,43,14
2026-06-03T13:06:00Z,146.510,146.523,146.465,146.523,45,14
2026-06-03T13:07:00Z,146.523,146.599,146.523,146.599,54,13
2026-06-03T13:08:00Z,146.599,146.599,146.547,146.556,44,18
2026-06-03T13:09:00Z,146.556,146.620,146.556,146.615,48,16
2026-06-03T13:10:00Z,146.615,146.615,146.556,146.561,51,17
2026-06-03T13:11:00Z,146.561,146.593,146.532,146.545,46,14
2026-06-03T13:12:00Z,146.545,146.585,146.545,146.574,59,14
2026-06-03T13:13:00Z,146.574,146.583,146.502,146.502,59,16
2026-06-03T13:14:00Z,146.502,146.515,146.475,146.475,45,17
2026-06-03T13:15:00Z,146.475,146.534,146.460,146.500,50,12
2026-06-03T13:16:00Z,146.500,146.506,146.483,146.493,55,14
2026-06-03T13:17:00Z,146.493,146.559,146.479,146.526,46,17
2026-06-03T13:18:00Z,146.526,146.534,146.488,146.495,46,13
2026-06-03T13:19:00Z,146.495,146.505,146.477,146.477,51,15
2026-06-03T13:20:00Z,146.477,146.552,146.477,146.552,53,13
2026-06-03T13:21:00Z,146.552,146.568,146.522,146.522,51,17
2026-06-03T13:22:00Z,146.522,146.529,146.479,146.486,59,14
2026-06-03T13:23:00Z,146.486,146.530,146.474,146.519,60,14
2026-06-03T13:24:00Z,146.519,146.546,146.451,146.484,59,17
2026-06-03T13:25:00Z,146.484,146.519,146.461,146.519,61,12
2026-06-03T13:26:00Z,146.519,146.576,146.519,146.569,61,13
2026-06-03T13:27:00Z,146.569,146.578,146.514,146.514,53,16
2026-06-03T13:28:00Z,146.514,146.619,146.514,146.619,51,14
2026-06-03T13:29:00Z,146.619,146.662,146.611,146.647,60,16
2026-06-03T13:30:00Z,146.647,146.688,146.642,146.688,62,15
2026-06-03T13:31:00Z,146.688,146.721,146.662,146.720,56,17
2026-06-03T13:32:00Z,146.720,146.748,146.718,146.718,56,15
2026-06-03T13:33:00Z,146.718,146.787,146.718,146.787,58,13
2026-06-03T13:34:00Z,146.787,146.837,146.766,146.779,68,13
2026-06-03T13:35:00Z,146.779,146.779,146.732,146.741,61,18
2026-06-03T13:36:00Z,146.741,146.782,146.713,146.778,66,17
2026-06-03T13:37:00Z,146.778,146.853,146.778,146.823,61,14
2026-06-03T13:38:00Z,146.823,146.823,146.786,146.791,62,16
2026-06-03T13:39:00Z,146.791,146.799,146.756,146.783,56,13
2026-06-03T13:40:00Z,146.783,146.800,146.700,146.700,59,18
2026-06-03T13:41:00Z,146.700,146.700,146.646,146.652,57,16
2026-06-03T13:42:00Z,146.652,146.660,146.624,146.648,64,12
2026-06-03T13:43:00Z,146.648,146.648,146.546,146.573,61,13
2026-06-03T13:44:00Z,146.573,146.608,146.549,146.592,64,16
2026-06-03T13:45:00Z,146.592,146.592,146.541,146.541,63,12
2026-06-03T13:46:00Z,146.541,146.541,146.508,146.516,75,12
2026-06-03T13:47:00Z,146.516,146.556,146.513,146.552,76,18
2026-06-03T13:48:00Z,146.552,146.611,146.550,146.588,66,14
2026-06-03T13:49:00Z,146.588,146.602,146.558,146.602,64,16
2026-06-03T13:50:00Z,146.602,146.658,146.588,146.650,68,13
2026-06-03T13:51:00Z,146.650,146.666,146.608,146.642,77,18
2026-06-03T13:52:00Z,146.642,146.691,146.642,146.646,68,13
2026-06-03T13:53:00Z,146.646,146.650,146.570,146.615,72,18
2026-06-03T13:54:00Z,146.615,146.644,146.576,146.576,67,16
2026-06-03T13:55:00Z,146.576,146.629,146.573,146.600,66,17
2026-06-03T13:56:00Z,146.600,146.677,146.600,146.656,80,18
2026-06-03T13:57:00Z,146.656,146.699,146.646,146.652,74,18
2026-06-03T13:58:00Z,146.652,146.652,146.564,146.571,80,14
2026-06-03T13:59:00Z,146.571,146.614,146.571,146.588,82,17
2026-06-04T08:00:00Z,146.416,146.497,146.377,146.497,75,51
2026-06-04T08:01:00Z,146.497,146.615,146.497,146.608,75,42
2026-06-04T08:02:00Z,146.608,146.608,146.505,146.538,70,37
2026-06-04T08:03:00Z,146.538,146.538,146.486,146.492,82,38
2026-06-04T08:04:00Z,146.492,146.492,146.408,146.424,71,44
2026-06-04T08:05:00Z,146.424,146.529,146.424,146.522,76,29
2026-06-04T08:06:00Z,146.522,146.585,146.522,146.572,79,28
2026-06-04T08:07:00Z,146.572,146.572,146.511,146.511,66,31
2026-06-04T08:08:00Z,146.511,146.561,146.504,146.548,67,38
2026-06-04T08:09:00Z,146.548,146.567,146.535,146.561,69,33
2026-06-04T08:10:00Z,146.561,146.578,146.538,146.568,74,29
2026-06-04T08:11:00Z,146.568,146.579,146.549,146.563,66,30
2026-06-04T08:12:00Z,146.563,146.587,146.535,146.560,68,29
2026-06-04T08:13:00Z,146.560,146.580,146.484,146.484,68,23
2026-06-04T08:14:00Z,146.484,146.489,146.439,146.463,68,24
2026-06-04T08:15:00Z,146.463,146.554,146.458,146.530,73,26
2026-06-04T08:16:00Z,146.530,146.572,146.499,146.572,60,22
2026-06-04T08:17:00Z,146.572,146.625,146.554,146.608,67,23
2026-06-04T08:18:00Z,146.608,146.633,146.597,146.633,65,19
2026-06-04T08:19:00Z,146.633,146.633,146.567,146.582,64,26
2026-06-04T08:20:00Z,146.582,146.643,146.582,146.621,69,25
2026-06-04T08:21:00Z,146.621,146.629,146.582,146.605,63,17
2026-06-04T08:22:00Z,146.605,146.612,146.521,146.564,57,16
2026-06-04T08:23:00Z,146.564,146.575,146.481,146.509,57,17
2026-06-04T08:24:00Z,146.509,146.532,146.418,146.418,65,16
2026-06-04T08:25:00Z,146.418,146.464,146.412,146.450,65,22
2026-06-04T08:26:00Z,146.450,146.467,146.420,146.432,65,16
2026-06-04T08:27:00Z,146.432,146.432,146.370,146.382,59,22
2026-06-04T08:28:00Z,146.382,146.395,146.364,146.368,60,18
2026-06-04T08:29:00Z,146.368,146.446,146.342,146.446,59,19
2026-06-04T08:30:00Z,146.446,146.471,146.415,146.450,54,21
2026-06-04T08:31:00Z,146.450,146.514,146.450,146.482,55,14
2026-06-04T08:32:00Z,146.482,146.482,146.428,146.453,58,17
2026-06-04T08:33:00Z,146.453,146.453,146.405,146.405,65,19
2026-06-04T08:34:00Z,146.405,146.483,146.387,146.483,52,15
2026-06-04T08:35:00Z,146.483,146.535,146.473,146.535,57,16
2026-06-04T08:36:00Z,146.535,146.558,146.522,146.558,60,18
2026-06-04T08:37:00Z,146.558,146.616,146.532,146.596,54,19
2026-06-04T08:38:00Z,146.596,146.596,146.549,146.558,51,13
2026-06-04T08:39:00Z,146.558,146.580,146.546,146.546,53,16
2026-06-04T08:40:00Z,146.546,146.618,146.537,146.618,46,19
2026-06-04T08:41:00Z,146.618,146.621,146.548,146.610,57,15
2026-06-04T08:42:00Z,146.610,146.672,146.600,146.672,58,16
2026-06-04T08:43:00Z,146.672,146.717,146.647,146.647,55,17
2026-06-04T08:44:00Z,146.647,146.666,146.619,146.619,54,15
2026-06-04T08:45:00Z,146.619,146.633,146.604,146.629,60,18
2026-06-04T08:46:00Z,146.629,146.705,146.615,146.705,44,13
2026-06-04T08:47:00Z,146.705,146.715,146.650,146.669,57,15
2026-06-04T08:48:00Z,146.669,146.688,146.650,146.668,44,17
2026-06-04T08:49:00Z,146.668,146.678,146.626,146.633,44,15
2026-06-04T08:50:00Z,146.633,146.665,146.619,146.665,56,14
2026-06-04T08:51:00Z,146.665,146.675,146.565,146.565,51,17
2026-06-04T08:52:00Z,146.565,146.596,146.551,146.558,50,13
2026-06-04T08:53:00Z,146.558,146.582,146.518,146.530,50,16
2026-06-04T08:54:00Z,146.530,146.615,146.530,146.615,56,12
2026-06-04T08:55:00Z,146.615,146.655,146.615,146.638,47,13
2026-06-04T08:56:00Z,146.638,146.735,146.638,146.735,45,18
2026-06-04T08:57:00Z,146.735,146.771,146.716,146.758,54,15
2026-06-04T08:58:00Z,146.758,146.758,146.681,146.684,52,17
2026-06-04T08:59:00Z,146.684,146.702,146.635,146.642,41,15
2026-06-04T09:00:00Z,146.642,146.711,146.639,146.694,41,16
2026-06-04T09:01:00Z,146.694,146.721,146.632,146.670,38,12
2026-06-04T09:02:00Z,146.670,146.688,146.636,146.636,37,18
2026-06-04T09:03:00Z,146.636,146.710,146.636,146.710,46,18
2026-06-04T09:04:00Z,146.710,146.796,146.710,146.795,49,13
2026-06-04T09:05:00Z,146.795,146.837,146.779,146.779,40,15
2026-06-04T09:06:00Z,146.779,146.903,146.779,146.903,48,18
2026-06-04T09:07:00Z,146.903,146.903,146.857,146.885,39,18
2026-06-04T09:08:00Z,146.885,146.974,146.885,146.948,47,17
2026-06-04T09:09:00Z,146.948,146.971,146.921,146.943,39,18
2026-06-04T09:10:00Z,146.943,146.992,146.943,146.987,37,12
2026-06-04T09:11:00Z,146.987,146.987,146.858,146.858,35,13
2026-06-04T09:12:00Z,146.858,146.858,146.823,146.823,43,12
2026-06-04T09:13:00Z,146.823,146.853,146.797,146.853,46,15
2026-06-04T09:14:00Z,146.853,146.924,146.853,146.898,34,12
2026-06-04T09:15:00Z,146.898,146.909,146.829,146.845,32,12
2026-06-04T09:16:00Z,146.845,146.845,146.746,146.772,33,17
2026-06-04T09:17:00Z,146.772,146.850,146.765,146.850,40,14
2026-06-04T09:18:00Z,146.850,146.894,146.850,146.882,46,16
2026-06-04T09:19:00Z,146.882,146.882,146.822,146.822,34,15
2026-06-04T09:20:00Z,146.822,146.866,146.797,146.834,40,16
2026-06-04T09:21:00Z,146.834,146.890,146.832,146.855,42,14
2026-06-04T09:22:00Z,146.855,146.885,146.805,146.885,37,13
2026-06-04T09:23:00Z,146.885,146.885,146.822,146.841,45,14
2026-06-04T09:24:00Z,146.841,146.890,146.837,146.890,37,13
2026-06-04T09:25:00Z,146.890,146.899,146.869,146.890,34,17
2026-06-04T09:26:00Z,146.890,146.896,146.838,146.852,34,15
2026-06-04T09:27:00Z,146.852,146.858,146.777,146.809,33,15
2026-06-04T09:28:00Z,146.809,146.821,146.766,146.821,31,16
2026-06-04T09:29:00Z,146.821,146.881,146.821,146.860,38,15
2026-06-04T09:30:00Z,146.860,146.896,146.810,146.860,42,12
2026-06-04T09:31:00Z,146.860,146.907,146.843,146.851,42,12
2026-06-04T09:32:00Z,146.851,146.889,146.821,146.821,33,15
2026-06-04T09:33:00Z,146.821,146.841,146.763,146.830,33,16
2026-06-04T09:34:00Z,146.830,146.863,146.818,146.818,34,12
2026-06-04T09:35:00Z,146.818,146.900,146.818,146.879,36,12
2026-06-04T09:36:00Z,146.879,146.929,146.877,146.908,34,17
2026-06-04T09:37:00Z,146.908,146.952,146.889,146.910,32,18
2026-06-04T09:38:00Z,146.910,146.910,146.844,146.883,31,16
2026-06-04T09:39:00Z,146.883,146.949,146.880,146.949,28,17
2026-06-04T09:40:00Z,146.949,146.981,146.895,146.895,26,15
2026-06-04T09:41:00Z,146.895,146.911,146.879,146.889,33,15
2026-06-04T09:42:00Z,146.889,146.889,146.852,146.854,39,15
2026-06-04T09:43:00Z,146.854,146.855,146.769,146.785,35,18
2026-06-04T09:44:00Z,146.785,146.801,146.742,146.772,25,15
2026-06-04T09:45:00Z,146.772,146.792,146.737,146.761,32,18
2026-06-04T09:46:00Z,146.761,146.787,146.745,146.748,34,17
2026-06-04T09:47:00Z,146.748,146.792,146.748,146.776,33,15
2026-06-04T09:48:00Z,146.776,146.794,146.748,146.761,35,18
2026-06-04T09:49:00Z,146.761,146.801,146.761,146.775,32,18
2026-06-04T09:50:00Z,146.775,146.827,146.753,146.813,36,14
2026-06-04T09:51:00Z,146.813,146.861,146.780,146.861,36,14
2026-06-04T09:52:00Z,146.861,146.932,146.853,146.932,21,18
2026-06-04T09:53:00Z,146.932,146.933,146.891,146.893,30,16
2026-06-04T09:54:00Z,146.893,146.943,146.893,146.943,32,17
2026-06-04T09:55:00Z,146.943,146.958,146.916,146.916,26,15
2026-06-04T09:56:00Z,146.916,146.920,146.878,146.916,31,15
2026-06-04T09:57:00Z,146.916,146.916,146.867,146.875,34,13
2026-06-04T09:58:00Z,146.875,146.878,146.828,146.828,24,17
2026-06-04T09:59:00Z,146.828,146.850,146.743,146.744,32,16
2026-06-04T10:00:00Z,146.744,146.744,146.681,146.709,22,17
2026-06-04T10:01:00Z,146.709,146.740,146.668,146.740,25,14
2026-06-04T10:02:00Z,146.740,146.755,146.677,146.681,19,12
2026-06-04T10:03:00Z,146.681,146.681,146.628,146.639,26,14
2026-06-04T10:04:00Z,146.639,146.660,146.590,146.590,28,17
2026-06-04T10:05:00Z,146.590,146.590,146.498,146.529,19,12
2026-06-04T10:06:00Z,146.529,146.529,146.466,146.483,21,14
2026-06-04T10:07:00Z,146.483,146.483,146.403,146.403,25,16
2026-06-04T10:08:00Z,146.403,146.403,146.335,146.335,29,17
2026-06-04T10:09:00Z,146.335,146.355,146.161,146.161,22,14
2026-06-04T10:10:00Z,146.161,146.180,146.143,146.180,30,14
2026-06-04T10:11:00Z,146.180,146.221,146.155,146.155,33,13
2026-06-04T10:12:00Z,146.155,146.171,146.125,146.125,32,15
2026-06-04T10:13:00Z,146.125,146.125,146.043,146.072,32,12
2026-06-04T10:14:00Z,146.072,146.072,146.039,146.067,30,17
2026-06-04T10:15:00Z,146.067,146.096,146.054,146.086,31,12
2026-06-04T10:16:00Z,146.086,146.096,146.044,146.055,21,12
2026-06-04T10:17:00Z,146.055,146.081,146.047,146.081,18,14
2026-06-04T10:18:00Z,146.081,146.116,146.048,146.048,32,14
2026-06-04T10:19:00Z,146.048,146.101,146.033,146.101,29,13
2026-06-04T10:20:00Z,146.101,146.198,146.101,146.178,18,12
2026-06-04T10:21:00Z,146.178,146.223,146.155,146.193,26,17
2026-06-04T10:22:00Z,146.193,146.261,146.182,146.261,18,14
2026-06-04T10:23:00Z,146.261,146.261,146.222,146.231,25,13
2026-06-04T10:24:00Z,146.231,146.241,146.208,146.228,30,15
2026-06-04T10:25:00Z,146.228,146.228,146.196,146.204,19,16
2026-06-04T10:26:00Z,146.204,146.204,146.109,146.109,30,14
2026-06-04T10:27:00Z,146.109,146.170,146.098,146.170,18,16
2026-06-04T10:28:00Z,146.170,146.170,146.118,146.154,27,16
2026-06-04T10:29:00Z,146.154,146.154,146.096,146.100,29,18
2026-06-04T10:30:00Z,146.100,146.113,146.083,146.095,26,13
2026-06-04T10:31:00Z,146.095,146.135,146.095,146.102,30,17
2026-06-04T10:32:00Z,146.102,146.108,146.064,146.064,25,17
2026-06-04T10:33:00Z,146.064,146.076,146.023,146.023,23,16
2026-06-04T10:34:00Z,146.023,146.023,145.954,145.954,15,12
2026-06-04T10:35:00Z,145.954,145.972,145.931,145.954,19,18
2026-06-04T10:36:00Z,145.954,145.971,145.924,145.965,18,12
2026-06-04T10:37:00Z,145.965,145.980,145.918,145.918,19,14
2026-06-04T10:38:00Z,145.918,145.981,145.918,145.972,21,18
2026-06-04T10:39:00Z,145.972,146.014,145.972,145.982,30,12
2026-06-04T10:40:00Z,145.982,146.010,145.982,145.997,28,16
2026-06-04T10:41:00Z,145.997,146.002,145.906,145.906,21,16
2026-06-04T10:42:00Z,145.906,145.906,145.854,145.882,24,15
2026-06-04T10:43:00Z,145.882,145.889,145.839,145.841,13,15
2026-06-04T10:44:00Z,145.841,145.841,145.738,145.744,22,13
2026-06-04T10:45:00Z,145.744,145.752,145.683,145.752,18,15
2026-06-04T10:46:00Z,145.752,145.802,145.732,145.770,24,15
2026-06-04T10:47:00Z,145.770,145.826,145.770,145.819,18,17
2026-06-04T10:48:00Z,145.819,145.853,145.774,145.791,26,12
2026-06-04T10:49:00Z,145.791,145.833,145.753,145.753,18,17
2026-06-04T10:50:00Z,145.753,145.753,145.680,145.696,22,16
2026-06-04T10:51:00Z,145.696,145.739,145.687,145.708,18,16
2026-06-04T10:52:00Z,145.708,145.708,145.624,145.646,27,17
2026-06-04T10:53:00Z,145.646,145.701,145.646,145.654,23,17
2026-06-04T10:54:00Z,145.654,145.667,145.574,145.574,13,14
2026-06-04T10:55:00Z,145.574,145.584,145.507,145.507,28,13
2026-06-04T10:56:00Z,145.507,145.507,145.460,145.487,14,18
2026-06-04T10:57:00Z,145.487,145.579,145.487,145.556,28,12
2026-06-04T10:58:00Z,145.556,145.572,145.492,145.506,18,16
2026-06-04T10:59:00Z,145.506,145.506,145.477,145.483,13,16
2026-06-04T11:00:00Z,145.483,145.521,145.474,145.511,21,15
2026-06-04T11:01:00Z,145.511,145.557,145.502,145.507,29,17
2026-06-04T11:02:00Z,145.507,145.549,145.476,145.516,23,15
2026-06-04T11:03:00Z,145.516,145.557,145.509,145.509,29,14
2026-06-04T11:04:00Z,145.509,145.557,145.477,145.522,18,12
2026-06-04T11:05:00Z,145.522,145.539,145.487,145.530,18,14
2026-06-04T11:06:00Z,145.530,145.637,145.509,145.637,21,13
2026-06-04T11:07:00Z,145.637,145.664,145.606,145.610,15,12
2026-06-04T11:08:00Z,145.610,145.611,145.552,145.586,15,16
2026-06-04T11:09:00Z,145.586,145.599,145.572,145.599,14,16
2026-06-04T11:10:00Z,145.599,145.644,145.599,145.608,26,18
2026-06-04T11:11:00Z,145.608,145.608,145.542,145.542,22,17
2026-06-04T11:12:00Z,145.542,145.587,145.475,145.475,24,13
2026-06-04T11:13:00Z,145.475,145.534,145.475,145.523,18,18
2026-06-04T11:14:00Z,145.523,145.549,145.487,145.540,24,12
2026-06-04T11:15:00Z,145.540,145.571,145.530,145.564,23,13
2026-06-04T11:16:00Z,145.564,145.565,145.507,145.544,29,13
2026-06-04T11:17:00Z,145.544,145.544,145.485,145.510,28,14
2026-06-04T11:18:00Z,145.510,145.510,145.445,145.445,21,18
2026-06-04T11:19:00Z,145.445,145.474,145.429,145.463,15,13
2026-06-04T11:20:00Z,145.463,145.504,145.416,145.434,30,17
2026-06-04T11:21:00Z,145.434,145.451,145.405,145.417,16,16
2026-06-04T11:22:00Z,145.417,145.481,145.417,145.464,24,18
2026-06-04T11:23:00Z,145.464,145.513,145.446,145.459,16,15
2026-06-04T11:24:00Z,145.459,145.479,145.418,145.457,30,12
2026-06-04T11:25:00Z,145.457,145.521,145.445,145.521,30,15
2026-06-04T11:26:00Z,145.521,145.537,145.498,145.504,20,14
2026-06-04T11:27:00Z,145.504,145.504,145.375,145.375,26,15
2026-06-04T11:28:00Z,145.375,145.401,145.361,145.361,30,12
2026-06-04T11:29:00Z,145.361,145.379,145.355,145.358,17,13
2026-06-04T11:30:00Z,145.358,145.358,145.335,145.356,26,14
2026-06-04T11:31:00Z,145.356,145.370,145.338,145.362,30,17
2026-06-04T11:32:00Z,145.362,145.362,145.293,145.318,21,15
2026-06-04T11:33:00Z,145.318,145.398,145.318,145.394,21,16
2026-06-04T11:34:00Z,145.394,145.422,145.363,145.422,28,14
2026-06-04T11:35:00Z,145.422,145.422,145.378,145.395,23,13
2026-06-04T11:36:00Z,145.395,145.395,145.324,145.327,24,13
2026-06-04T11:37:00Z,145.327,145.342,145.305,145.318,27,18
2026-06-04T11:38:00Z,145.318,145.352,145.300,145.331,27,14
2026-06-04T11:39:00Z,145.331,145.347,145.320,145.339,25,16
2026-06-04T11:40:00Z,145.339,145.380,145.329,145.370,22,16
2026-06-04T11:41:00Z,145.370,145.372,145.318,145.318,28,16
2026-06-04T11:42:00Z,145.318,145.318,145.270,145.272,20,14
2026-06-04T11:43:00Z,145.272,145.353,145.272,145.353,17,17
2026-06-04T11:44:00Z,145.353,145.358,145.291,145.291,27,12
2026-06-04T11:45:00Z,145.291,145.308,145.263,145.281,20,14
2026-06-04T11:46:00Z,145.281,145.281,145.201,145.201,18,16
2026-06-04T11:47:00Z,145.201,145.201,145.143,145.184,24,12
2026-06-04T11:48:00Z,145.184,145.184,145.126,145.163,19,17
2026-06-04T11:49:00Z,145.163,145.229,145.153,145.227,25,17
2026-06-04T11:50:00Z,145.227,145.227,145.175,145.175,30,16
2026-06-04T11:51:00Z,145.175,145.208,145.164,145.199,30,13
2026-06-04T11:52:00Z,145.199,145.223,145.180,145.223,26,12
2026-06-04T11:53:00Z,145.223,145.224,145.179,145.179,18,18
2026-06-04T11:54:00Z,145.179,145.227,145.167,145.227,24,15
2026-06-04T11:55:00Z,145.227,145.251,145.211,145.232,19,18
2026-06-04T11:56:00Z,145.232,145.280,145.228,145.257,34,12
2026-06-04T11:57:00Z,145.257,145.257,145.154,145.154,30,12
2026-06-04T11:58:00Z,145.154,145.186,145.134,145.173,35,16
2026-06-04T11:59:00Z,145.173,145.222,145.169,145.169,22,14
2026-06-04T12:00:00Z,145.169,145.169,145.054,145.054,27,15
2026-06-04T12:01:00Z,145.054,145.125,145.050,145.121,27,14
2026-06-04T12:02:00Z,145.121,145.141,145.111,145.119,24,15
2026-06-04T12:03:00Z,145.119,145.119,145.054,145.102,33,12
2026-06-04T12:04:00Z,145.102,145.199,145.102,145.199,27,18
2026-06-04T12:05:00Z,145.199,145.214,145.135,145.147,33,18
2026-06-04T12:06:00Z,145.147,145.147,145.074,145.087,30,16
2026-06-04T12:07:00Z,145.087,145.123,145.087,145.095,24,17
2026-06-04T12:08:00Z,145.095,145.176,145.095,145.163,31,16
2026-06-04T12:09:00Z,145.163,145.192,145.161,145.163,22,14
2026-06-04T12:10:00Z,145.163,145.192,145.163,145.181,37,13
2026-06-04T12:11:00Z,145.181,145.223,145.181,145.207,32,16
2026-06-04T12:12:00Z,145.207,145.230,145.192,145.192,26,18
2026-06-04T12:13:00Z,145.192,145.248,145.186,145.186,37,13
2026-06-04T12:14:00Z,145.186,145.191,145.110,145.118,24,16
2026-06-04T12:15:00Z,145.118,145.118,145.010,145.011,25,12
2026-06-04T12:16:00Z,145.011,145.075,145.011,145.060,31,18
2026-06-04T12:17:00Z,145.060,145.079,145.046,145.048,25,18
2026-06-04T12:18:00Z,145.048,145.112,145.048,145.068,31,13
2026-06-04T12:19:00Z,145.068,145.096,145.055,145.057,37,16
2026-06-04T12:20:00Z,145.057,145.127,145.057,145.127,39,14
2026-06-04T12:21:00Z,145.127,145.158,145.103,145.158,36,17
2026-06-04T12:22:00Z,145.158,145.158,145.071,145.071,30,15
2026-06-04T12:23:00Z,145.071,145.102,145.044,145.102,38,15
2026-06-04T12:24:00Z,145.102,145.217,145.102,145.195,39,15
2026-06-04T12:25:00Z,145.195,145.195,145.156,145.178,33,13
2026-06-04T12:26:00Z,145.178,145.236,145.164,145.236,31,18
2026-06-04T12:27:00Z,145.236,145.248,145.195,145.211,31,16
2026-06-04T12:28:00Z,145.211,145.298,145.211,145.289,36,18
2026-06-04T12:29:00Z,145.289,145.308,145.270,145.279,35,15
2026-06-04T12:30:00Z,145.279,145.331,145.279,145.301,30,14
2026-06-04T12:31:00Z,145.301,145.357,145.292,145.333,34,18
2026-06-04T12:32:00Z,145.333,145.333,145.241,145.304,33,15
2026-06-04T12:33:00Z,145.304,145.335,145.271,145.326,33,17
2026-06-04T12:34:00Z,145.326,145.330,145.250,145.250,34,16
2026-06-04T12:35:00Z,145.250,145.262,145.215,145.253,36,12
2026-06-04T12:36:00Z,145.253,145.253,145.213,145.249,33,14
2026-06-04T12:37:00Z,145.249,145.307,145.249,145.283,29,13
2026-06-04T12:38:00Z,145.283,145.283,145.196,145.221,31,13
2026-06-04T12:39:00Z,145.221,145.238,145.139,145.139,32,15
2026-06-04T12:40:00Z,145.139,145.139,145.097,145.097,38,14
2026-06-04T12:41:00Z,145.097,145.097,144.965,144.987,33,12
2026-06-04T12:42:00Z,144.987,144.988,144.909,144.909,36,14
2026-06-04T12:43:00Z,144.909,144.956,144.888,144.956,43,14
2026-06-04T12:44:00Z,144.956,144.973,144.942,144.946,44,16
2026-06-04T12:45:00Z,144.946,144.970,144.932,144.941,38,12
2026-06-04T12:46:00Z,144.941,144.947,144.919,144.932,36,15
2026-06-04T12:47:00Z,144.932,144.975,144.915,144.929,48,18
2026-06-04T12:48:00Z,144.929,144.929,144.874,144.874,46,13
2026-06-04T12:49:00Z,144.874,144.914,144.874,144.878,49,12
2026-06-04T12:50:00Z,144.878,144.878,144.775,144.775,42,14
2026-06-04T12:51:00Z,144.775,144.775,144.660,144.660,40,12
2026-06-04T12:52:00Z,144.660,144.777,144.660,144.772,42,14
2026-06-04T12:53:00Z,144.772,144.789,144.753,144.789,45,15
2026-06-04T12:54:00Z,144.789,144.789,144.751,144.782,44,18
2026-06-04T12:55:00Z,144.782,144.809,144.756,144.765,44,14
2026-06-04T12:56:00Z,144.765,144.765,144.670,144.674,46,15
2026-06-04T12:57:00Z,144.674,144.674,144.577,144.602,39,17
2026-06-04T12:58:00Z,144.602,144.622,144.554,144.554,49,17
2026-06-04T12:59:00Z,144.554,144.591,144.551,144.551,41,12
2026-06-04T13:00:00Z,144.551,144.582,144.537,144.582,46,13
2026-06-04T13:01:00Z,144.582,144.667,144.582,144.667,44,12
2026-06-04T13:02:00Z,144.667,144.716,144.667,144.694,40,16
2026-06-04T13:03:00Z,144.694,144.763,144.694,144.755,43,14
2026-06-04T13:04:00Z,144.755,144.762,144.712,144.762,48,13
2026-06-04T13:05:00Z,144.762,144.794,144.728,144.728,46,17
2026-06-04T13:06:00Z,144.728,144.738,144.698,144.728,56,15
2026-06-04T13:07:00Z,144.728,144.749,144.664,144.679,40,13
2026-06-04T13:08:00Z,144.679,144.760,144.668,144.760,41,14
2026-06-04T13:09:00Z,144.760,144.791,144.760,144.773,46,16
2026-06-04T13:10:00Z,144.773,144.781,144.745,144.745,56,17
2026-06-04T13:11:00Z,144.745,144.745,144.642,144.642,42,16
2026-06-04T13:12:00Z,144.642,144.659,144.616,144.616,53,18
2026-06-04T13:13:00Z,144.616,144.652,144.604,144.615,56,16
2026-06-04T13:14:00Z,144.615,144.623,144.595,144.616,47,15
2026-06-04T13:15:00Z,144.616,144.646,144.512,144.512,60,17
2026-06-04T13:16:00Z,144.512,144.559,144.497,144.555,44,13
2026-06-04T13:17:00Z,144.555,144.570,144.524,144.528,54,18
2026-06-04T13:18:00Z,144.528,144.560,144.501,144.553,54,13
2026-06-04T13:19:00Z,144.553,144.581,144.509,144.509,55,13
2026-06-04T13:20:00Z,144.509,144.514,144.457,144.457,62,18
2026-06-04T13:21:00Z,144.457,144.457,144.411,144.411,60,16
2026-06-04T13:22:00Z,144.411,144.411,144.352,144.387,49,14
2026-06-04T13:23:00Z,144.387,144.415,144.320,144.336,50,14
2026-06-04T13:24:00Z,144.336,144.393,144.336,144.377,48,18
2026-06-04T13:25:00Z,144.377,144.396,144.358,144.395,60,18
2026-06-04T13:26:00Z,144.395,144.432,144.394,144.418,59,12
2026-06-04T13:27:00Z,144.418,144.451,144.411,144.436,50,16
2026-06-04T13:28:00Z,144.436,144.449,144.420,144.421,63,18
2026-06-04T13:29:00Z,144.421,144.436,144.365,144.365,64,18
2026-06-04T13:30:00Z,144.365,144.401,144.350,144.372,51,18
2026-06-04T13:31:00Z,144.372,144.393,144.345,144.380,59,13
2026-06-04T13:32:00Z,144.380,144.380,144.282,144.282,68,17
2026-06-04T13:33:00Z,144.282,144.353,144.282,144.345,66,15
2026-06-04T13:34:00Z,144.345,144.464,144.339,144.464,54,13
2026-06-04T13:35:00Z,144.464,144.486,144.456,144.481,56,16
2026-06-04T13:36:00Z,144.481,144.506,144.469,144.499,68,16
2026-06-04T13:37:00Z,144.499,144.504,144.470,144.492,64,15
2026-06-04T13:38:00Z,144.492,144.532,144.444,144.486,67,12
2026-06-04T13:39:00Z,144.486,144.486,144.414,144.419,71,15
2026-06-04T13:40:00Z,144.419,144.461,144.397,144.397,67,17
2026-06-04T13:41:00Z,144.397,144.443,144.388,144.439,58,13
2026-06-04T13:42:00Z,144.439,144.483,144.397,144.397,65,16
2026-06-04T13:43:00Z,144.397,144.397,144.323,144.338,58,14
2026-06-04T13:44:00Z,144.338,144.376,144.331,144.351,60,15
2026-06-04T13:45:00Z,144.351,144.353,144.253,144.253,74,17
2026-06-04T13:46:00Z,144.253,144.279,144.226,144.226,75,12
2026-06-04T13:47:00Z,144.226,144.226,144.128,144.138,70,14
2026-06-04T13:48:00Z,144.138,144.158,144.101,144.110,71,18
2026-06-04T13:49:00Z,144.110,144.206,144.110,144.206,72,18
2026-06-04T13:50:00Z,144.206,144.238,144.195,144.231,66,15
2026-06-04T13:51:00Z,144.231,144.300,144.231,144.278,69,13
2026-06-04T13:52:00Z,144.278,144.289,144.206,144.217,71,15
2026-06-04T13:53:00Z,144.217,144.217,144.143,144.148,71,15
2026-06-04T13:54:00Z,144.148,144.259,144.148,144.257,78,17
2026-06-04T13:55:00Z,144.257,144.362,144.248,144.362,68,16
2026-06-04T13:56:00Z,144.362,144.380,144.342,144.342,70,15
2026-06-04T13:57:00Z,144.342,144.354,144.248,144.248,73,15
2026-06-04T13:58:00Z,144.248,144.253,144.192,144.246,77,12
2026-06-04T13:59:00Z,144.246,144.275,144.231,144.238,74,17
2026-06-05T08:00:00Z,144.799,144.821,144.759,144.759,70,54
2026-06-05T08:01:00Z,144.759,144.759,144.719,144.739,67,45
2026-06-05T08:02:00Z,144.739,144.755,144.668,144.690,81,40
2026-06-05T08:03:00Z,144.690,144.725,144.663,144.725,76,41
2026-06-05T08:04:00Z,144.725,144.728,144.682,144.728,81,31
2026-06-05T08:05:00Z,144.728,144.728,144.674,144.707,65,29
2026-06-05T08:06:00Z,144.707,144.707,144.668,144.668,78,40
2026-06-05T08:07:00Z,144.668,144.671,144.631,144.645,68,40
2026-06-05T08:08:00Z,144.645,144.674,144.644,144.645,77,30
2026-06-05T08:09:00Z,144.645,144.645,144.596,144.607,69,33
2026-06-05T08:10:00Z,144.607,144.623,144.579,144.623,71,25
2026-06-05T08:11:00Z,144.623,144.632,144.576,144.576,72,23
2026-06-05T08:12:00Z,144.576,144.590,144.536,144.581,76,29
2026-06-05T08:13:00Z,144.581,144.583,144.551,144.581,64,23
2026-06-05T08:14:00Z,144.581,144.593,144.546,144.579,70,30
2026-06-05T08:15:00Z,144.579,144.707,144.551,144.707,70,26
2026-06-05T08:16:00Z,144.707,144.750,144.698,144.740,68,28
2026-06-05T08:17:00Z,144.740,144.806,144.740,144.806,59,18
2026-06-05T08:18:00Z,144.806,144.816,144.738,144.816,69,22
2026-06-05T08:19:00Z,144.816,144.836,144.796,144.815,68,23
2026-06-05T08:20:00Z,144.815,144.818,144.761,144.795,68,23
2026-06-05T08:21:00Z,144.795,144.802,144.762,144.773,63,19
2026-06-05T08:22:00Z,144.773,144.773,144.662,144.662,56,24
2026-06-05T08:23:00Z,144.662,144.673,144.654,144.656,62,16
2026-06-05T08:24:00Z,144.656,144.710,144.655,144.705,54,23
2026-06-05T08:25:00Z,144.705,144.724,144.700,144.700,58,19
2026-06-05T08:26:00Z,144.700,144.717,144.680,144.717,54,16
2026-06-05T08:27:00Z,144.717,144.717,144.626,144.626,58,21
2026-06-05T08:28:00Z,144.626,144.676,144.623,144.658,58,17
2026-06-05T08:29:00Z,144.658,144.664,144.610,144.610,54,16
2026-06-05T08:30:00Z,144.610,144.638,144.597,144.597,59,15
2026-06-05T08:31:00Z,144.597,144.597,144.546,144.591,57,14
2026-06-05T08:32:00Z,144.591,144.662,144.591,144.612,61,16
2026-06-05T08:33:00Z,144.612,144.612,144.560,144.560,60,19
2026-06-05T08:34:00Z,144.560,144.607,144.526,144.590,52,17
2026-06-05T08:35:00Z,144.590,144.674,144.569,144.674,52,16
2026-06-05T08:36:00Z,144.674,144.726,144.672,144.714,48,20
2026-06-05T08:37:00Z,144.714,144.714,144.603,144.603,59,20
2026-06-05T08:38:00Z,144.603,144.610,144.467,144.475,53,13
2026-06-05T08:39:00Z,144.475,144.593,144.475,144.586,62,20
2026-06-05T08:40:00Z,144.586,144.586,144.546,144.567,55,18
2026-06-05T08:41:00Z,144.567,144.614,144.547,144.614,49,17
2026-06-05T08:42:00Z,144.614,144.636,144.594,144.624,47,14
2026-06-05T08:43:00Z,144.624,144.643,144.605,144.623,53,19
2026-06-05T08:44:00Z,144.623,144.624,144.580,144.611,56,16
2026-06-05T08:45:00Z,144.611,144.712,144.608,144.712,48,17
2026-06-05T08:46:00Z,144.712,144.741,144.710,144.741,47,15
2026-06-05T08:47:00Z,144.741,144.791,144.741,144.742,55,13
2026-06-05T08:48:00Z,144.742,144.789,144.719,144.789,43,19
2026-06-05T08:49:00Z,144.789,144.807,144.768,144.805,52,16
2026-06-05T08:50:00Z,144.805,144.819,144.728,144.728,42,13
2026-06-05T08:51:00Z,144.728,144.735,144.677,144.677,46,15
2026-06-05T08:52:00Z,144.677,144.677,144.571,144.594,50,12
2026-06-05T08:53:00Z,144.594,144.594,144.546,144.551,54,15
2026-06-05T08:54:00Z,144.551,144.563,144.527,144.563,46,17
2026-06-05T08:55:00Z,144.563,144.608,144.526,144.577,41,15
2026-06-05T08:56:00Z,144.577,144.577,144.517,144.517,55,18
2026-06-05T08:57:00Z,144.517,144.518,144.459,144.484,52,16
2026-06-05T08:58:00Z,144.484,144.492,144.461,144.472,52,16
2026-06-05T08:59:00Z,144.472,144.472,144.381,144.401,42,14
2026-06-05T09:00:00Z,144.401,144.414,144.375,144.414,47,16
2026-06-05T09:01:00Z,144.414,144.432,144.398,144.404,41,16
2026-06-05T09:02:00Z,144.404,144.441,144.380,144.441,50,13
2026-06-05T09:03:00Z,144.441,144.519,144.439,144.513,41,14
2026-06-05T09:04:00Z,144.513,144.518,144.478,144.508,37,14
2026-06-05T09:05:00Z,144.508,144.526,144.466,144.516,43,17
2026-06-05T09:06:00Z,144.516,144.516,144.460,144.472,44,13
2026-06-05T09:07:00Z,144.472,144.513,144.472,144.513,49,12
2026-06-05T09:08:00Z,144.513,144.522,144.469,144.520,42,12
2026-06-05T09:09:00Z,144.520,144.569,144.473,144.563,34,13
2026-06-05T09:10:00Z,144.563,144.640,144.559,144.640,47,15
2026-06-05T09:11:00Z,144.640,144.670,144.592,144.654,42,17
2026-06-05T09:12:00Z,144.654,144.654,144.611,144.611,49,14
2026-06-05T09:13:00Z,144.611,144.663,144.607,144.655,40,15
2026-06-05T09:14:00Z,144.655,144.685,144.624,144.683,39,13
2026-06-05T09:15:00Z,144.683,144.695,144.647,144.695,39,17
2026-06-05T09:16:00Z,144.695,144.786,144.688,144.786,45,12
2026-06-05T09:17:00Z,144.786,144.870,144.786,144.870,35,18
2026-06-05T09:18:00Z,144.870,144.876,144.825,144.844,39,17
2026-06-05T09:19:00Z,144.844,144.902,144.844,144.846,32,14
2026-06-05T09:20:00Z,144.846,144.848,144.815,144.847,46,13
2026-06-05T09:21:00Z,144.847,144.847,144.764,144.784,30,15
2026-06-05T09:22:00Z,144.784,144.798,144.760,144.798,39,14
2026-06-05T09:23:00Z,144.798,144.821,144.789,144.804,41,12
2026-06-05T09:24:00Z,144.804,144.809,144.722,144.722,40,14
2026-06-05T09:25:00Z,144.722,144.722,144.674,144.701,40,15
2026-06-05T09:26:00Z,144.701,144.814,144.698,144.810,37,13
2026-06-05T09:27:00Z,144.810,144.849,144.805,144.830,34,14
2026-06-05T09:28:00Z,144.830,144.837,144.813,144.837,37,15
2026-06-05T09:29:00Z,144.837,144.837,144.801,144.805,39,14
2026-06-05T09:30:00Z,144.805,144.805,144.776,144.791,32,17
2026-06-05T09:31:00Z,144.791,144.791,144.735,144.735,26,16
2026-06-05T09:32:00Z,144.735,144.816,144.735,144.816,33,16
2026-06-05T09:33:00Z,144.816,144.853,144.786,144.812,28,16
2026-06-05T09:34:00Z,144.812,144.812,144.742,144.781,41,14
2026-06-05T09:35:00Z,144.781,144.785,144.754,144.764,34,17
2026-06-05T09:36:00Z,144.764,144.785,144.703,144.727,34,15
2026-06-05T09:37:00Z,144.727,144.761,144.726,144.751,41,18
2026-06-05T09:38:00Z,144.751,144.820,144.744,144.802,37,14
2026-06-05T09:39:00Z,144.802,144.853,144.794,144.830,39,15
2026-06-05T09:40:00Z,144.830,144.885,144.808,144.862,26,17
2026-06-05T09:41:00Z,144.862,144.887,144.829,144.870,39,17
2026-06-05T09:42:00Z,144.870,144.924,144.868,144.882,27,14
2026-06-05T09:43:00Z,144.882,144.892,144.790,144.790,34,17
2026-06-05T09:44:00Z,144.790,144.844,144.777,144.844,32,17
2026-06-05T09:45:00Z,144.844,144.907,144.838,144.839,31,18
2026-06-05T09:46:00Z,144.839,144.871,144.823,144.841,36,13
2026-06-05T09:47:00Z,144.841,144.923,144.820,144.902,22,14
2026-06-05T09:48:00Z,144.902,144.980,144.902,144.969,24,13
2026-06-05T09:49:00Z,144.969,144.970,144.927,144.927,21,14
2026-06-05T09:50:00Z,144.927,144.944,144.888,144.901,37,15
2026-06-05T09:51:00Z,144.901,144.985,144.901,144.985,26,13
2026-06-05T09:52:00Z,144.985,145.030,144.959,144.964,28,18
2026-06-05T09:53:00Z,144.964,144.964,144.857,144.857,28,14
2026-06-05T09:54:00Z,144.857,144.857,144.760,144.777,36,18
2026-06-05T09:55:00Z,144.777,144.833,144.762,144.833,20,17
2026-06-05T09:56:00Z,144.833,144.833,144.748,144.781,31,17
2026-06-05T09:57:00Z,144.781,144.781,144.742,144.776,26,14
2026-06-05T09:58:00Z,144.776,144.831,144.776,144.792,25,18
2026-06-05T09:59:00Z,144.792,144.809,144.762,144.766,31,18
2026-06-05T10:00:00Z,144.766,144.784,144.753,144.753,21,15
2026-06-05T10:01:00Z,144.753,144.808,144.753,144.798,25,18
2026-06-05T10:02:00Z,144.798,144.834,144.783,144.783,25,17
2026-06-05T10:03:00Z,144.783,144.845,144.783,144.845,18,17
2026-06-05T10:04:00Z,144.845,144.862,144.834,144.853,23,16
2026-06-05T10:05:00Z,144.853,144.853,144.803,144.815,34,14
2026-06-05T10:06:00Z,144.815,144.876,144.811,144.849,30,16
2026-06-05T10:07:00Z,144.849,144.866,144.840,144.854,28,13
2026-06-05T10:08:00Z,144.854,144.856,144.749,144.749,32,12
2026-06-05T10:09:00Z,144.749,144.766,144.728,144.753,32,13
2026-06-05T10:10:00Z,144.753,144.780,144.741,144.741,17,17
2026-06-05T10:11:00Z,144.741,144.743,144.658,144.658,30,13
2026-06-05T10:12:00Z,144.658,144.684,144.609,144.684,22,16
2026-06-05T10:13:00Z,144.684,144.700,144.594,144.609,25,13
2026-06-05T10:14:00Z,144.609,144.714,144.609,144.714,21,14
2026-06-05T10:15:00Z,144.714,144.714,144.683,144.699,18,12
2026-06-05T10:16:00Z,144.699,144.710,144.681,144.709,27,15
2026-06-05T10:17:00Z,144.709,144.709,144.673,144.690,19,16
2026-06-05T10:18:00Z,144.690,144.699,144.648,144.648,27,16
2026-06-05T10:19:00Z,144.648,144.698,144.633,144.650,32,18
2026-06-05T10:20:00Z,144.650,144.661,144.629,144.629,28,15
2026-06-05T10:21:00Z,144.629,144.629,144.577,144.604,30,17
2026-06-05T10:22:00Z,144.604,144.652,144.603,144.652,16,17
2026-06-05T10:23:00Z,144.652,144.675,144.619,144.674,29,18
2026-06-05T10:24:00Z,144.674,144.706,144.656,144.656,20,14
2026-06-05T10:25:00Z,144.656,144.681,144.639,144.649,17,14
2026-06-05T10:26:00Z,144.649,144.670,144.588,144.588,16,18
2026-06-05T10:27:00Z,144.588,144.618,144.588,144.610,22,13
2026-06-05T10:28:00Z,144.610,144.679,144.610,144.653,19,16
2026-06-05T10:29:00Z,144.653,144.691,144.635,144.691,26,15
2026-06-05T10:30:00Z,144.691,144.706,144.655,144.663,23,15
2026-06-05T10:31:00Z,144.663,144.672,144.597,144.633,20,15
2026-06-05T10:32:00Z,144.633,144.633,144.572,144.584,20,14
2026-06-05T10:33:00Z,144.584,144.645,144.560,144.624,25,18
2026-06-05T10:34:00Z,144.624,144.641,144.594,144.641,14,17
2026-06-05T10:35:00Z,144.641,144.669,144.567,144.567,20,14
2026-06-05T10:36:00Z,144.567,144.588,144.556,144.586,14,15
2026-06-05T10:37:00Z,144.586,144.601,144.556,144.566,20,18
2026-06-05T10:38:00Z,144.566,144.641,144.566,144.638,16,13
2026-06-05T10:39:00Z,144.638,144.720,144.630,144.661,29,16
2026-06-05T10:40:00Z,144.661,144.714,144.654,144.699,28,16
2026-06-05T10:41:00Z,144.699,144.709,144.665,144.706,18,16
2026-06-05T10:42:00Z,144.706,144.729,144.697,144.728,14,14
2026-06-05T10:43:00Z,144.728,144.728,144.671,144.706,23,12
2026-06-05T10:44:00Z,144.706,144.733,144.687,144.723,29,18
2026-06-05T10:45:00Z,144.723,144.771,144.707,144.770,15,14
2026-06-05T10:46:00Z,144.770,144.770,144.697,144.758,23,12
2026-06-05T10:47:00Z,144.758,144.758,144.679,144.741,27,18
2026-06-05T10:48:00Z,144.741,144.751,144.694,144.751,24,17
2026-06-05T10:49:00Z,144.751,144.786,144.751,144.782,21,12
2026-06-05T10:50:00Z,144.782,144.810,144.769,144.792,22,17
2026-06-05T10:51:00Z,144.792,144.792,144.692,144.717,24,17
2026-06-05T10:52:00Z,144.717,144.723,144.684,144.703,21,14
2026-06-05T10:53:00Z,144.703,144.781,144.693,144.764,23,15
2026-06-05T10:54:00Z,144.764,144.809,144.741,144.809,20,16
2026-06-05T10:55:00Z,144.809,144.809,144.742,144.757,28,15
2026-06-05T10:56:00Z,144.757,144.807,144.757,144.782,29,18
2026-06-05T10:57:00Z,144.782,144.840,144.780,144.840,21,14
2026-06-05T10:58:00Z,144.840,144.867,144.798,144.798,29,15
2026-06-05T10:59:00Z,144.798,144.851,144.775,144.851,28,16
2026-06-05T11:00:00Z,144.851,144.956,144.837,144.956,23,13
2026-06-05T11:01:00Z,144.956,144.966,144.899,144.899,26,15
2026-06-05T11:02:00Z,144.899,144.899,144.849,144.853,16,18
2026-06-05T11:03:00Z,144.853,144.879,144.823,144.823,15,17
2026-06-05T11:04:00Z,144.823,144.823,144.763,144.811,24,18
2026-06-05T11:05:00Z,144.811,144.812,144.777,144.800,15,13
2026-06-05T11:06:00Z,144.800,144.827,144.800,144.801,26,17
2026-06-05T11:07:00Z,144.801,144.855,144.798,144.798,13,13
2026-06-05T11:08:00Z,144.798,144.798,144.726,144.739,13,16
2026-06-05T11:09:00Z,144.739,144.801,144.739,144.791,17,17
2026-06-05T11:10:00Z,144.791,144.873,144.791,144.873,25,18
2026-06-05T11:11:00Z,144.873,144.918,144.873,144.901,29,12
2026-06-05T11:12:00Z,144.901,144.957,144.846,144.952,16,13
2026-06-05T11:13:00Z,144.952,144.984,144.900,144.984,26,14
2026-06-05T11:14:00Z,144.984,145.017,144.984,145.004,15,18
2026-06-05T11:15:00Z,145.004,145.007,144.879,144.879,19,16
2026-06-05T11:16:00Z,144.879,144.896,144.817,144.817,17,13
2026-06-05T11:17:00Z,144.817,144.825,144.782,144.782,26,12
2026-06-05T11:18:00Z,144.782,144.896,144.780,144.896,23,14
2026-06-05T11:19:00Z,144.896,144.939,144.870,144.885,23,18
2026-06-05T11:20:00Z,144.885,144.944,144.855,144.944,28,15
2026-06-05T11:21:00Z,144.944,144.944,144.908,144.916,26,13
2026-06-05T11:22:00Z,144.916,144.943,144.876,144.943,20,17
2026-06-05T11:23:00Z,144.943,144.943,144.900,144.924,22,16
2026-06-05T11:24:00Z,144.924,144.966,144.907,144.928,20,13
2026-06-05T11:25:00Z,144.928,144.928,144.782,144.782,20,15
2026-06-05T11:26:00Z,144.782,144.783,144.738,144.741,24,14
2026-06-05T11:27:00Z,144.741,144.802,144.741,144.768,22,14
2026-06-05T11:28:00Z,144.768,144.865,144.768,144.865,18,16
2026-06-05T11:29:00Z,144.865,144.879,144.809,144.809,16,12
2026-06-05T11:30:00Z,144.809,144.809,144.737,144.745,29,17
2026-06-05T11:31:00Z,144.745,144.745,144.659,144.691,28,18
2026-06-05T11:32:00Z,144.691,144.715,144.654,144.656,28,15
2026-06-05T11:33:00Z,144.656,144.680,144.640,144.640,20,12
2026-06-05T11:34:00Z,144.640,144.688,144.633,144.685,23,15
2026-06-05T11:35:00Z,144.685,144.723,144.651,144.723,28,16
2026-06-05T11:36:00Z,144.723,144.744,144.723,144.724,18,18
2026-06-05T11:37:00Z,144.724,144.778,144.697,144.778,22,16
2026-06-05T11:38:00Z,144.778,144.814,144.763,144.814,31,17
2026-06-05T11:39:00Z,144.814,144.831,144.793,144.798,26,17
2026-06-05T11:40:00Z,144.798,144.888,144.798,144.852,16,17
2026-06-05T11:41:00Z,144.852,144.897,144.848,144.856,24,14
2026-06-05T11:42:00Z,144.856,144.856,144.760,144.770,31,16
2026-06-05T11:43:00Z,144.770,144.804,144.757,144.776,29,13
2026-06-05T11:44:00Z,144.776,144.796,144.737,144.737,19,18
2026-06-05T11:45:00Z,144.737,144.760,144.687,144.760,21,12
2026-06-05T11:46:00Z,144.760,144.786,144.725,144.746,23,14
2026-06-05T11:47:00Z,144.746,144.746,144.691,144.701,18,18
2026-06-05T11:48:00Z,144.701,144.709,144.665,144.692,31,13
2026-06-05T11:49:00Z,144.692,144.692,144.664,144.683,26,14
2026-06-05T11:50:00Z,144.683,144.721,144.664,144.717,29,12
2026-06-05T11:51:00Z,144.717,144.760,144.704,144.760,27,14
2026-06-05T11:52:00Z,144.760,144.772,144.721,144.756,24,17
2026-06-05T11:53:00Z,144.756,144.786,144.710,144.786,23,15
2026-06-05T11:54:00Z,144.786,144.825,144.785,144.801,33,15
2026-06-05T11:55:00Z,144.801,144.810,144.748,144.760,30,13
2026-06-05T11:56:00Z,144.760,144.795,144.760,144.795,31,12
2026-06-05T11:57:00Z,144.795,144.840,144.769,144.792,20,15
2026-06-05T11:58:00Z,144.792,144.802,144.770,144.793,23,18
2026-06-05T11:59:00Z,144.793,144.812,144.776,144.780,25,16
2026-06-05T12:00:00Z,144.780,144.787,144.767,144.773,27,14
2026-06-05T12:01:00Z,144.773,144.842,144.773,144.837,20,17
2026-06-05T12:02:00Z,144.837,144.840,144.774,144.783,23,16
2026-06-05T12:03:00Z,144.783,144.813,144.781,144.806,26,18
2026-06-05T12:04:00Z,144.806,144.889,144.806,144.872,30,16
2026-06-05T12:05:00Z,144.872,144.906,144.858,144.882,29,14
2026-06-05T12:06:00Z,144.882,144.898,144.868,144.890,36,18
2026-06-05T12:07:00Z,144.890,144.926,144.890,144.923,34,16
2026-06-05T12:08:00Z,144.923,144.960,144.871,144.871,22,16
2026-06-05T12:09:00Z,144.871,144.878,144.759,144.759,24,17
2026-06-05T12:10:00Z,144.759,144.759,144.711,144.742,34,12
2026-06-05T12:11:00Z,144.742,144.754,144.723,144.743,26,18
2026-06-05T12:12:00Z,144.743,144.743,144.682,144.697,36,14
2026-06-05T12:13:00Z,144.697,144.739,144.697,144.712,25,17
2026-06-05T12:14:00Z,144.712,144.735,144.703,144.713,29,12
2026-06-05T12:15:00Z,144.713,144.755,144.704,144.727,32,16
2026-06-05T12:16:00Z,144.727,144.828,144.727,144.819,26,16
2026-06-05T12:17:00Z,144.819,144.834,144.750,144.764,24,16
2026-06-05T12:18:00Z,144.764,144.788,144.758,144.788,36,15
2026-06-05T12:19:00Z,144.788,144.817,144.788,144.811,26,15
2026-06-05T12:20:00Z,144.811,144.817,144.781,144.817,27,15
2026-06-05T12:21:00Z,144.817,144.891,144.817,144.891,25,14
2026-06-05T12:22:00Z,144.891,144.938,144.886,144.938,24,18
2026-06-05T12:23:00Z,144.938,145.013,144.938,144.942,33,15
2026-06-05T12:24:00Z,144.942,144.994,144.929,144.962,28,16
2026-06-05T12:25:00Z,144.962,145.035,144.961,145.035,32,16
2026-06-05T12:26:00Z,145.035,145.099,145.035,145.087,38,16
2026-06-05T12:27:00Z,145.087,145.160,145.087,145.136,32,12
2026-06-05T12:28:00Z,145.136,145.180,145.108,145.180,41,13
2026-06-05T12:29:00Z,145.180,145.209,145.158,145.162,26,15
2026-06-05T12:30:00Z,145.162,145.190,145.146,145.146,32,13
2026-06-05T12:31:00Z,145.146,145.150,145.097,145.145,33,18
2026-06-05T12:32:00Z,145.145,145.145,145.099,145.099,37,13
2026-06-05T12:33:00Z,145.099,145.114,145.027,145.062,39,13
2026-06-05T12:34:00Z,145.062,145.083,145.020,145.050,33,15
2026-06-05T12:35:00Z,145.050,145.072,145.037,145.058,30,16
2026-06-05T12:36:00Z,145.058,145.071,145.030,145.046,34,18
2026-06-05T12:37:00Z,145.046,145.100,145.046,145.091,36,15
2026-06-05T12:38:00Z,145.091,145.134,145.079,145.081,32,15
2026-06-05T12:39:00Z,145.081,145.081,145.025,145.029,46,14
2026-06-05T12:40:00Z,145.029,145.029,144.984,145.020,38,16
2026-06-05T12:41:00Z,145.020,145.020,144.904,144.911,39,17
2026-06-05T12:42:00Z,144.911,144.937,144.889,144.889,40,16
2026-06-05T12:43:00Z,144.889,144.889,144.790,144.805,43,12
2026-06-05T12:44:00Z,144.805,144.823,144.782,144.782,47,18
2026-06-05T12:45:00Z,144.782,144.844,144.782,144.785,45,16
2026-06-05T12:46:00Z,144.785,144.809,144.771,144.771,43,18
2026-06-05T12:47:00Z,144.771,144.771,144.729,144.759,34,17
2026-06-05T12:48:00Z,144.759,144.777,144.717,144.736,47,15
2026-06-05T12:49:00Z,144.736,144.762,144.729,144.739,49,15
2026-06-05T12:50:00Z,144.739,144.767,144.669,144.749,47,15
2026-06-05T12:51:00Z,144.749,144.773,144.738,144.762,39,18
2026-06-05T12:52:00Z,144.762,144.762,144.711,144.733,46,16
2026-06-05T12:53:00Z,144.733,144.805,144.720,144.800,49,18
2026-06-05T12:54:00Z,144.800,144.900,144.800,144.869,50,15
2026-06-05T12:55:00Z,144.869,144.883,144.845,144.857,37,18
2026-06-05T12:56:00Z,144.857,144.918,144.857,144.867,49,12
2026-06-05T12:57:00Z,144.867,144.874,144.821,144.855,44,14
2026-06-05T12:58:00Z,144.855,144.877,144.841,144.859,37,14
2026-06-05T12:59:00Z,144.859,144.957,144.859,144.905,49,15
2026-06-05T13:00:00Z,144.905,144.926,144.885,144.885,41,12
2026-06-05T13:01:00Z,144.885,144.951,144.885,144.919,47,12
2026-06-05T13:02:00Z,144.919,144.962,144.919,144.935,46,16
2026-06-05T13:03:00Z,144.935,145.000,144.935,144.977,55,18
2026-06-05T13:04:00Z,144.977,145.023,144.977,145.003,50,12
2026-06-05T13:05:00Z,145.003,145.027,144.979,145.008,48,18
2026-06-05T13:06:00Z,145.008,145.052,144.997,144.997,54,14
2026-06-05T13:07:00Z,144.997,145.023,144.981,145.011,41,15
2026-06-05T13:08:00Z,145.011,145.032,144.999,145.005,44,16
2026-06-05T13:09:00Z,145.005,145.026,144.974,144.988,52,17
2026-06-05T13:10:00Z,144.988,145.035,144.986,145.025,52,13
2026-06-05T13:11:00Z,145.025,145.075,145.025,145.061,56,17
2026-06-05T13:12:00Z,145.061,145.063,145.020,145.041,57,12
2026-06-05T13:13:00Z,145.041,145.079,145.026,145.066,48,14
2026-06-05T13:14:00Z,145.066,145.066,145.010,145.026,47,14
2026-06-05T13:15:00Z,145.026,145.108,145.026,145.085,58,15
2026-06-05T13:16:00Z,145.085,145.087,145.048,145.074,50,16
2026-06-05T13:17:00Z,145.074,145.074,145.010,145.035,56,14
2026-06-05T13:18:00Z,145.035,145.049,145.022,145.033,55,15
2026-06-05T13:19:00Z,145.033,145.049,145.011,145.045,46,12
2026-06-05T13:20:00Z,145.045,145.088,145.037,145.078,61,12
2026-06-05T13:21:00Z,145.078,145.092,145.031,145.035,62,17
2026-06-05T13:22:00Z,145.035,145.061,145.006,145.022,52,12
2026-06-05T13:23:00Z,145.022,145.038,144.975,144.975,55,14
2026-06-05T13:24:00Z,144.975,145.013,144.957,145.001,51,16
2026-06-05T13:25:00Z,145.001,145.004,144.966,145.004,65,14
2026-06-05T13:26:00Z,145.004,145.040,144.976,144.996,61,13
2026-06-05T13:27:00Z,144.996,145.008,144.937,144.942,58,15
2026-06-05T13:28:00Z,144.942,145.011,144.932,145.007,64,18
2026-06-05T13:29:00Z,145.007,145.035,145.002,145.026,52,15
2026-06-05T13:30:00Z,145.026,145.097,145.026,145.097,59,13
2026-06-05T13:31:00Z,145.097,145.109,145.083,145.088,61,18
2026-06-05T13:32:00Z,145.088,145.096,145.039,145.039,62,13
2026-06-05T13:33:00Z,145.039,145.042,144.997,144.997,64,18
2026-06-05T13:34:00Z,144.997,145.005,144.974,144.974,59,14
2026-06-05T13:35:00Z,144.974,144.989,144.964,144.977,65,13
2026-06-05T13:36:00Z,144.977,144.993,144.959,144.985,64,15
2026-06-05T13:37:00Z,144.985,144.989,144.945,144.964,59,15
2026-06-05T13:38:00Z,144.964,145.024,144.964,145.024,59,14
2026-06-05T13:39:00Z,145.024,145.025,144.996,144.996,72,13
2026-06-05T13:40:00Z,144.996,145.028,144.980,145.006,63,14
2026-06-05T13:41:00Z,145.006,145.055,144.998,145.049,71,18
2026-06-05T13:42:00Z,145.049,145.143,145.049,145.123,72,16
2026-06-05T13:43:00Z,145.123,145.137,145.097,145.116,65,15
2026-06-05T13:44:00Z,145.116,145.191,145.099,145.191,69,14
2026-06-05T13:45:00Z,145.191,145.210,145.169,145.169,64,14
2026-06-05T13:46:00Z,145.169,145.218,145.161,145.215,61,18
2026-06-05T13:47:00Z,145.215,145.265,145.215,145.265,74,16
2026-06-05T13:48:00Z,145.265,145.316,145.231,145.231,63,13
2026-06-05T13:49:00Z,145.231,145.279,145.231,145.258,61,13
2026-06-05T13:50:00Z,145.258,145.298,145.244,145.270,78,18
2026-06-05T13:51:00Z,145.270,145.270,145.200,145.222,63,17
2026-06-05T13:52:00Z,145.222,145.235,145.187,145.198,71,14
2026-06-05T13:53:00Z,145.198,145.218,145.175,145.218,72,12
2026-06-05T13:54:00Z,145.218,145.218,145.175,145.176,64,15
2026-06-05T13:55:00Z,145.176,145.200,145.123,145.161,75,17
2026-06-05T13:56:00Z,145.161,145.234,145.161,145.222,72,15
2026-06-05T13:57:00Z,145.222,145.261,145.216,145.227,76,16
2026-06-05T13:58:00Z,145.227,145.229,145.163,145.191,76,16
2026-06-05T13:59:00Z,145.191,145.284,145.191,145.284,72,15
2026-06-08T08:00:00Z,143.776,143.806,143.764,143.806,77,58
2026-06-08T08:01:00Z,143.806,143.807,143.727,143.752,74,36
2026-06-08T08:02:00Z,143.752,143.831,143.752,143.831,81,49
2026-06-08T08:03:00Z,143.831,143.831,143.728,143.728,66,41
2026-06-08T08:04:00Z,143.728,143.733,143.662,143.662,69,46
2026-06-08T08:05:00Z,143.662,143.709,143.626,143.709,75,42
2026-06-08T08:06:00Z,143.709,143.731,143.662,143.714,66,42
2026-06-08T08:07:00Z,143.714,143.751,143.679,143.744,67,31
2026-06-08T08:08:00Z,143.744,143.765,143.648,143.648,71,34
2026-06-08T08:09:00Z,143.648,143.739,143.648,143.731,65,33
2026-06-08T08:10:00Z,143.731,143.803,143.725,143.791,70,35
2026-06-08T08:11:00Z,143.791,143.824,143.790,143.791,65,26
2026-06-08T08:12:00Z,143.791,143.826,143.775,143.790,66,25
2026-06-08T08:13:00Z,143.790,143.800,143.771,143.787,61,26
2026-06-08T08:14:00Z,143.787,143.802,143.747,143.768,76,30
2026-06-08T08:15:00Z,143.768,143.796,143.746,143.793,67,21
2026-06-08T08:16:00Z,143.793,143.827,143.775,143.806,60,21
2026-06-08T08:17:00Z,143.806,143.855,143.806,143.845,72,26
2026-06-08T08:18:00Z,143.845,143.924,143.844,143.924,63,27
2026-06-08T08:19:00Z,143.924,143.928,143.871,143.914,64,17
2026-06-08T08:20:00Z,143.914,143.917,143.876,143.917,59,18
2026-06-08T08:21:00Z,143.917,143.947,143.903,143.947,66,19
2026-06-08T08:22:00Z,143.947,143.947,143.885,143.910,61,19
2026-06-08T08:23:00Z,143.910,143.937,143.892,143.930,69,19
2026-06-08T08:24:00Z,143.930,144.002,143.930,144.002,61,17
2026-06-08T08:25:00Z,144.002,144.002,143.911,143.964,60,22
2026-06-08T08:26:00Z,143.964,143.964,143.900,143.912,55,18
2026-06-08T08:27:00Z,143.912,143.956,143.888,143.907,64,18
2026-06-08T08:28:00Z,143.907,143.907,143.813,143.821,62,17
2026-06-08T08:29:00Z,143.821,143.865,143.821,143.865,68,16
2026-06-08T08:30:00Z,143.865,143.892,143.829,143.865,62,21
2026-06-08T08:31:00Z,143.865,143.876,143.829,143.829,51,16
2026-06-08T08:32:00Z,143.829,143.834,143.750,143.762,63,21
2026-06-08T08:33:00Z,143.762,143.800,143.743,143.769,58,15
2026-06-08T08:34:00Z,143.769,143.789,143.759,143.788,58,20
2026-06-08T08:35:00Z,143.788,143.788,143.707,143.707,58,17
2026-06-08T08:36:00Z,143.707,143.709,143.672,143.684,63,18
2026-06-08T08:37:00Z,143.684,143.690,143.658,143.658,60,13
2026-06-08T08:38:00Z,143.658,143.743,143.658,143.711,53,15
2026-06-08T08:39:00Z,143.711,143.711,143.620,143.620,51,17
2026-06-08T08:40:00Z,143.620,143.674,143.620,143.668,53,15
2026-06-08T08:41:00Z,143.668,143.681,143.645,143.657,59,13
2026-06-08T08:42:00Z,143.657,143.658,143.616,143.636,52,15
2026-06-08T08:43:00Z,143.636,143.682,143.636,143.667,48,17
2026-06-08T08:44:00Z,143.667,143.692,143.638,143.649,57,19
2026-06-08T08:45:00Z,143.649,143.701,143.643,143.698,47,19
2026-06-08T08:46:00Z,143.698,143.739,143.667,143.739,50,18
2026-06-08T08:47:00Z,143.739,143.775,143.715,143.769,55,17
2026-06-08T08:48:00Z,143.769,143.800,143.756,143.794,51,19
2026-06-08T08:49:00Z,143.794,143.798,143.713,143.723,51,18
2026-06-08T08:50:00Z,143.723,143.723,143.693,143.709,43,16
2026-06-08T08:51:00Z,143.709,143.716,143.681,143.716,56,15
2026-06-08T08:52:00Z,143.716,143.750,143.677,143.701,41,19
2026-06-08T08:53:00Z,143.701,143.742,143.701,143.732,49,18
2026-06-08T08:54:00Z,143.732,143.757,143.732,143.747,46,16
2026-06-08T08:55:00Z,143.747,143.753,143.697,143.705,53,14
2026-06-08T08:56:00Z,143.705,143.769,143.695,143.744,47,17
2026-06-08T08:57:00Z,143.744,143.779,143.723,143.767,47,16
2026-06-08T08:58:00Z,143.767,143.773,143.731,143.750,52,16
2026-06-08T08:59:00Z,143.750,143.766,143.732,143.749,50,17
2026-06-08T09:00:00Z,143.749,143.770,143.726,143.726,46,13
2026-06-08T09:01:00Z,143.726,143.765,143.726,143.747,42,12
2026-06-08T09:02:00Z,143.747,143.792,143.747,143.792,39,18
2026-06-08T09:03:00Z,143.792,143.797,143.748,143.760,40,18
2026-06-08T09:04:00Z,143.760,143.773,143.714,143.714,51,12
2026-06-08T09:05:00Z,143.714,143.781,143.713,143.768,38,14
2026-06-08T09:06:00Z,143.768,143.774,143.707,143.707,41,16
2026-06-08T09:07:00Z,143.707,143.707,143.634,143.651,35,13
2026-06-08T09:08:00Z,143.651,143.675,143.598,143.599,45,17
2026-06-08T09:09:00Z,143.599,143.599,143.488,143.511,36,18
2026-06-08T09:10:00Z,143.511,143.526,143.496,143.507,37,14
2026-06-08T09:11:00Z,143.507,143.528,143.481,143.528,41,16
2026-06-08T09:12:00Z,143.528,143.528,143.469,143.487,46,12
2026-06-08T09:13:00Z,143.487,143.592,143.469,143.592,40,13
2026-06-08T09:14:00Z,143.592,143.610,143.528,143.538,44,12
2026-06-08T09:15:00Z,143.538,143.593,143.536,143.586,39,17
2026-06-08T09:16:00Z,143.586,143.586,143.535,143.535,36,15
2026-06-08T09:17:00Z,143.535,143.581,143.530,143.566,32,14
2026-06-08T09:18:00Z,143.566,143.580,143.471,143.508,47,13
2026-06-08T09:19:00Z,143.508,143.515,143.452,143.453,41,13
2026-06-08T09:20:00Z,143.453,143.479,143.449,143.462,33,13
2026-06-08T09:21:00Z,143.462,143.462,143.421,143.426,34,17
2026-06-08T09:22:00Z,143.426,143.426,143.368,143.373,43,18
2026-06-08T09:23:00Z,143.373,143.373,143.283,143.321,38,14
2026-06-08T09:24:00Z,143.321,143.339,143.255,143.255,36,14
2026-06-08T09:25:00Z,143.255,143.293,143.245,143.249,42,16
2026-06-08T09:26:00Z,143.249,143.249,143.186,143.194,28,12
2026-06-08T09:27:00Z,143.194,143.300,143.194,143.300,40,12
2026-06-08T09:28:00Z,143.300,143.312,143.251,143.251,36,16
2026-06-08T09:29:00Z,143.251,143.251,143.183,143.217,34,12
2026-06-08T09:30:00Z,143.217,143.217,143.157,143.168,28,14
2026-06-08T09:31:00Z,143.168,143.168,143.082,143.112,40,15
2026-06-08T09:32:00Z,143.112,143.112,142.999,143.003,31,17
2026-06-08T09:33:00Z,143.003,143.053,142.991,143.005,29,15
2026-06-08T09:34:00Z,143.005,143.059,143.005,143.034,38,17
2026-06-08T09:35:00Z,143.034,143.061,143.021,143.049,29,14
2026-06-08T09:36:00Z,143.049,143.078,143.043,143.063,29,12
2026-06-08T09:37:00Z,143.063,143.063,142.998,142.998,39,16
2026-06-08T09:38:00Z,142.998,143.043,142.977,143.043,36,17
2026-06-08T09:39:00Z,143.043,143.100,143.036,143.100,35,14
2026-06-08T09:40:00Z,143.100,143.131,143.071,143.130,28,17
2026-06-08T09:41:00Z,143.130,143.196,143.123,143.172,30,18
2026-06-08T09:42:00Z,143.172,143.200,143.159,143.170,38,16
2026-06-08T09:43:00Z,143.170,143.193,143.081,143.082,33,15
2026-06-08T09:44:00Z,143.082,143.082,143.043,143.058,32,13
2026-06-08T09:45:00Z,143.058,143.100,143.033,143.033,34,15
2026-06-08T09:46:00Z,143.033,143.073,143.015,143.025,33,18
2026-06-08T09:47:00Z,143.025,143.111,143.025,143.084,22,16
2026-06-08T09:48:00Z,143.084,143.107,143.049,143.064,35,17
2026-06-08T09:49:00Z,143.064,143.157,143.064,143.113,24,15
2026-06-08T09:50:00Z,143.113,143.135,143.074,143.124,31,12
2026-06-08T09:51:00Z,143.124,143.157,143.119,143.157,21,12
2026-06-08T09:52:00Z,143.157,143.186,143.125,143.139,21,16
2026-06-08T09:53:00Z,143.139,143.163,143.093,143.163,32,18
2026-06-08T09:54:00Z,143.163,143.177,143.109,143.109,35,13
2026-06-08T09:55:00Z,143.109,143.119,143.054,143.057,28,18
2026-06-08T09:56:00Z,143.057,143.090,143.036,143.090,28,17
2026-06-08T09:57:00Z,143.090,143.138,143.042,143.138,25,18
2026-06-08T09:58:00Z,143.138,143.157,143.061,143.066,31,12
2026-06-08T09:59:00Z,143.066,143.108,143.064,143.100,34,18
2026-06-08T10:00:00Z,143.100,143.161,143.099,143.161,25,15
2026-06-08T10:01:00Z,143.161,143.253,143.142,143.250,28,14
2026-06-08T10:02:00Z,143.250,143.250,143.179,143.187,27,18
2026-06-08T10:03:00Z,143.187,143.242,143.150,143.233,31,15
2026-06-08T10:04:00Z,143.233,143.245,143.205,143.244,34,18
2026-06-08T10:05:00Z,143.244,143.248,143.182,143.182,29,16
2026-06-08T10:06:00Z,143.182,143.211,143.131,143.195,24,17
2026-06-08T10:07:00Z,143.195,143.223,143.171,143.180,30,12
2026-06-08T10:08:00Z,143.180,143.180,143.079,143.079,25,16
2026-06-08T10:09:00Z,143.079,143.155,143.079,143.155,21,13
2026-06-08T10:10:00Z,143.155,143.187,143.143,143.181,18,18
2026-06-08T10:11:00Z,143.181,143.196,143.147,143.166,32,15
2026-06-08T10:12:00Z,143.166,143.204,143.166,143.177,26,12
2026-06-08T10:13:00Z,143.177,143.219,143.168,143.210,28,17
2026-06-08T10:14:00Z,143.210,143.228,143.203,143.212,30,18
2026-06-08T10:15:00Z,143.212,143.250,143.211,143.218,24,14
2026-06-08T10:16:00Z,143.218,143.245,143.214,143.245,31,12
2026-06-08T10:17:00Z,143.245,143.303,143.235,143.272,32,12
2026-06-08T10:18:00Z,143.272,143.273,143.235,143.243,17,16
2026-06-08T10:19:00Z,143.243,143.243,143.188,143.226,23,15
2026-06-08T10:20:00Z,143.226,143.226,143.168,143.172,25,13
2026-06-08T10:21:00Z,143.172,143.174,143.141,143.169,29,16
2026-06-08T10:22:00Z,143.169,143.246,143.169,143.223,22,16
2026-06-08T10:23:00Z,143.223,143.236,143.153,143.153,27,13
2026-06-08T10:24:00Z,143.153,143.169,143.136,143.144,21,17
2026-06-08T10:25:00Z,143.144,143.144,143.072,143.072,31,12
2026-06-08T10:26:00Z,143.072,143.072,143.015,143.035,17,17
2026-06-08T10:27:00Z,143.035,143.050,143.008,143.009,29,18
2026-06-08T10:28:00Z,143.009,143.114,142.996,143.114,29,15
2026-06-08T10:29:00Z,143.114,143.126,143.062,143.067,18,14
2026-06-08T10:30:00Z,143.067,143.067,143.019,143.029,19,13
2026-06-08T10:31:00Z,143.029,143.162,143.029,143.146,14,12
2026-06-08T10:32:00Z,143.146,143.154,143.118,143.122,22,14
2026-06-08T10:33:00Z,143.122,143.122,143.094,143.094,26,15
2026-06-08T10:34:00Z,143.094,143.094,143.004,143.033,26,17
2026-06-08T10:35:00Z,143.033,143.033,142.978,143.008,15,14
2026-06-08T10:36:00Z,143.008,143.031,142.988,143.021,19,15
2026-06-08T10:37:00Z,143.021,143.044,142.992,143.027,17,14
2026-06-08T10:38:00Z,143.027,143.027,142.963,142.963,21,12
2026-06-08T10:39:00Z,142.963,142.963,142.902,142.913,22,13
2026-06-08T10:40:00Z,142.913,142.919,142.815,142.815,19,15
2026-06-08T10:41:00Z,142.815,142.847,142.786,142.786,23,17
2026-06-08T10:42:00Z,142.786,142.821,142.781,142.786,16,17
2026-06-08T10:43:00Z,142.786,142.845,142.763,142.806,14,14
2026-06-08T10:44:00Z,142.806,142.840,142.791,142.840,26,13
2026-06-08T10:45:00Z,142.840,142.859,142.764,142.780,29,17
2026-06-08T10:46:00Z,142.780,142.890,142.780,142.868,27,13
2026-06-08T10:47:00Z,142.868,142.901,142.814,142.848,16,13
2026-06-08T10:48:00Z,142.848,142.897,142.847,142.859,16,15
2026-06-08T10:49:00Z,142.859,142.919,142.859,142.918,17,18
2026-06-08T10:50:00Z,142.918,143.024,142.911,143.024,13,15
2026-06-08T10:51:00Z,143.024,143.024,142.963,142.994,17,16
2026-06-08T10:52:00Z,142.994,143.013,142.929,142.949,20,16
2026-06-08T10:53:00Z,142.949,142.987,142.949,142.978,20,18
2026-06-08T10:54:00Z,142.978,142.990,142.881,142.881,21,14
2026-06-08T10:55:00Z,142.881,142.906,142.858,142.870,21,14
2026-06-08T10:56:00Z,142.870,142.915,142.870,142.910,24,14
2026-06-08T10:57:00Z,142.910,142.964,142.901,142.964,17,17
2026-06-08T10:58:00Z,142.964,142.964,142.850,142.850,28,17
2026-06-08T10:59:00Z,142.850,142.902,142.836,142.902,19,12
2026-06-08T11:00:00Z,142.902,143.011,142.902,142.993,23,14
2026-06-08T11:01:00Z,142.993,142.993,142.900,142.900,24,18
2026-06-08T11:02:00Z,142.900,142.918,142.865,142.918,25,15
2026-06-08T11:03:00Z,142.918,142.953,142.895,142.953,29,13
2026-06-08T11:04:00Z,142.953,142.994,142.942,142.942,19,17
2026-06-08T11:05:00Z,142.942,142.946,142.914,142.932,16,17
2026-06-08T11:06:00Z,142.932,142.965,142.911,142.965,25,13
2026-06-08T11:07:00Z,142.965,142.997,142.952,142.997,26,17
2026-06-08T11:08:00Z,142.997,143.071,142.997,143.071,20,12
2026-06-08T11:09:00Z,143.071,143.132,143.068,143.132,17,18
2026-06-08T11:10:00Z,143.132,143.209,143.132,143.160,20,16
2026-06-08T11:11:00Z,143.160,143.178,143.118,143.118,13,16
2026-06-08T11:12:00Z,143.118,143.144,143.103,143.112,16,12
2026-06-08T11:13:00Z,143.112,143.135,143.090,143.126,23,12
2026-06-08T11:14:00Z,143.126,143.182,143.120,143.164,15,16
2026-06-08T11:15:00Z,143.164,143.205,143.155,143.205,19,16
2026-06-08T11:16:00Z,143.205,143.206,143.173,143.173,22,17
2026-06-08T11:17:00Z,143.173,143.203,143.155,143.203,26,18
2026-06-08T11:18:00Z,143.203,143.213,143.190,143.209,13,12
2026-06-08T11:19:00Z,143.209,143.320,143.206,143.320,20,17
2026-06-08T11:20:00Z,143.320,143.338,143.254,143.276,18,12
2026-06-08T11:21:00Z,143.276,143.321,143.276,143.289,22,13
2026-06-08T11:22:00Z,143.289,143.317,143.271,143.271,25,14
2026-06-08T11:23:00Z,143.271,143.297,143.246,143.273,26,14
2026-06-08T11:24:00Z,143.273,143.301,143.233,143.301,30,15
2026-06-08T11:25:00Z,143.301,143.332,143.294,143.294,26,12
2026-06-08T11:26:00Z,143.294,143.387,143.294,143.371,22,13
2026-06-08T11:27:00Z,143.371,143.401,143.365,143.400,20,13
2026-06-08T11:28:00Z,143.400,143.451,143.399,143.427,21,13
2026-06-08T11:29:00Z,143.427,143.427,143.350,143.362,16,15
2026-06-08T11:30:00Z,143.362,143.380,143.344,143.369,26,13
2026-06-08T11:31:00Z,143.369,143.403,143.369,143.379,24,13
2026-06-08T11:32:00Z,143.379,143.439,143.373,143.437,31,15
2026-06-08T11:33:00Z,143.437,143.437,143.371,143.371,25,18
2026-06-08T11:34:00Z,143.371,143.376,143.345,143.347,18,17
2026-06-08T11:35:00Z,143.347,143.408,143.327,143.327,25,13
2026-06-08T11:36:00Z,143.327,143.327,143.257,143.305,28,17
2026-06-08T11:37:00Z,143.305,143.317,143.275,143.275,24,17
2026-06-08T11:38:00Z,143.275,143.369,143.275,143.356,19,15
2026-06-08T11:39:00Z,143.356,143.364,143.345,143.347,21,15
2026-06-08T11:40:00Z,143.347,143.347,143.272,143.296,31,17
2026-06-08T11:41:00Z,143.296,143.347,143.276,143.321,29,13
2026-06-08T11:42:00Z,143.321,143.356,143.316,143.331,32,12
2026-06-08T11:43:00Z,143.331,143.331,143.255,143.263,27,13
2026-06-08T11:44:00Z,143.263,143.285,143.259,143.274,30,14
2026-06-08T11:45:00Z,143.274,143.324,143.247,143.324,17,15
2026-06-08T11:46:00Z,143.324,143.341,143.251,143.262,19,16
2026-06-08T11:47:00Z,143.262,143.266,143.241,143.241,20,16
2026-06-08T11:48:00Z,143.241,143.299,143.231,143.292,17,16
2026-06-08T11:49:00Z,143.292,143.329,143.285,143.285,31,16
2026-06-08T11:50:00Z,143.285,143.347,143.285,143.304,22,18
2026-06-08T11:51:00Z,143.304,143.304,143.226,143.230,31,12
2026-06-08T11:52:00Z,143.230,143.230,143.184,143.200,32,13
2026-06-08T11:53:00Z,143.200,143.200,143.121,143.155,18,14
2026-06-08T11:54:00Z,143.155,143.198,143.150,143.172,26,18
2026-06-08T11:55:00Z,143.172,143.186,143.129,143.129,32,18
2026-06-08T11:56:00Z,143.129,143.131,143.096,143.113,32,17
2026-06-08T11:57:00Z,143.113,143.168,143.093,143.168,20,14
2026-06-08T11:58:00Z,143.168,143.177,143.151,143.157,19,16
2026-06-08T11:59:00Z,143.157,143.157,143.112,143.127,35,15
2026-06-08T12:00:00Z,143.127,143.127,143.087,143.095,28,13
2026-06-08T12:01:00Z,143.095,143.108,143.017,143.017,30,15
2026-06-08T12:02:00Z,143.017,143.056,143.005,143.023,32,15
2026-06-08T12:03:00Z,143.023,143.023,142.964,143.000,26,15
2026-06-08T12:04:00Z,143.000,143.007,142.951,142.990,21,18
2026-06-08T12:05:00Z,142.990,143.030,142.966,143.019,30,16
2026-06-08T12:06:00Z,143.019,143.019,142.978,142.978,33,17
2026-06-08T12:07:00Z,142.978,143.051,142.978,143.051,32,15
2026-06-08T12:08:00Z,143.051,143.141,143.051,143.139,35,12
2026-06-08T12:09:00Z,143.139,143.194,143.139,143.154,31,14
2026-06-08T12:10:00Z,143.154,143.154,143.111,143.129,33,15
2026-06-08T12:11:00Z,143.129,143.129,143.072,143.116,23,15
2026-06-08T12:12:00Z,143.116,143.128,143.072,143.072,22,18
2026-06-08T12:13:00Z,143.072,143.074,143.036,143.040,27,14
2026-06-08T12:14:00Z,143.040,143.040,142.904,142.909,29,15
2026-06-08T12:15:00Z,142.909,142.969,142.904,142.969,29,14
2026-06-08T12:16:00Z,142.969,143.010,142.969,142.981,28,13
2026-06-08T12:17:00Z,142.981,142.981,142.939,142.978,27,18
2026-06-08T12:18:00Z,142.978,142.994,142.959,142.959,23,16
2026-06-08T12:19:00Z,142.959,142.969,142.893,142.907,36,18
2026-06-08T12:20:00Z,142.907,142.925,142.894,142.917,27,13
2026-06-08T12:21:00Z,142.917,142.948,142.914,142.918,30,17
2026-06-08T12:22:00Z,142.918,142.922,142.896,142.896,40,12
2026-06-08T12:23:00Z,142.896,142.941,142.892,142.941,34,17
2026-06-08T12:24:00Z,142.941,143.032,142.941,143.020,29,15
2026-06-08T12:25:00Z,143.020,143.101,143.020,143.101,25,13
2026-06-08T12:26:00Z,143.101,143.120,143.083,143.091,28,15
2026-06-08T12:27:00Z,143.091,143.135,143.046,143.058,42,15
2026-06-08T12:28:00Z,143.058,143.068,143.040,143.042,37,18
2026-06-08T12:29:00Z,143.042,143.058,143.013,143.058,33,14
2026-06-08T12:30:00Z,143.058,143.173,143.058,143.152,37,15
2026-06-08T12:31:00Z,143.152,143.167,143.122,143.122,32,16
2026-06-08T12:32:00Z,143.122,143.130,142.972,142.982,34,12
2026-06-08T12:33:00Z,142.982,142.982,142.936,142.967,29,16
2026-06-08T12:34:00Z,142.967,142.997,142.961,142.981,42,17
2026-06-08T12:35:00Z,142.981,142.981,142.927,142.970,39,17
2026-06-08T12:36:00Z,142.970,142.976,142.950,142.962,40,17
2026-06-08T12:37:00Z,142.962,142.997,142.962,142.990,44,18
2026-06-08T12:38:00Z,142.990,143.011,142.970,142.991,32,16
2026-06-08T12:39:00Z,142.991,142.991,142.937,142.937,35,16
2026-06-08T12:40:00Z,142.937,142.944,142.853,142.863,46,17
2026-06-08T12:41:00Z,142.863,142.871,142.835,142.862,45,18
2026-06-08T12:42:00Z,142.862,142.909,142.845,142.861,34,18
2026-06-08T12:43:00Z,142.861,142.912,142.855,142.908,33,16
2026-06-08T12:44:00Z,142.908,142.940,142.908,142.931,33,16
2026-06-08T12:45:00Z,142.931,142.986,142.882,142.986,43,17
2026-06-08T12:46:00Z,142.986,142.986,142.947,142.973,42,15
2026-06-08T12:47:00Z,142.973,143.002,142.966,142.966,44,18
2026-06-08T12:48:00Z,142.966,143.009,142.944,142.949,45,13
2026-06-08T12:49:00Z,142.949,142.949,142.853,142.865,44,12
2026-06-08T12:50:00Z,142.865,142.908,142.853,142.853,44,12
2026-06-08T12:51:00Z,142.853,142.879,142.835,142.841,43,12
2026-06-08T12:52:00Z,142.841,142.841,142.748,142.748,48,13
2026-06-08T12:53:00Z,142.748,142.749,142.710,142.711,43,17
2026-06-08T12:54:00Z,142.711,142.729,142.688,142.729,46,13
2026-06-08T12:55:00Z,142.729,142.773,142.708,142.710,36,15
2026-06-08T12:56:00Z,142.710,142.710,142.635,142.635,39,14
2026-06-08T12:57:00Z,142.635,142.662,142.585,142.590,49,18
2026-06-08T12:58:00Z,142.590,142.596,142.534,142.534,48,15
2026-06-08T12:59:00Z,142.534,142.613,142.534,142.613,50,16
2026-06-08T13:00:00Z,142.613,142.627,142.595,142.595,45,12
2026-06-08T13:01:00Z,142.595,142.615,142.577,142.583,51,16
2026-06-08T13:02:00Z,142.583,142.587,142.548,142.548,53,15
2026-06-08T13:03:00Z,142.548,142.603,142.540,142.580,55,14
2026-06-08T13:04:00Z,142.580,142.624,142.580,142.595,39,17
2026-06-08T13:05:00Z,142.595,142.607,142.552,142.571,51,15
2026-06-08T13:06:00Z,142.571,142.571,142.537,142.559,45,13
2026-06-08T13:07:00Z,142.559,142.577,142.529,142.529,53,18
2026-06-08T13:08:00Z,142.529,142.548,142.487,142.487,46,17
2026-06-08T13:09:00Z,142.487,142.502,142.435,142.435,45,15
2026-06-08T13:10:00Z,142.435,142.435,142.403,142.415,49,17
2026-06-08T13:11:00Z,142.415,142.415,142.332,142.394,56,13
2026-06-08T13:12:00Z,142.394,142.437,142.367,142.417,49,13
2026-06-08T13:13:00Z,142.417,142.487,142.417,142.463,46,17
2026-06-08T13:14:00Z,142.463,142.478,142.446,142.447,55,12
2026-06-08T13:15:00Z,142.447,142.504,142.447,142.496,49,13
2026-06-08T13:16:00Z,142.496,142.595,142.496,142.595,60,12
2026-06-08T13:17:00Z,142.595,142.597,142.563,142.569,52,13
2026-06-08T13:18:00Z,142.569,142.569,142.489,142.489,54,18
2026-06-08T13:19:00Z,142.489,142.542,142.489,142.512,60,13
2026-06-08T13:20:00Z,142.512,142.583,142.512,142.566,60,14
2026-06-08T13:21:00Z,142.566,142.566,142.523,142.536,62,14
2026-06-08T13:22:00Z,142.536,142.553,142.501,142.553,63,16
2026-06-08T13:23:00Z,142.553,142.553,142.483,142.506,61,18
2026-06-08T13:24:00Z,142.506,142.523,142.486,142.523,52,12
2026-06-08T13:25:00Z,142.523,142.530,142.446,142.446,50,13
2026-06-08T13:26:00Z,142.446,142.476,142.437,142.437,57,16
2026-06-08T13:27:00Z,142.437,142.462,142.396,142.421,58,13
2026-06-08T13:28:00Z,142.421,142.421,142.378,142.394,51,17
2026-06-08T13:29:00Z,142.394,142.394,142.311,142.338,59,17
2026-06-08T13:30:00Z,142.338,142.360,142.305,142.310,62,18
2026-06-08T13:31:00Z,142.310,142.334,142.298,142.330,59,13
2026-06-08T13:32:00Z,142.330,142.342,142.295,142.342,53,18
2026-06-08T13:33:00Z,142.342,142.429,142.342,142.429,68,17
2026-06-08T13:34:00Z,142.429,142.429,142.339,142.339,53,17
2026-06-08T13:35:00Z,142.339,142.418,142.339,142.392,59,14
2026-06-08T13:36:00Z,142.392,142.399,142.320,142.340,57,17
2026-06-08T13:37:00Z,142.340,142.370,142.281,142.370,61,14
2026-06-08T13:38:00Z,142.370,142.389,142.346,142.389,68,17
2026-06-08T13:39:00Z,142.389,142.401,142.371,142.401,64,13
2026-06-08T13:40:00Z,142.401,142.443,142.399,142.430,60,12
2026-06-08T13:41:00Z,142.430,142.430,142.348,142.361,64,12
2026-06-08T13:42:00Z,142.361,142.371,142.319,142.328,70,17
2026-06-08T13:43:00Z,142.328,142.328,142.259,142.276,63,15
2026-06-08T13:44:00Z,142.276,142.289,142.190,142.193,60,15
2026-06-08T13:45:00Z,142.193,142.261,142.191,142.248,73,17
2026-06-08T13:46:00Z,142.248,142.261,142.214,142.230,68,12
2026-06-08T13:47:00Z,142.230,142.274,142.220,142.257,65,15
2026-06-08T13:48:00Z,142.257,142.257,142.155,142.155,72,12
2026-06-08T13:49:00Z,142.155,142.208,142.135,142.155,64,18
2026-06-08T13:50:00Z,142.155,142.155,142.097,142.097,74,12
2026-06-08T13:51:00Z,142.097,142.119,142.054,142.054,73,15
2026-06-08T13:52:00Z,142.054,142.056,141.985,141.998,64,17
2026-06-08T13:53:00Z,141.998,142.082,141.998,142.082,68,17
2026-06-08T13:54:00Z,142.082,142.087,142.038,142.039,77,18
2026-06-08T13:55:00Z,142.039,142.098,142.039,142.098,78,17
2026-06-08T13:56:00Z,142.098,142.116,142.069,142.094,78,14
2026-06-08T13:57:00Z,142.094,142.094,142.046,142.085,74,13
2026-06-08T13:58:00Z,142.085,142.118,142.081,142.108,75,16
2026-06-08T13:59:00Z,142.108,142.139,142.100,142.117,80,17
2026-06-09T08:00:00Z,142.809,142.817,142.775,142.817,84,54
2026-06-09T08:01:00Z,142.817,142.835,142.802,142.821,79,48
2026-06-09T08:02:00Z,142.821,142.821,142.703,142.723,77,34
2026-06-09T08:03:00Z,142.723,142.723,142.694,142.694,67,38
2026-06-09T08:04:00Z,142.694,142.733,142.682,142.733,77,44
2026-06-09T08:05:00Z,142.733,142.735,142.666,142.666,69,37
2026-06-09T08:06:00Z,142.666,142.681,142.648,142.660,77,30
2026-06-09T08:07:00Z,142.660,142.685,142.634,142.681,70,33
2026-06-09T08:08:00Z,142.681,142.701,142.604,142.604,71,34
2026-06-09T08:09:00Z,142.604,142.642,142.543,142.543,71,31
2026-06-09T08:10:00Z,142.543,142.573,142.523,142.569,63,35
2026-06-09T08:11:00Z,142.569,142.635,142.569,142.601,62,32
2026-06-09T08:12:00Z,142.601,142.651,142.601,142.622,70,33
2026-06-09T08:13:00Z,142.622,142.626,142.579,142.587,70,21
2026-06-09T08:14:00Z,142.587,142.601,142.548,142.601,70,30
2026-06-09T08:15:00Z,142.601,142.613,142.590,142.599,72,24
2026-06-09T08:16:00Z,142.599,142.629,142.599,142.606,75,25
2026-06-09T08:17:00Z,142.606,142.606,142.528,142.558,60,21
2026-06-09T08:18:00Z,142.558,142.570,142.514,142.545,68,22
2026-06-09T08:19:00Z,142.545,142.580,142.532,142.580,73,26
2026-06-09T08:20:00Z,142.580,142.592,142.531,142.543,62,20
2026-06-09T08:21:00Z,142.543,142.543,142.486,142.493,59,18
2026-06-09T08:22:00Z,142.493,142.496,142.473,142.490,61,23
2026-06-09T08:23:00Z,142.490,142.508,142.449,142.495,62,21
2026-06-09T08:24:00Z,142.495,142.518,142.480,142.503,56,21
2026-06-09T08:25:00Z,142.503,142.509,142.421,142.448,64,17
2026-06-09T08:26:00Z,142.448,142.508,142.448,142.497,69,18
2026-06-09T08:27:00Z,142.497,142.497,142.412,142.423,64,17
2026-06-09T08:28:00Z,142.423,142.437,142.380,142.380,64,19
2026-06-09T08:29:00Z,142.380,142.416,142.372,142.390,62,14
2026-06-09T08:30:00Z,142.390,142.448,142.389,142.421,51,19
2026-06-09T08:31:00Z,142.421,142.446,142.389,142.439,51,16
2026-06-09T08:32:00Z,142.439,142.447,142.407,142.447,65,15
2026-06-09T08:33:00Z,142.447,142.447,142.403,142.432,59,15
2026-06-09T08:34:00Z,142.432,142.496,142.432,142.496,56,14
2026-06-09T08:35:00Z,142.496,142.580,142.490,142.570,50,19
2026-06-09T08:36:00Z,142.570,142.570,142.514,142.531,51,17
2026-06-09T08:37:00Z,142.531,142.531,142.468,142.470,53,18
2026-06-09T08:38:00Z,142.470,142.470,142.417,142.431,59,16
2026-06-09T08:39:00Z,142.431,142.490,142.425,142.490,51,13
2026-06-09T08:40:00Z,142.490,142.516,142.452,142.516,62,14
2026-06-09T08:41:00Z,142.516,142.557,142.516,142.523,46,13
2026-06-09T08:42:00Z,142.523,142.544,142.510,142.510,51,15
2026-06-09T08:43:00Z,142.510,142.518,142.474,142.514,45,18
2026-06-09T08:44:00Z,142.514,142.582,142.514,142.576,59,16
2026-06-09T08:45:00Z,142.576,142.584,142.544,142.558,53,18
2026-06-09T08:46:00Z,142.558,142.664,142.558,142.663,43,17
2026-06-09T08:47:00Z,142.663,142.680,142.645,142.680,56,14
2026-06-09T08:48:00Z,142.680,142.701,142.650,142.692,44,17
2026-06-09T08:49:00Z,142.692,142.713,142.678,142.678,43,13
2026-06-09T08:50:00Z,142.678,142.732,142.678,142.712,53,12
2026-06-09T08:51:00Z,142.712,142.712,142.638,142.702,53,14
2026-06-09T08:52:00Z,142.702,142.743,142.688,142.743,46,16
2026-06-09T08:53:00Z,142.743,142.755,142.700,142.755,55,15
2026-06-09T08:54:00Z,142.755,142.772,142.745,142.753,56,17
2026-06-09T08:55:00Z,142.753,142.753,142.685,142.695,54,16
2026-06-09T08:56:00Z,142.695,142.715,142.676,142.702,46,13
2026-06-09T08:57:00Z,142.702,142.761,142.675,142.758,46,17
2026-06-09T08:58:00Z,142.758,142.786,142.744,142.756,41,13
2026-06-09T08:59:00Z,142.756,142.799,142.744,142.790,53,16
2026-06-09T09:00:00Z,142.790,142.819,142.760,142.819,41,15
2026-06-09T09:01:00Z,142.819,142.852,142.814,142.830,51,12
2026-06-09T09:02:00Z,142.830,142.830,142.775,142.776,44,12
2026-06-09T09:03:00Z,142.776,142.793,142.767,142.783,37,12
2026-06-09T09:04:00Z,142.783,142.809,142.734,142.734,45,14
2026-06-09T09:05:00Z,142.734,142.766,142.719,142.766,47,15
2026-06-09T09:06:00Z,142.766,142.766,142.704,142.722,43,14
2026-06-09T09:07:00Z,142.722,142.743,142.697,142.697,40,12
2026-06-09T09:08:00Z,142.697,142.709,142.669,142.709,40,18
2026-06-09T09:09:00Z,142.709,142.731,142.683,142.683,45,15
2026-06-09T09:10:00Z,142.683,142.694,142.620,142.620,38,14
2026-06-09T09:11:00Z,142.620,142.620,142.556,142.556,49,12
2026-06-09T09:12:00Z,142.556,142.600,142.556,142.585,46,18
2026-06-09T09:13:00Z,142.585,142.636,142.573,142.622,48,18
2026-06-09T09:14:00Z,142.622,142.652,142.587,142.587,48,14
2026-06-09T09:15:00Z,142.587,142.592,142.517,142.538,40,16
2026-06-09T09:16:00Z,142.538,142.545,142.512,142.545,39,18
2026-06-09T09:17:00Z,142.545,142.554,142.456,142.456,43,16
2026-06-09T09:18:00Z,142.456,142.466,142.430,142.439,31,14
2026-06-09T09:19:00Z,142.439,142.514,142.439,142.479,32,12
2026-06-09T09:20:00Z,142.479,142.484,142.428,142.429,34,18
2026-06-09T09:21:00Z,142.429,142.458,142.410,142.427,35,15
2026-06-09T09:22:00Z,142.427,142.465,142.403,142.406,31,13
2026-06-09T09:23:00Z,142.406,142.409,142.325,142.371,38,12
2026-06-09T09:24:00Z,142.371,142.455,142.368,142.455,44,16
2026-06-09T09:25:00Z,142.455,142.468,142.421,142.422,44,18
2026-06-09T09:26:00Z,142.422,142.443,142.390,142.390,36,16
2026-06-09T09:27:00Z,142.390,142.421,142.389,142.408,37,17
2026-06-09T09:28:00Z,142.408,142.417,142.373,142.373,31,16
2026-06-09T09:29:00Z,142.373,142.385,142.355,142.355,27,14
2026-06-09T09:30:00Z,142.355,142.361,142.292,142.326,28,17
2026-06-09T09:31:00Z,142.326,142.403,142.326,142.403,39,18
2026-06-09T09:32:00Z,142.403,142.403,142.333,142.333,26,16
2026-06-09T09:33:00Z,142.333,142.420,142.330,142.420,36,18
2026-06-09T09:34:00Z,142.420,142.421,142.333,142.333,39,16
2026-06-09T09:35:00Z,142.333,142.376,142.328,142.370,36,13
2026-06-09T09:36:00Z,142.370,142.402,142.370,142.392,36,17
2026-06-09T09:37:00Z,142.392,142.429,142.364,142.420,34,12
2026-06-09T09:38:00Z,142.420,142.420,142.370,142.387,34,14
2026-06-09T09:39:00Z,142.387,142.387,142.288,142.288,31,12
2026-06-09T09:40:00Z,142.288,142.297,142.201,142.233,24,17
2026-06-09T09:41:00Z,142.233,142.276,142.226,142.276,29,12
2026-06-09T09:42:00Z,142.276,142.335,142.276,142.335,35,14
2026-06-09T09:43:00Z,142.335,142.339,142.271,142.271,29,13
2026-06-09T09:44:00Z,142.271,142.271,142.209,142.209,38,17
2026-06-09T09:45:00Z,142.209,142.298,142.209,142.298,32,12
2026-06-09T09:46:00Z,142.298,142.324,142.283,142.313,38,16
2026-06-09T09:47:00Z,142.313,142.327,142.269,142.308,23,12
2026-06-09T09:48:00Z,142.308,142.339,142.275,142.275,28,16
2026-06-09T09:49:00Z,142.275,142.316,142.264,142.312,25,18
2026-06-09T09:50:00Z,142.312,142.355,142.312,142.334,23,14
2026-06-09T09:51:00Z,142.334,142.334,142.276,142.320,33,16
2026-06-09T09:52:00Z,142.320,142.372,142.319,142.368,35,13
2026-06-09T09:53:00Z,142.368,142.430,142.368,142.397,36,12
2026-06-09T09:54:00Z,142.397,142.397,142.333,142.351,30,15
2026-06-09T09:55:00Z,142.351,142.385,142.341,142.385,21,16
2026-06-09T09:56:00Z,142.385,142.437,142.375,142.419,24,17
2026-06-09T09:57:00Z,142.419,142.419,142.383,142.404,34,15
2026-06-09T09:58:00Z,142.404,142.446,142.400,142.437,20,17
2026-06-09T09:59:00Z,142.437,142.494,142.421,142.494,26,16
2026-06-09T10:00:00Z,142.494,142.494,142.454,142.484,33,15
2026-06-09T10:01:00Z,142.484,142.498,142.411,142.412,20,14
2026-06-09T10:02:00Z,142.412,142.442,142.362,142.375,23,14
2026-06-09T10:03:00Z,142.375,142.402,142.358,142.389,20,17
2026-06-09T10:04:00Z,142.389,142.404,142.346,142.346,28,14
2026-06-09T10:05:00Z,142.346,142.354,142.320,142.339,30,17
2026-06-09T10:06:00Z,142.339,142.367,142.339,142.341,27,17
2026-06-09T10:07:00Z,142.341,142.453,142.335,142.437,23,12
2026-06-09T10:08:00Z,142.437,142.511,142.434,142.503,24,12
2026-06-09T10:09:00Z,142.503,142.512,142.468,142.506,18,16
2026-06-09T10:10:00Z,142.506,142.622,142.506,142.622,31,18
2026-06-09T10:11:00Z,142.622,142.622,142.577,142.582,24,18
2026-06-09T10:12:00Z,142.582,142.598,142.572,142.582,24,18
2026-06-09T10:13:00Z,142.582,142.582,142.520,142.526,28,18
2026-06-09T10:14:00Z,142.526,142.551,142.516,142.523,31,12
2026-06-09T10:15:00Z,142.523,142.551,142.498,142.531,18,13
2026-06-09T10:16:00Z,142.531,142.572,142.529,142.572,22,14
2026-06-09T10:17:00Z,142.572,142.580,142.524,142.570,17,16
2026-06-09T10:18:00Z,142.570,142.578,142.547,142.559,30,16
2026-06-09T10:19:00Z,142.559,142.668,142.546,142.668,22,13
2026-06-09T10:20:00Z,142.668,142.675,142.616,142.657,30,16
2026-06-09T10:21:00Z,142.657,142.674,142.624,142.633,21,12
2026-06-09T10:22:00Z,142.633,142.664,142.622,142.664,20,16
2026-06-09T10:23:00Z,142.664,142.686,142.658,142.686,29,17
2026-06-09T10:24:00Z,142.686,142.693,142.665,142.693,22,17
2026-06-09T10:25:00Z,142.693,142.712,142.657,142.712,26,18
2026-06-09T10:26:00Z,142.712,142.745,142.660,142.745,16,12
2026-06-09T10:27:00Z,142.745,142.809,142.745,142.809,18,16
2026-06-09T10:28:00Z,142.809,142.829,142.771,142.801,23,16
2026-06-09T10:29:00Z,142.801,142.826,142.770,142.826,26,13
2026-06-09T10:30:00Z,142.826,142.882,142.820,142.834,21,18
2026-06-09T10:31:00Z,142.834,142.853,142.791,142.830,20,13
2026-06-09T10:32:00Z,142.830,142.843,142.791,142.807,16,14
2026-06-09T10:33:00Z,142.807,142.828,142.766,142.766,25,12
2026-06-09T10:34:00Z,142.766,142.766,142.726,142.744,26,16
2026-06-09T10:35:00Z,142.744,142.775,142.742,142.775,18,18
2026-06-09T10:36:00Z,142.775,142.823,142.758,142.823,20,13
2026-06-09T10:37:00Z,142.823,142.873,142.789,142.873,27,14
2026-06-09T10:38:00Z,142.873,142.943,142.873,142.928,27,12
2026-06-09T10:39:00Z,142.928,142.976,142.919,142.928,27,15
2026-06-09T10:40:00Z,142.928,142.994,142.916,142.994,28,17
2026-06-09T10:41:00Z,142.994,143.042,142.983,142.983,22,14
2026-06-09T10:42:00Z,142.983,142.997,142.932,142.932,26,15
2026-06-09T10:43:00Z,142.932,142.975,142.897,142.897,16,17
2026-06-09T10:44:00Z,142.897,143.001,142.863,143.001,24,13
2026-06-09T10:45:00Z,143.001,143.078,142.989,143.072,22,18
2026-06-09T10:46:00Z,143.072,143.160,143.054,143.142,23,18
2026-06-09T10:47:00Z,143.142,143.164,143.119,143.135,20,16
2026-06-09T10:48:00Z,143.135,143.145,143.102,143.102,20,14
2026-06-09T10:49:00Z,143.102,143.171,143.102,143.171,15,12
2026-06-09T10:50:00Z,143.171,143.181,143.139,143.156,24,13
2026-06-09T10:51:00Z,143.156,143.165,143.134,143.155,14,13
2026-06-09T10:52:00Z,143.155,143.189,143.144,143.149,16,15
2026-06-09T10:53:00Z,143.149,143.158,143.098,143.098,29,12
2026-06-09T10:54:00Z,143.098,143.207,143.088,143.207,19,14
2026-06-09T10:55:00Z,143.207,143.207,143.153,143.163,28,14
2026-06-09T10:56:00Z,143.163,143.270,143.163,143.270,23,13
2026-06-09T10:57:00Z,143.270,143.283,143.248,143.282,25,14
2026-06-09T10:58:00Z,143.282,143.321,143.220,143.321,18,16
2026-06-09T10:59:00Z,143.321,143.327,143.275,143.326,26,14
2026-06-09T11:00:00Z,143.326,143.358,143.308,143.336,14,13
2026-06-09T11:01:00Z,143.336,143.336,143.263,143.263,23,13
2026-06-09T11:02:00Z,143.263,143.281,143.244,143.258,13,15
2026-06-09T11:03:00Z,143.258,143.266,143.216,143.217,20,12
2026-06-09T11:04:00Z,143.217,143.314,143.217,143.314,19,13
2026-06-09T11:05:00Z,143.314,143.314,143.249,143.289,18,15
2026-06-09T11:06:00Z,143.289,143.291,143.229,143.259,13,18
2026-06-09T11:07:00Z,143.259,143.294,143.259,143.294,18,12
2026-06-09T11:08:00Z,143.294,143.314,143.279,143.279,23,13
2026-06-09T11:09:00Z,143.279,143.319,143.279,143.292,17,16
2026-06-09T11:10:00Z,143.292,143.343,143.292,143.333,20,15
2026-06-09T11:11:00Z,143.333,143.373,143.333,143.371,21,18
2026-06-09T11:12:00Z,143.371,143.375,143.283,143.283,20,18
2026-06-09T11:13:00Z,143.283,143.328,143.283,143.308,19,13
2026-06-09T11:14:00Z,143.308,143.350,143.308,143.350,23,18
2026-06-09T11:15:00Z,143.350,143.405,143.350,143.405,21,13
2026-06-09T11:16:00Z,143.405,143.476,143.375,143.469,21,16
2026-06-09T11:17:00Z,143.469,143.505,143.458,143.505,22,18
2026-06-09T11:18:00Z,143.505,143.551,143.505,143.551,29,15
2026-06-09T11:19:00Z,143.551,143.565,143.537,143.545,22,13
2026-06-09T11:20:00Z,143.545,143.592,143.534,143.584,19,14
2026-06-09T11:21:00Z,143.584,143.608,143.562,143.598,18,15
2026-06-09T11:22:00Z,143.598,143.659,143.588,143.645,26,12
2026-06-09T11:23:00Z,143.645,143.739,143.636,143.732,29,18
2026-06-09T11:24:00Z,143.732,143.765,143.732,143.764,17,13
2026-06-09T11:25:00Z,143.764,143.773,143.704,143.735,30,13
2026-06-09T11:26:00Z,143.735,143.815,143.727,143.815,25,18
2026-06-09T11:27:00Z,143.815,143.848,143.747,143.780,20,16
2026-06-09T11:28:00Z,143.780,143.862,143.780,143.862,30,13
2026-06-09T11:29:00Z,143.862,143.915,143.862,143.887,14,14
2026-06-09T11:30:00Z,143.887,143.887,143.836,143.840,20,16
2026-06-09T11:31:00Z,143.840,143.856,143.808,143.808,23,12
2026-06-09T11:32:00Z,143.808,143.892,143.808,143.840,20,16
2026-06-09T11:33:00Z,143.840,143.910,143.840,143.894,24,15
2026-06-09T11:34:00Z,143.894,143.894,143.796,143.804,21,15
2026-06-09T11:35:00Z,143.804,143.804,143.740,143.745,21,12
2026-06-09T11:36:00Z,143.745,143.757,143.701,143.757,19,12
2026-06-09T11:37:00Z,143.757,143.757,143.669,143.673,22,18
2026-06-09T11:38:00Z,143.673,143.703,143.634,143.679,31,16
2026-06-09T11:39:00Z,143.679,143.733,143.650,143.733,31,18
2026-06-09T11:40:00Z,143.733,143.783,143.725,143.773,27,14
2026-06-09T11:41:00Z,143.773,143.827,143.767,143.815,24,13
2026-06-09T11:42:00Z,143.815,143.833,143.783,143.804,23,12
2026-06-09T11:43:00Z,143.804,143.823,143.750,143.790,29,17
2026-06-09T11:44:00Z,143.790,143.820,143.777,143.820,32,14
2026-06-09T11:45:00Z,143.820,143.856,143.784,143.809,19,16
2026-06-09T11:46:00Z,143.809,143.848,143.805,143.813,23,16
2026-06-09T11:47:00Z,143.813,143.817,143.727,143.741,23,12
2026-06-09T11:48:00Z,143.741,143.755,143.718,143.750,32,18
2026-06-09T11:49:00Z,143.750,143.816,143.743,143.801,33,17
2026-06-09T11:50:00Z,143.801,143.883,143.801,143.843,17,13
2026-06-09T11:51:00Z,143.843,143.881,143.811,143.841,31,15
2026-06-09T11:52:00Z,143.841,143.868,143.787,143.807,24,12
2026-06-09T11:53:00Z,143.807,143.840,143.780,143.824,33,12
2026-06-09T11:54:00Z,143.824,143.863,143.824,143.848,29,15
2026-06-09T11:55:00Z,143.848,143.848,143.779,143.779,28,14
2026-06-09T11:56:00Z,143.779,143.779,143.694,143.712,21,15
2026-06-09T11:57:00Z,143.712,143.722,143.652,143.652,24,14
2026-06-09T11:58:00Z,143.652,143.706,143.644,143.683,20,12
2026-06-09T11:59:00Z,143.683,143.702,143.668,143.668,27,18
2026-06-09T12:00:00Z,143.668,143.714,143.666,143.714,29,13
2026-06-09T12:01:00Z,143.714,143.749,143.703,143.742,22,13
2026-06-09T12:02:00Z,143.742,143.774,143.732,143.755,28,17
2026-06-09T12:03:00Z,143.755,143.755,143.691,143.691,35,13
2026-06-09T12:04:00Z,143.691,143.743,143.683,143.731,24,16
2026-06-09T12:05:00Z,143.731,143.755,143.716,143.743,29,17
2026-06-09T12:06:00Z,143.743,143.752,143.697,143.697,22,14
2026-06-09T12:07:00Z,143.697,143.741,143.686,143.741,30,13
2026-06-09T12:08:00Z,143.741,143.775,143.736,143.745,30,17
2026-06-09T12:09:00Z,143.745,143.792,143.745,143.763,23,16
2026-06-09T12:10:00Z,143.763,143.796,143.745,143.785,36,15
2026-06-09T12:11:00Z,143.785,143.785,143.725,143.731,32,18
2026-06-09T12:12:00Z,143.731,143.733,143.709,143.726,36,16
2026-06-09T12:13:00Z,143.726,143.804,143.707,143.798,23,14
2026-06-09T12:14:00Z,143.798,143.831,143.754,143.754,24,17
2026-06-09T12:15:00Z,143.754,143.777,143.730,143.732,32,13
2026-06-09T12:16:00Z,143.732,143.732,143.660,143.660,33,14
2026-06-09T12:17:00Z,143.660,143.699,143.647,143.699,33,12
2026-06-09T12:18:00Z,143.699,143.775,143.699,143.750,39,13
2026-06-09T12:19:00Z,143.750,143.780,143.750,143.770,38,14
2026-06-09T12:20:00Z,143.770,143.799,143.735,143.788,39,18
2026-06-09T12:21:00Z,143.788,143.854,143.788,143.812,24,18
2026-06-09T12:22:00Z,143.812,143.900,143.812,143.814,31,16
2026-06-09T12:23:00Z,143.814,143.830,143.778,143.813,34,18
2026-06-09T12:24:00Z,143.813,143.890,143.795,143.890,31,14
2026-06-09T12:25:00Z,143.890,143.896,143.869,143.869,36,15
2026-06-09T12:26:00Z,143.869,143.953,143.869,143.941,38,13
2026-06-09T12:27:00Z,143.941,143.945,143.915,143.935,35,12
2026-06-09T12:28:00Z,143.935,143.935,143.882,143.882,33,16
2026-06-09T12:29:00Z,143.882,143.981,143.882,143.957,26,12
2026-06-09T12:30:00Z,143.957,143.973,143.936,143.959,34,15
2026-06-09T12:31:00Z,143.959,144.001,143.954,144.001,27,17
2026-06-09T12:32:00Z,144.001,144.005,143.930,143.945,42,17
2026-06-09T12:33:00Z,143.945,143.970,143.900,143.900,43,17
2026-06-09T12:34:00Z,143.900,143.921,143.799,143.799,37,14
2026-06-09T12:35:00Z,143.799,143.799,143.722,143.741,39,12
2026-06-09T12:36:00Z,143.741,143.741,143.676,143.676,39,15
2026-06-09T12:37:00Z,143.676,143.734,143.639,143.734,34,16
2026-06-09T12:38:00Z,143.734,143.734,143.635,143.646,32,16
2026-06-09T12:39:00Z,143.646,143.671,143.627,143.638,38,14
2026-06-09T12:40:00Z,143.638,143.783,143.626,143.783,43,16
2026-06-09T12:41:00Z,143.783,143.818,143.775,143.775,35,15
2026-06-09T12:42:00Z,143.775,143.816,143.775,143.797,31,14
2026-06-09T12:43:00Z,143.797,143.833,143.789,143.814,37,16
2026-06-09T12:44:00Z,143.814,143.861,143.814,143.847,43,12
2026-06-09T12:45:00Z,143.847,143.850,143.791,143.793,44,18
2026-06-09T12:46:00Z,143.793,143.839,143.793,143.839,45,12
2026-06-09T12:47:00Z,143.839,143.868,143.799,143.829,48,17
2026-06-09T12:48:00Z,143.829,143.860,143.808,143.817,39,13
2026-06-09T12:49:00Z,143.817,143.825,143.791,143.807,47,13
2026-06-09T12:50:00Z,143.807,143.807,143.687,143.690,40,18
2026-06-09T12:51:00Z,143.690,143.730,143.674,143.674,36,18
2026-06-09T12:52:00Z,143.674,143.693,143.600,143.601,41,17
2026-06-09T12:53:00Z,143.601,143.601,143.497,143.510,48,18
2026-06-09T12:54:00Z,143.510,143.553,143.501,143.553,36,14
2026-06-09T12:55:00Z,143.553,143.587,143.545,143.549,39,12
2026-06-09T12:56:00Z,143.549,143.569,143.531,143.567,36,13
2026-06-09T12:57:00Z,143.567,143.567,143.543,143.555,52,12
2026-06-09T12:58:00Z,143.555,143.614,143.550,143.600,50,16
2026-06-09T12:59:00Z,143.600,143.600,143.517,143.522,40,18
2026-06-09T13:00:00Z,143.522,143.527,143.425,143.447,45,14
2026-06-09T13:01:00Z,143.447,143.447,143.373,143.413,40,14
2026-06-09T13:02:00Z,143.413,143.414,143.341,143.352,50,18
2026-06-09T13:03:00Z,143.352,143.356,143.257,143.298,44,13
2026-06-09T13:04:00Z,143.298,143.347,143.278,143.328,46,17
2026-06-09T13:05:00Z,143.328,143.344,143.318,143.334,45,17
2026-06-09T13:06:00Z,143.334,143.348,143.297,143.333,49,15
2026-06-09T13:07:00Z,143.333,143.341,143.240,143.274,48,13
2026-06-09T13:08:00Z,143.274,143.274,143.226,143.226,41,17
2026-06-09T13:09:00Z,143.226,143.268,143.175,143.262,48,17
2026-06-09T13:10:00Z,143.262,143.271,143.227,143.267,42,14
2026-06-09T13:11:00Z,143.267,143.301,143.251,143.292,46,14
2026-06-09T13:12:00Z,143.292,143.417,143.292,143.415,50,12
2026-06-09T13:13:00Z,143.415,143.435,143.398,143.418,59,14
2026-06-09T13:14:00Z,143.418,143.444,143.382,143.382,44,12
2026-06-09T13:15:00Z,143.382,143.417,143.379,143.379,58,18
2026-06-09T13:16:00Z,143.379,143.455,143.357,143.455,47,13
2026-06-09T13:17:00Z,143.455,143.501,143.445,143.478,53,15
2026-06-09T13:18:00Z,143.478,143.508,143.438,143.454,54,14
2026-06-09T13:19:00Z,143.454,143.476,143.394,143.394,55,16
2026-06-09T13:20:00Z,143.394,143.394,143.301,143.319,48,15
2026-06-09T13:21:00Z,143.319,143.341,143.288,143.288,57,12
2026-06-09T13:22:00Z,143.288,143.337,143.268,143.277,61,17
2026-06-09T13:23:00Z,143.277,143.341,143.277,143.334,58,12
2026-06-09T13:24:00Z,143.334,143.334,143.282,143.321,53,16
2026-06-09T13:25:00Z,143.321,143.365,143.321,143.328,50,16
2026-06-09T13:26:00Z,143.328,143.357,143.312,143.351,57,17
2026-06-09T13:27:00Z,143.351,143.351,143.274,143.317,53,16
2026-06-09T13:28:00Z,143.317,143.343,143.284,143.284,57,14
2026-06-09T13:29:00Z,143.284,143.329,143.233,143.254,55,18
2026-06-09T13:30:00Z,143.254,143.282,143.226,143.273,65,13
2026-06-09T13:31:00Z,143.273,143.274,143.223,143.243,54,15
2026-06-09T13:32:00Z,143.243,143.268,143.210,143.220,57,15
2026-06-09T13:33:00Z,143.220,143.283,143.220,143.261,59,12
2026-06-09T13:34:00Z,143.261,143.268,143.167,143.176,53,13
2026-06-09T13:35:00Z,143.176,143.176,143.131,143.131,62,17
2026-06-09T13:36:00Z,143.131,143.224,143.131,143.196,57,14
2026-06-09T13:37:00Z,143.196,143.196,143.087,143.087,70,13
2026-06-09T13:38:00Z,143.087,143.109,143.070,143.096,55,17
2026-06-09T13:39:00Z,143.096,143.096,143.055,143.055,61,15
2026-06-09T13:40:00Z,143.055,143.076,143.029,143.044,64,18
2026-06-09T13:41:00Z,143.044,143.062,143.027,143.050,73,18
2026-06-09T13:42:00Z,143.050,143.052,142.976,143.001,67,12
2026-06-09T13:43:00Z,143.001,143.049,143.001,143.005,58,15
2026-06-09T13:44:00Z,143.005,143.005,142.949,142.949,62,14
2026-06-09T13:45:00Z,142.949,142.959,142.928,142.928,60,18
2026-06-09T13:46:00Z,142.928,142.928,142.870,142.897,64,15
2026-06-09T13:47:00Z,142.897,142.959,142.897,142.959,65,18
2026-06-09T13:48:00Z,142.959,143.096,142.959,143.096,71,12
2026-06-09T13:49:00Z,143.096,143.096,143.013,143.013,71,17
2026-06-09T13:50:00Z,143.013,143.052,143.008,143.050,63,16
2026-06-09T13:51:00Z,143.050,143.065,143.007,143.034,66,17
2026-06-09T13:52:00Z,143.034,143.063,143.022,143.028,78,15
2026-06-09T13:53:00Z,143.028,143.059,143.014,143.059,67,14
2026-06-09T13:54:00Z,143.059,143.092,143.036,143.092,71,13
2026-06-09T13:55:00Z,143.092,143.107,143.068,143.098,71,14
2026-06-09T13:56:00Z,143.098,143.156,143.082,143.156,78,14
2026-06-09T13:57:00Z,143.156,143.226,143.135,143.214,82,16
2026-06-09T13:58:00Z,143.214,143.223,143.204,143.220,71,14
2026-06-09T13:59:00Z,143.220,143.310,143.217,143.275,82,17
2026-06-10T08:00:00Z,144.389,144.399,144.328,144.328,68,38
2026-06-10T08:01:00Z,144.328,144.374,144.322,144.371,75,54
2026-06-10T08:02:00Z,144.371,144.412,144.356,144.356,70,46
2026-06-10T08:03:00Z,144.356,144.376,144.333,144.350,70,43
2026-06-10T08:04:00Z,144.350,144.419,144.350,144.416,77,36
2026-06-10T08:05:00Z,144.416,144.446,144.414,144.441,69,29
2026-06-10T08:06:00Z,144.441,144.447,144.396,144.396,80,33
2026-06-10T08:07:00Z,144.396,144.460,144.396,144.458,71,33
2026-06-10T08:08:00Z,144.458,144.540,144.458,144.539,75,26
2026-06-10T08:09:00Z,144.539,144.602,144.539,144.598,67,29
2026-06-10T08:10:00Z,144.598,144.605,144.556,144.556,68,25
2026-06-10T08:11:00Z,144.556,144.567,144.533,144.533,67,30
2026-06-10T08:12:00Z,144.533,144.549,144.520,144.525,77,33
2026-06-10T08:13:00Z,144.525,144.537,144.468,144.468,67,21
2026-06-10T08:14:00Z,144.468,144.515,144.468,144.493,70,30
2026-06-10T08:15:00Z,144.493,144.524,144.463,144.510,64,20
2026-06-10T08:16:00Z,144.510,144.608,144.504,144.604,66,27
2026-06-10T08:17:00Z,144.604,144.606,144.510,144.561,63,20
2026-06-10T08:18:00Z,144.561,144.572,144.515,144.534,65,21
2026-06-10T08:19:00Z,144.534,144.552,144.484,144.512,70,22
2026-06-10T08:20:00Z,144.512,144.562,144.509,144.561,65,17
2026-06-10T08:21:00Z,144.561,144.592,144.535,144.592,67,17
2026-06-10T08:22:00Z,144.592,144.646,144.592,144.646,65,19
2026-06-10T08:23:00Z,144.646,144.695,144.602,144.602,69,21
2026-06-10T08:24:00Z,144.602,144.630,144.573,144.615,54,17
2026-06-10T08:25:00Z,144.615,144.615,144.550,144.562,68,23
2026-06-10T08:26:00Z,144.562,144.618,144.562,144.567,54,16
2026-06-10T08:27:00Z,144.567,144.584,144.560,144.570,58,18
2026-06-10T08:28:00Z,144.570,144.570,144.531,144.555,68,15
2026-06-10T08:29:00Z,144.555,144.636,144.555,144.636,63,14
2026-06-10T08:30:00Z,144.636,144.659,144.626,144.650,63,20
2026-06-10T08:31:00Z,144.650,144.650,144.596,144.609,63,16
2026-06-10T08:32:00Z,144.609,144.692,144.605,144.692,64,17
2026-06-10T08:33:00Z,144.692,144.755,144.684,144.755,53,21
2026-06-10T08:34:00Z,144.755,144.755,144.691,144.715,53,19
2026-06-10T08:35:00Z,144.715,144.834,144.715,144.826,65,16
2026-06-10T08:36:00Z,144.826,144.826,144.768,144.777,48,13
2026-06-10T08:37:00Z,144.777,144.777,144.669,144.669,56,15
2026-06-10T08:38:00Z,144.669,144.700,144.637,144.644,59,14
2026-06-10T08:39:00Z,144.644,144.663,144.610,144.610,47,13
2026-06-10T08:40:00Z,144.610,144.682,144.607,144.670,53,14
2026-06-10T08:41:00Z,144.670,144.675,144.641,144.672,60,18
2026-06-10T08:42:00Z,144.672,144.698,144.634,144.661,50,16
2026-06-10T08:43:00Z,144.661,144.703,144.661,144.670,46,18
2026-06-10T08:44:00Z,144.670,144.716,144.670,144.712,50,14
2026-06-10T08:45:00Z,144.712,144.717,144.692,144.700,48,18
2026-06-10T08:46:00Z,144.700,144.700,144.629,144.643,56,19
2026-06-10T08:47:00Z,144.643,144.649,144.596,144.649,58,19
2026-06-10T08:48:00Z,144.649,144.650,144.587,144.610,45,15
2026-06-10T08:49:00Z,144.610,144.610,144.564,144.578,46,17
2026-06-10T08:50:00Z,144.578,144.643,144.570,144.626,49,13
2026-06-10T08:51:00Z,144.626,144.672,144.613,144.613,49,17
2026-06-10T08:52:00Z,144.613,144.617,144.552,144.552,45,13
2026-06-10T08:53:00Z,144.552,144.555,144.496,144.552,40,12
2026-06-10T08:54:00Z,144.552,144.612,144.517,144.612,43,17
2026-06-10T08:55:00Z,144.612,144.681,144.612,144.681,48,12
2026-06-10T08:56:00Z,144.681,144.700,144.657,144.659,50,13
2026-06-10T08:57:00Z,144.659,144.659,144.587,144.608,45,17
2026-06-10T08:58:00Z,144.608,144.674,144.608,144.634,46,18
2026-06-10T08:59:00Z,144.634,144.645,144.602,144.645,40,16
2026-06-10T09:00:00Z,144.645,144.663,144.576,144.576,53,14
2026-06-10T09:01:00Z,144.576,144.587,144.545,144.568,49,16
2026-06-10T09:02:00Z,144.568,144.619,144.560,144.619,40,15
2026-06-10T09:03:00Z,144.619,144.665,144.619,144.665,52,17
2026-06-10T09:04:00Z,144.665,144.735,144.665,144.735,52,13
2026-06-10T09:05:00Z,144.735,144.804,144.735,144.802,36,14
2026-06-10T09:06:00Z,144.802,144.802,144.692,144.695,40,14
2026-06-10T09:07:00Z,144.695,144.741,144.695,144.737,45,18
2026-06-10T09:08:00Z,144.737,144.765,144.712,144.712,36,18
2026-06-10T09:09:00Z,144.712,144.747,144.708,144.708,34,17
2026-06-10T09:10:00Z,144.708,144.731,144.675,144.700,37,14
2026-06-10T09:11:00Z,144.700,144.730,144.641,144.727,49,16
2026-06-10T09:12:00Z,144.727,144.733,144.687,144.728,37,16
2026-06-10T09:13:00Z,144.728,144.818,144.728,144.803,32,14
2026-06-10T09:14:00Z,144.803,144.811,144.679,144.679,33,13
2026-06-10T09:15:00Z,144.679,144.736,144.664,144.664,38,17
2026-06-10T09:16:00Z,144.664,144.713,144.588,144.595,35,13
2026-06-10T09:17:00Z,144.595,144.595,144.536,144.558,42,12
2026-06-10T09:18:00Z,144.558,144.613,144.557,144.613,37,13
2026-06-10T09:19:00Z,144.613,144.635,144.597,144.626,38,14
2026-06-10T09:20:00Z,144.626,144.661,144.601,144.661,31,18
2026-06-10T09:21:00Z,144.661,144.661,144.618,144.647,33,18
2026-06-10T09:22:00Z,144.647,144.727,144.647,144.727,45,12
2026-06-10T09:23:00Z,144.727,144.771,144.720,144.769,34,18
2026-06-10T09:24:00Z,144.769,144.786,144.728,144.741,41,12
2026-06-10T09:25:00Z,144.741,144.765,144.717,144.737,39,17
2026-06-10T09:26:00Z,144.737,144.737,144.694,144.699,36,14
2026-06-10T09:27:00Z,144.699,144.699,144.615,144.639,44,14
2026-06-10T09:28:00Z,144.639,144.639,144.596,144.619,30,12
2026-06-10T09:29:00Z,144.619,144.643,144.585,144.626,40,12
2026-06-10T09:30:00Z,144.626,144.733,144.626,144.727,41,15
2026-06-10T09:31:00Z,144.727,144.727,144.658,144.658,40,16
2026-06-10T09:32:00Z,144.658,144.676,144.638,144.676,32,15
2026-06-10T09:33:00Z,144.676,144.693,144.613,144.613,36,18
2026-06-10T09:34:00Z,144.613,144.658,144.613,144.646,38,17
2026-06-10T09:35:00Z,144.646,144.646,144.566,144.576,33,12
2026-06-10T09:36:00Z,144.576,144.611,144.554,144.600,25,15
2026-06-10T09:37:00Z,144.600,144.656,144.600,144.634,41,13
2026-06-10T09:38:00Z,144.634,144.639,144.578,144.623,27,13
2026-06-10T09:39:00Z,144.623,144.692,144.623,144.686,28,13
2026-06-10T09:40:00Z,144.686,144.686,144.634,144.643,29,15
2026-06-10T09:41:00Z,144.643,144.645,144.604,144.616,37,15
2026-06-10T09:42:00Z,144.616,144.616,144.541,144.541,29,12
2026-06-10T09:43:00Z,144.541,144.574,144.499,144.516,25,16
2026-06-10T09:44:00Z,144.516,144.524,144.471,144.473,23,17
2026-06-10T09:45:00Z,144.473,144.596,144.473,144.587,37,15
2026-06-10T09:46:00Z,144.587,144.587,144.535,144.535,33,12
2026-06-10T09:47:00Z,144.535,144.535,144.499,144.501,37,18
2026-06-10T09:48:00Z,144.501,144.511,144.471,144.478,28,17
2026-06-10T09:49:00Z,144.478,144.478,144.410,144.424,26,17
2026-06-10T09:50:00Z,144.424,144.431,144.403,144.431,21,18
2026-06-10T09:51:00Z,144.431,144.461,144.380,144.380,23,12
2026-06-10T09:52:00Z,144.380,144.380,144.314,144.320,36,16
2026-06-10T09:53:00Z,144.320,144.345,144.297,144.342,28,15
2026-06-10T09:54:00Z,144.342,144.379,144.336,144.379,28,16
2026-06-10T09:55:00Z,144.379,144.393,144.332,144.332,33,16
2026-06-10T09:56:00Z,144.332,144.359,144.321,144.359,23,12
2026-06-10T09:57:00Z,144.359,144.384,144.346,144.377,31,15
2026-06-10T09:58:00Z,144.377,144.419,144.377,144.409,24,13
2026-06-10T09:59:00Z,144.409,144.409,144.339,144.339,25,15
2026-06-10T10:00:00Z,144.339,144.342,144.313,144.313,22,12
2026-06-10T10:01:00Z,144.313,144.332,144.235,144.235,21,12
2026-06-10T10:02:00Z,144.235,144.263,144.191,144.219,31,13
2026-06-10T10:03:00Z,144.219,144.219,144.188,144.188,29,18
2026-06-10T10:04:00Z,144.188,144.271,144.188,144.267,28,18
2026-06-10T10:05:00Z,144.267,144.282,144.257,144.277,21,16
2026-06-10T10:06:00Z,144.277,144.277,144.219,144.250,23,13
2026-06-10T10:07:00Z,144.250,144.346,144.233,144.311,27,14
2026-06-10T10:08:00Z,144.311,144.311,144.227,144.260,33,16
2026-06-10T10:09:00Z,144.260,144.260,144.203,144.234,31,18
2026-06-10T10:10:00Z,144.234,144.239,144.198,144.238,32,18
2026-06-10T10:11:00Z,144.238,144.254,144.214,144.236,33,16
2026-06-10T10:12:00Z,144.236,144.249,144.222,144.249,17,17
2026-06-10T10:13:00Z,144.249,144.261,144.209,144.253,29,12
2026-06-10T10:14:00Z,144.253,144.282,144.229,144.232,28,12
2026-06-10T10:15:00Z,144.232,144.239,144.178,144.205,19,14
2026-06-10T10:16:00Z,144.205,144.265,144.196,144.265,28,18
2026-06-10T10:17:00Z,144.265,144.265,144.237,144.256,32,17
2026-06-10T10:18:00Z,144.256,144.294,144.214,144.234,28,17
2026-06-10T10:19:00Z,144.234,144.267,144.234,144.261,26,18
2026-06-10T10:20:00Z,144.261,144.291,144.249,144.277,29,14
2026-06-10T10:21:00Z,144.277,144.300,144.250,144.275,31,16
2026-06-10T10:22:00Z,144.275,144.275,144.234,144.262,20,15
2026-06-10T10:23:00Z,144.262,144.375,144.262,144.364,22,17
2026-06-10T10:24:00Z,144.364,144.379,144.314,144.331,16,13
2026-06-10T10:25:00Z,144.331,144.395,144.331,144.372,15,14
2026-06-10T10:26:00Z,144.372,144.374,144.305,144.305,20,16
2026-06-10T10:27:00Z,144.305,144.365,144.305,144.340,26,13
2026-06-10T10:28:00Z,144.340,144.401,144.319,144.319,29,15
2026-06-10T10:29:00Z,144.319,144.364,144.319,144.364,19,14
2026-06-10T10:30:00Z,144.364,144.364,144.308,144.343,27,17
2026-06-10T10:31:00Z,144.343,144.355,144.300,144.318,15,17
2026-06-10T10:32:00Z,144.318,144.336,144.253,144.287,18,12
2026-06-10T10:33:00Z,144.287,144.310,144.252,144.264,21,14
2026-06-10T10:34:00Z,144.264,144.336,144.264,144.321,14,14
2026-06-10T10:35:00Z,144.321,144.391,144.321,144.362,30,15
2026-06-10T10:36:00Z,144.362,144.376,144.330,144.359,26,18
2026-06-10T10:37:00Z,144.359,144.368,144.287,144.287,20,17
2026-06-10T10:38:00Z,144.287,144.328,144.287,144.314,30,14
2026-06-10T10:39:00Z,144.314,144.318,144.273,144.290,19,16
2026-06-10T10:40:00Z,144.290,144.315,144.246,144.301,22,14
2026-06-10T10:41:00Z,144.301,144.312,144.275,144.280,27,18
2026-06-10T10:42:00Z,144.280,144.324,144.262,144.324,22,15
2026-06-10T10:43:00Z,144.324,144.360,144.319,144.338,26,16
2026-06-10T10:44:00Z,144.338,144.380,144.322,144.363,24,16
2026-06-10T10:45:00Z,144.363,144.444,144.363,144.444,24,13
2026-06-10T10:46:00Z,144.444,144.502,144.444,144.502,19,16
2026-06-10T10:47:00Z,144.502,144.567,144.489,144.565,13,17
2026-06-10T10:48:00Z,144.565,144.565,144.524,144.556,23,13
2026-06-10T10:49:00Z,144.556,144.573,144.522,144.546,23,18
2026-06-10T10:50:00Z,144.546,144.558,144.472,144.511,17,15
2026-06-10T10:51:00Z,144.511,144.511,144.456,144.475,18,12
2026-06-10T10:52:00Z,144.475,144.475,144.422,144.461,13,17
2026-06-10T10:53:00Z,144.461,144.494,144.461,144.479,26,17
2026-06-10T10:54:00Z,144.479,144.536,144.471,144.517,23,17
2026-06-10T10:55:00Z,144.517,144.611,144.517,144.574,18,15
2026-06-10T10:56:00Z,144.574,144.599,144.538,144.599,26,14
2026-06-10T10:57:00Z,144.599,144.599,144.560,144.560,20,16
2026-06-10T10:58:00Z,144.560,144.570,144.514,144.532,19,17
2026-06-10T10:59:00Z,144.532,144.596,144.512,144.577,23,17
2026-06-10T11:00:00Z,144.577,144.590,144.556,144.585,23,18
2026-06-10T11:01:00Z,144.585,144.679,144.585,144.679,29,18
2026-06-10T11:02:00Z,144.679,144.803,144.679,144.803,26,13
2026-06-10T11:03:00Z,144.803,144.822,144.731,144.731,17,15
2026-06-10T11:04:00Z,144.731,144.732,144.689,144.725,26,16
2026-06-10T11:05:00Z,144.725,144.770,144.725,144.740,27,17
2026-06-10T11:06:00Z,144.740,144.833,144.727,144.824,15,12
2026-06-10T11:07:00Z,144.824,144.866,144.787,144.848,18,13
2026-06-10T11:08:00Z,144.848,144.865,144.806,144.865,23,17
2026-06-10T11:09:00Z,144.865,144.934,144.851,144.928,13,14
2026-06-10T11:10:00Z,144.928,144.961,144.909,144.938,13,14
2026-06-10T11:11:00Z,144.938,144.938,144.890,144.930,18,16
2026-06-10T11:12:00Z,144.930,144.930,144.890,144.893,24,12
2026-06-10T11:13:00Z,144.893,144.905,144.868,144.884,17,18
2026-06-10T11:14:00Z,144.884,144.941,144.859,144.938,22,17
2026-06-10T11:15:00Z,144.938,145.064,144.938,145.057,22,16
2026-06-10T11:16:00Z,145.057,145.069,145.015,145.016,29,14
2026-06-10T11:17:00Z,145.016,145.016,144.958,144.994,22,18
2026-06-10T11:18:00Z,144.994,145.005,144.917,144.917,15,15
2026-06-10T11:19:00Z,144.917,144.973,144.901,144.973,17,16
2026-06-10T11:20:00Z,144.973,145.021,144.973,145.017,14,18
2026-06-10T11:21:00Z,145.017,145.075,145.006,145.075,24,13
2026-06-10T11:22:00Z,145.075,145.146,145.066,145.132,15,18
2026-06-10T11:23:00Z,145.132,145.267,145.132,145.267,19,18
2026-06-10T11:24:00Z,145.267,145.298,145.249,145.263,28,16
2026-06-10T11:25:00Z,145.263,145.276,145.230,145.230,15,15
2026-06-10T11:26:00Z,145.230,145.260,145.222,145.239,21,16
2026-06-10T11:27:00Z,145.239,145.239,145.204,145.204,14,18
2026-06-10T11:28:00Z,145.204,145.204,145.173,145.190,15,15
2026-06-10T11:29:00Z,145.190,145.206,145.168,145.184,27,18
2026-06-10T11:30:00Z,145.184,145.271,145.184,145.271,23,16
2026-06-10T11:31:00Z,145.271,145.291,145.249,145.259,15,17
2026-06-10T11:32:00Z,145.259,145.262,145.212,145.240,28,14
2026-06-10T11:33:00Z,145.240,145.276,145.235,145.276,24,16
2026-06-10T11:34:00Z,145.276,145.355,145.276,145.355,30,17
2026-06-10T11:35:00Z,145.355,145.359,145.322,145.358,29,17
2026-06-10T11:36:00Z,145.358,145.401,145.356,145.401,23,16
2026-06-10T11:37:00Z,145.401,145.465,145.401,145.459,29,13
2026-06-10T11:38:00Z,145.459,145.466,145.432,145.466,28,18
2026-06-10T11:39:00Z,145.466,145.507,145.462,145.468,28,16
2026-06-10T11:40:00Z,145.468,145.505,145.449,145.497,29,15
2026-06-10T11:41:00Z,145.497,145.520,145.478,145.493,26,18
2026-06-10T11:42:00Z,145.493,145.515,145.473,145.473,21,12
2026-06-10T11:43:00Z,145.473,145.545,145.458,145.512,29,17
2026-06-10T11:44:00Z,145.512,145.576,145.512,145.571,20,14
2026-06-10T11:45:00Z,145.571,145.588,145.499,145.499,25,12
2026-06-10T11:46:00Z,145.499,145.499,145.458,145.464,16,16
2026-06-10T11:47:00Z,145.464,145.464,145.392,145.409,26,18
2026-06-10T11:48:00Z,145.409,145.445,145.402,145.427,22,18
2026-06-10T11:49:00Z,145.427,145.479,145.427,145.450,18,15
2026-06-10T11:50:00Z,145.450,145.450,145.355,145.378,18,16
2026-06-10T11:51:00Z,145.378,145.378,145.288,145.288,26,12
2026-06-10T11:52:00Z,145.288,145.332,145.275,145.287,19,14
2026-06-10T11:53:00Z,145.287,145.317,145.243,145.316,25,12
2026-06-10T11:54:00Z,145.316,145.316,145.259,145.259,30,17
2026-06-10T11:55:00Z,145.259,145.302,145.255,145.255,24,18
2026-06-10T11:56:00Z,145.255,145.261,145.188,145.213,20,13
2026-06-10T11:57:00Z,145.213,145.274,145.204,145.274,18,17
2026-06-10T11:58:00Z,145.274,145.371,145.272,145.371,24,15
2026-06-10T11:59:00Z,145.371,145.407,145.347,145.367,35,18
2026-06-10T12:00:00Z,145.367,145.422,145.347,145.422,20,16
2026-06-10T12:01:00Z,145.422,145.444,145.399,145.419,27,15
2026-06-10T12:02:00Z,145.419,145.465,145.419,145.463,20,17
2026-06-10T12:03:00Z,145.463,145.467,145.350,145.356,31,18
2026-06-10T12:04:00Z,145.356,145.403,145.323,145.356,25,17
2026-06-10T12:05:00Z,145.356,145.384,145.317,145.337,26,14
2026-06-10T12:06:00Z,145.337,145.391,145.321,145.384,20,13
2026-06-10T12:07:00Z,145.384,145.447,145.361,145.447,31,16
2026-06-10T12:08:00Z,145.447,145.461,145.433,145.450,33,18
2026-06-10T12:09:00Z,145.450,145.478,145.446,145.474,31,13
2026-06-10T12:10:00Z,145.474,145.511,145.453,145.511,31,12
2026-06-10T12:11:00Z,145.511,145.532,145.469,145.532,31,16
2026-06-10T12:12:00Z,145.532,145.573,145.532,145.573,34,14
2026-06-10T12:13:00Z,145.573,145.573,145.474,145.476,26,17
2026-06-10T12:14:00Z,145.476,145.483,145.428,145.435,24,14
2026-06-10T12:15:00Z,145.435,145.435,145.363,145.363,36,18
2026-06-10T12:16:00Z,145.363,145.418,145.352,145.408,26,15
2026-06-10T12:17:00Z,145.408,145.418,145.380,145.411,31,13
2026-06-10T12:18:00Z,145.411,145.424,145.400,145.413,35,14
2026-06-10T12:19:00Z,145.413,145.436,145.400,145.417,39,16
2026-06-10T12:20:00Z,145.417,145.429,145.306,145.315,39,16
2026-06-10T12:21:00Z,145.315,145.356,145.271,145.272,37,13
2026-06-10T12:22:00Z,145.272,145.338,145.272,145.338,39,14
2026-06-10T12:23:00Z,145.338,145.340,145.270,145.304,25,15
2026-06-10T12:24:00Z,145.304,145.332,145.286,145.300,41,13
2026-06-10T12:25:00Z,145.300,145.303,145.230,145.234,25,12
2026-06-10T12:26:00Z,145.234,145.234,145.199,145.203,35,12
2026-06-10T12:27:00Z,145.203,145.274,145.203,145.221,36,14
2026-06-10T12:28:00Z,145.221,145.255,145.211,145.255,31,14
2026-06-10T12:29:00Z,145.255,145.268,145.222,145.242,26,12
2026-06-10T12:30:00Z,145.242,145.252,145.227,145.244,32,18
2026-06-10T12:31:00Z,145.244,145.279,145.193,145.201,29,16
2026-06-10T12:32:00Z,145.201,145.320,145.201,145.294,32,13
2026-06-10T12:33:00Z,145.294,145.416,145.293,145.416,35,14
2026-06-10T12:34:00Z,145.416,145.443,145.384,145.389,32,18
2026-06-10T12:35:00Z,145.389,145.436,145.377,145.404,28,18
2026-06-10T12:36:00Z,145.404,145.404,145.290,145.297,42,12
2026-06-10T12:37:00Z,145.297,145.297,145.191,145.191,34,17
2026-06-10T12:38:00Z,145.191,145.264,145.185,145.185,32,18
2026-06-10T12:39:00Z,145.185,145.236,145.177,145.204,45,15
2026-06-10T12:40:00Z,145.204,145.211,145.149,145.211,36,15
2026-06-10T12:41:00Z,145.211,145.229,145.199,145.207,31,18
2026-06-10T12:42:00Z,145.207,145.254,145.207,145.230,43,15
2026-06-10T12:43:00Z,145.230,145.257,145.217,145.231,37,13
2026-06-10T12:44:00Z,145.231,145.245,145.192,145.192,46,18
2026-06-10T12:45:00Z,145.192,145.217,145.158,145.161,40,15
2026-06-10T12:46:00Z,145.161,145.230,145.161,145.176,40,13
2026-06-10T12:47:00Z,145.176,145.176,145.121,145.172,38,18
2026-06-10T12:48:00Z,145.172,145.219,145.172,145.194,41,12
2026-06-10T12:49:00Z,145.194,145.222,145.181,145.210,42,13
2026-06-10T12:50:00Z,145.210,145.229,145.186,145.229,41,14
2026-06-10T12:51:00Z,145.229,145.336,145.229,145.318,35,17
2026-06-10T12:52:00Z,145.318,145.370,145.303,145.370,49,17
2026-06-10T12:53:00Z,145.370,145.370,145.284,145.284,42,13
2026-06-10T12:54:00Z,145.284,145.352,145.282,145.352,40,18
2026-06-10T12:55:00Z,145.352,145.362,145.315,145.351,39,13
2026-06-10T12:56:00Z,145.351,145.396,145.345,145.369,47,18
2026-06-10T12:57:00Z,145.369,145.372,145.321,145.339,37,17
2026-06-10T12:58:00Z,145.339,145.362,145.308,145.329,38,12
2026-06-10T12:59:00Z,145.329,145.385,145.326,145.385,42,13
2026-06-10T13:00:00Z,145.385,145.397,145.362,145.372,51,15
2026-06-10T13:01:00Z,145.372,145.423,145.344,145.423,41,16
2026-06-10T13:02:00Z,145.423,145.427,145.332,145.350,47,17
2026-06-10T13:03:00Z,145.350,145.351,145.315,145.324,52,14
2026-06-10T13:04:00Z,145.324,145.328,145.288,145.328,39,12
2026-06-10T13:05:00Z,145.328,145.355,145.310,145.310,55,15
2026-06-10T13:06:00Z,145.310,145.317,145.255,145.302,46,17
2026-06-10T13:07:00Z,145.302,145.302,145.240,145.240,40,16
2026-06-10T13:08:00Z,145.240,145.240,145.190,145.201,48,13
2026-06-10T13:09:00Z,145.201,145.228,145.134,145.134,44,15
2026-06-10T13:10:00Z,145.134,145.139,145.086,145.097,42,13
2026-06-10T13:11:00Z,145.097,145.201,145.097,145.186,56,13
2026-06-10T13:12:00Z,145.186,145.246,145.185,145.222,55,14
2026-06-10T13:13:00Z,145.222,145.259,145.211,145.211,49,17
2026-06-10T13:14:00Z,145.211,145.211,145.142,145.143,59,14
2026-06-10T13:15:00Z,145.143,145.185,145.130,145.173,48,17
2026-06-10T13:16:00Z,145.173,145.199,145.157,145.187,60,18
2026-06-10T13:17:00Z,145.187,145.223,145.176,145.208,50,14
2026-06-10T13:18:00Z,145.208,145.208,145.112,145.112,54,14
2026-06-10T13:19:00Z,145.112,145.112,144.991,145.033,61,16
2026-06-10T13:20:00Z,145.033,145.099,145.033,145.078,59,14
2026-06-10T13:21:00Z,145.078,145.093,145.052,145.081,52,12
2026-06-10T13:22:00Z,145.081,145.120,145.048,145.048,47,18
2026-06-10T13:23:00Z,145.048,145.069,145.011,145.059,55,12
2026-06-10T13:24:00Z,145.059,145.068,145.010,145.036,56,18
2026-06-10T13:25:00Z,145.036,145.089,145.029,145.062,49,16
2026-06-10T13:26:00Z,145.062,145.101,145.056,145.056,55,12
2026-06-10T13:27:00Z,145.056,145.056,144.976,144.976,58,18
2026-06-10T13:28:00Z,144.976,145.006,144.925,145.006,52,15
2026-06-10T13:29:00Z,145.006,145.040,144.944,144.965,64,17
2026-06-10T13:30:00Z,144.965,144.965,144.913,144.913,66,15
2026-06-10T13:31:00Z,144.913,144.965,144.888,144.965,56,14
2026-06-10T13:32:00Z,144.965,144.978,144.916,144.916,59,14
2026-06-10T13:33:00Z,144.916,144.916,144.875,144.911,59,14
2026-06-10T13:34:00Z,144.911,144.911,144.860,144.910,67,13
2026-06-10T13:35:00Z,144.910,144.983,144.891,144.929,69,12
2026-06-10T13:36:00Z,144.929,144.958,144.916,144.938,70,14
2026-06-10T13:37:00Z,144.938,145.014,144.925,144.996,71,12
2026-06-10T13:38:00Z,144.996,145.049,144.967,145.049,55,16
2026-06-10T13:39:00Z,145.049,145.049,145.003,145.042,56,16
2026-06-10T13:40:00Z,145.042,145.063,145.008,145.016,64,13
2026-06-10T13:41:00Z,145.016,145.071,145.014,145.056,66,14
2026-06-10T13:42:00Z,145.056,145.060,144.991,145.015,58,12
2026-06-10T13:43:00Z,145.015,145.072,145.014,145.023,58,12
2026-06-10T13:44:00Z,145.023,145.023,144.965,144.988,70,18
2026-06-10T13:45:00Z,144.988,145.045,144.942,145.041,64,12
2026-06-10T13:46:00Z,145.041,145.077,145.024,145.065,76,16
2026-06-10T13:47:00Z,145.065,145.077,145.043,145.043,72,17
2026-06-10T13:48:00Z,145.043,145.064,144.981,144.981,61,14
2026-06-10T13:49:00Z,144.981,145.015,144.973,144.983,77,13
2026-06-10T13:50:00Z,144.983,144.983,144.925,144.955,78,15
2026-06-10T13:51:00Z,144.955,144.960,144.856,144.857,79,16
2026-06-10T13:52:00Z,144.857,144.870,144.806,144.806,79,14
2026-06-10T13:53:00Z,144.806,144.818,144.786,144.786,78,17
2026-06-10T13:54:00Z,144.786,144.786,144.755,144.772,72,18
2026-06-10T13:55:00Z,144.772,144.819,144.755,144.806,65,12
2026-06-10T13:56:00Z,144.806,144.812,144.754,144.805,67,15
2026-06-10T13:57:00Z,144.805,144.876,144.795,144.834,70,13
2026-06-10T13:58:00Z,144.834,144.877,144.812,144.832,80,15
2026-06-10T13:59:00Z,144.832,144.920,144.832,144.920,76,14
2026-06-11T08:00:00Z,144.649,144.649,144.586,144.586,80,38
2026-06-11T08:01:00Z,144.586,144.666,144.586,144.666,74,45
2026-06-11T08:02:00Z,144.666,144.723,144.666,144.693,82,37
2026-06-11T08:03:00Z,144.693,144.693,144.639,144.657,76,33
2026-06-11T08:04:00Z,144.657,144.657,144.628,144.655,73,44
2026-06-11T08:05:00Z,144.655,144.735,144.655,144.728,69,44
2026-06-11T08:06:00Z,144.728,144.731,144.660,144.660,75,40
2026-06-11T08:07:00Z,144.660,144.742,144.660,144.696,66,40
2026-06-11T08:08:00Z,144.696,144.724,144.656,144.656,70,36
2026-06-11T08:09:00Z,144.656,144.727,144.656,144.698,74,35
2026-06-11T08:10:00Z,144.698,144.698,144.627,144.653,73,35
2026-06-11T08:11:00Z,144.653,144.653,144.609,144.609,76,32
2026-06-11T08:12:00Z,144.609,144.625,144.595,144.602,67,31
2026-06-11T08:13:00Z,144.602,144.627,144.588,144.588,61,26
2026-06-11T08:14:00Z,144.588,144.626,144.583,144.588,75,22
2026-06-11T08:15:00Z,144.588,144.651,144.578,144.651,69,20
2026-06-11T08:16:00Z,144.651,144.652,144.597,144.601,72,24
2026-06-11T08:17:00Z,144.601,144.640,144.541,144.541,65,21
2026-06-11T08:18:00Z,144.541,144.541,144.483,144.511,65,19
2026-06-11T08:19:00Z,144.511,144.511,144.454,144.509,64,20
2026-06-11T08:20:00Z,144.509,144.514,144.460,144.514,67,24
2026-06-11T08:21:00Z,144.514,144.514,144.467,144.467,72,22
2026-06-11T08:22:00Z,144.467,144.597,144.467,144.582,64,20
2026-06-11T08:23:00Z,144.582,144.591,144.562,144.591,62,17
2026-06-11T08:24:00Z,144.591,144.594,144.559,144.561,64,23
2026-06-11T08:25:00Z,144.561,144.659,144.561,144.659,65,19
2026-06-11T08:26:00Z,144.659,144.666,144.610,144.610,69,15
2026-06-11T08:27:00Z,144.610,144.610,144.548,144.562,58,18
2026-06-11T08:28:00Z,144.562,144.562,144.494,144.495,61,15
2026-06-11T08:29:00Z,144.495,144.495,144.448,144.469,60,22
2026-06-11T08:30:00Z,144.469,144.506,144.469,144.497,66,15
2026-06-11T08:31:00Z,144.497,144.513,144.429,144.463,64,19
2026-06-11T08:32:00Z,144.463,144.466,144.425,144.428,55,16
2026-06-11T08:33:00Z,144.428,144.457,144.391,144.457,55,19
2026-06-11T08:34:00Z,144.457,144.473,144.417,144.417,58,20
2026-06-11T08:35:00Z,144.417,144.428,144.341,144.341,56,19
2026-06-11T08:36:00Z,144.341,144.387,144.311,144.340,53,17
2026-06-11T08:37:00Z,144.340,144.352,144.288,144.332,56,15
2026-06-11T08:38:00Z,144.332,144.379,144.332,144.354,59,14
2026-06-11T08:39:00Z,144.354,144.383,144.347,144.382,60,18
2026-06-11T08:40:00Z,144.382,144.425,144.362,144.362,46,18
2026-06-11T08:41:00Z,144.362,144.364,144.286,144.301,51,15
2026-06-11T08:42:00Z,144.301,144.318,144.262,144.318,47,18
2026-06-11T08:43:00Z,144.318,144.318,144.208,144.208,59,17
2026-06-11T08:44:00Z,144.208,144.230,144.165,144.180,60,16
2026-06-11T08:45:00Z,144.180,144.202,144.159,144.181,46,19
2026-06-11T08:46:00Z,144.181,144.181,144.086,144.150,50,19
2026-06-11T08:47:00Z,144.150,144.168,144.112,144.134,56,14
2026-06-11T08:48:00Z,144.134,144.134,144.067,144.068,50,18
2026-06-11T08:49:00Z,144.068,144.116,144.044,144.101,52,18
2026-06-11T08:50:00Z,144.101,144.133,144.097,144.126,52,12
2026-06-11T08:51:00Z,144.126,144.214,144.119,144.202,54,13
2026-06-11T08:52:00Z,144.202,144.208,144.135,144.135,56,16
2026-06-11T08:53:00Z,144.135,144.169,144.113,144.133,40,17
2026-06-11T08:54:00Z,144.133,144.204,144.124,144.204,55,17
2026-06-11T08:55:00Z,144.204,144.204,144.126,144.126,54,16
2026-06-11T08:56:00Z,144.126,144.215,144.126,144.180,43,14
2026-06-11T08:57:00Z,144.180,144.239,144.180,144.239,49,12
2026-06-11T08:58:00Z,144.239,144.342,144.233,144.342,52,12
2026-06-11T08:59:00Z,144.342,144.374,144.321,144.335,49,13
2026-06-11T09:00:00Z,144.335,144.335,144.303,144.318,41,13
2026-06-11T09:01:00Z,144.318,144.327,144.246,144.246,49,15
2026-06-11T09:02:00Z,144.246,144.273,144.226,144.273,45,18
2026-06-11T09:03:00Z,144.273,144.298,144.254,144.276,36,18
2026-06-11T09:04:00Z,144.276,144.285,144.229,144.229,50,17
2026-06-11T09:05:00Z,144.229,144.229,144.188,144.207,50,18
2026-06-11T09:06:00Z,144.207,144.243,144.195,144.199,43,17
2026-06-11T09:07:00Z,144.199,144.269,144.199,144.245,49,14
2026-06-11T09:08:00Z,144.245,144.273,144.217,144.263,36,14
2026-06-11T09:09:00Z,144.263,144.339,144.253,144.322,45,15
2026-06-11T09:10:00Z,144.322,144.369,144.309,144.364,33,15
2026-06-11T09:11:00Z,144.364,144.413,144.348,144.413,36,12
2026-06-11T09:12:00Z,144.413,144.427,144.387,144.387,34,17
2026-06-11T09:13:00Z,144.387,144.404,144.272,144.289,46,15
2026-06-11T09:14:00Z,144.289,144.309,144.267,144.267,40,15
2026-06-11T09:15:00Z,144.267,144.275,144.232,144.253,36,15
2026-06-11T09:16:00Z,144.253,144.289,144.249,144.249,37,14
2026-06-11T09:17:00Z,144.249,144.294,144.245,144.280,37,12
2026-06-11T09:18:00Z,144.280,144.339,144.280,144.326,37,14
2026-06-11T09:19:00Z,144.326,144.338,144.278,144.281,34,17
2026-06-11T09:20:00Z,144.281,144.281,144.199,144.217,45,17
2026-06-11T09:21:00Z,144.217,144.262,144.211,144.218,41,17
2026-06-11T09:22:00Z,144.218,144.218,144.133,144.172,36,17
2026-06-11T09:23:00Z,144.172,144.172,144.119,144.172,36,17
2026-06-11T09:24:00Z,144.172,144.219,144.151,144.151,39,12
2026-06-11T09:25:00Z,144.151,144.167,144.137,144.140,42,14
2026-06-11T09:26:00Z,144.140,144.182,144.134,144.134,32,15
2026-06-11T09:27:00Z,144.134,144.152,144.086,144.088,28,17
2026-06-11T09:28:00Z,144.088,144.088,144.013,144.053,38,12
2026-06-11T09:29:00Z,144.053,144.078,144.045,144.047,29,15
2026-06-11T09:30:00Z,144.047,144.096,144.047,144.072,37,14
2026-06-11T09:31:00Z,144.072,144.102,144.038,144.078,42,18
2026-06-11T09:32:00Z,144.078,144.082,144.055,144.075,34,15
2026-06-11T09:33:00Z,144.075,144.143,144.069,144.138,27,15
2026-06-11T09:34:00Z,144.138,144.138,144.013,144.013,33,14
2026-06-11T09:35:00Z,144.013,144.056,143.996,144.004,32,15
2026-06-11T09:36:00Z,144.004,144.004,143.943,143.979,34,14
2026-06-11T09:37:00Z,143.979,143.979,143.920,143.925,27,12
2026-06-11T09:38:00Z,143.925,143.956,143.914,143.933,34,15
2026-06-11T09:39:00Z,143.933,143.981,143.920,143.954,24,16
2026-06-11T09:40:00Z,143.954,143.957,143.925,143.953,28,12
2026-06-11T09:41:00Z,143.953,143.953,143.904,143.920,31,18
2026-06-11T09:42:00Z,143.920,143.968,143.920,143.952,29,18
2026-06-11T09:43:00Z,143.952,143.974,143.913,143.936,35,15
2026-06-11T09:44:00Z,143.936,143.982,143.935,143.982,23,14
2026-06-11T09:45:00Z,143.982,143.991,143.966,143.983,36,13
2026-06-11T09:46:00Z,143.983,144.045,143.983,144.007,37,14
2026-06-11T09:47:00Z,144.007,144.069,144.003,144.025,31,15
2026-06-11T09:48:00Z,144.025,144.060,144.021,144.060,30,13
2026-06-11T09:49:00Z,144.060,144.060,143.994,143.994,23,13
2026-06-11T09:50:00Z,143.994,144.078,143.994,144.066,27,14
2026-06-11T09:51:00Z,144.066,144.077,144.040,144.046,25,13
2026-06-11T09:52:00Z,144.046,144.046,143.985,143.985,27,14
2026-06-11T09:53:00Z,143.985,144.060,143.985,144.023,23,13
2026-06-11T09:54:00Z,144.023,144.030,143.971,143.974,35,17
2026-06-11T09:55:00Z,143.974,143.974,143.903,143.905,36,18
2026-06-11T09:56:00Z,143.905,143.970,143.905,143.967,34,17
2026-06-11T09:57:00Z,143.967,143.968,143.939,143.942,36,18
2026-06-11T09:58:00Z,143.942,143.961,143.905,143.937,23,18
2026-06-11T09:59:00Z,143.937,143.941,143.917,143.918,26,17
2026-06-11T10:00:00Z,143.918,143.948,143.918,143.932,22,17
2026-06-11T10:01:00Z,143.932,143.995,143.932,143.981,22,18
2026-06-11T10:02:00Z,143.981,144.037,143.933,144.037,21,12
2026-06-11T10:03:00Z,144.037,144.037,143.959,143.959,21,13
2026-06-11T10:04:00Z,143.959,144.040,143.959,144.027,18,17
2026-06-11T10:05:00Z,144.027,144.033,143.938,143.950,29,15
2026-06-11T10:06:00Z,143.950,143.950,143.905,143.908,28,17
2026-06-11T10:07:00Z,143.908,143.910,143.871,143.887,20,18
2026-06-11T10:08:00Z,143.887,143.887,143.799,143.823,21,14
2026-06-11T10:09:00Z,143.823,143.895,143.823,143.883,23,16
2026-06-11T10:10:00Z,143.883,143.883,143.800,143.811,21,16
2026-06-11T10:11:00Z,143.811,143.811,143.775,143.794,24,14
2026-06-11T10:12:00Z,143.794,143.801,143.747,143.762,31,14
2026-06-11T10:13:00Z,143.762,143.875,143.762,143.809,30,16
2026-06-11T10:14:00Z,143.809,143.835,143.799,143.826,23,14
2026-06-11T10:15:00Z,143.826,143.847,143.819,143.825,18,18
2026-06-11T10:16:00Z,143.825,143.875,143.825,143.845,17,14
2026-06-11T10:17:00Z,143.845,143.895,143.834,143.852,24,14
2026-06-11T10:18:00Z,143.852,143.853,143.821,143.838,30,12
2026-06-11T10:19:00Z,143.838,143.852,143.782,143.840,19,17
2026-06-11T10:20:00Z,143.840,143.911,143.829,143.869,19,18
2026-06-11T10:21:00Z,143.869,143.975,143.869,143.924,24,18
2026-06-11T10:22:00Z,143.924,143.924,143.819,143.864,28,15
2026-06-11T10:23:00Z,143.864,143.880,143.837,143.842,28,14
2026-06-11T10:24:00Z,143.842,143.889,143.841,143.868,18,17
2026-06-11T10:25:00Z,143.868,143.892,143.838,143.843,24,15
2026-06-11T10:26:00Z,143.843,143.939,143.843,143.939,23,15
2026-06-11T10:27:00Z,143.939,144.014,143.939,144.006,18,17
2026-06-11T10:28:00Z,144.006,144.079,144.006,144.078,28,14
2026-06-11T10:29:00Z,144.078,144.084,144.036,144.058,22,12
2026-06-11T10:30:00Z,144.058,144.169,144.058,144.169,27,12
2026-06-11T10:31:00Z,144.169,144.219,144.153,144.153,25,13
2026-06-11T10:32:00Z,144.153,144.216,144.153,144.216,16,18
2026-06-11T10:33:00Z,144.216,144.256,144.210,144.226,30,18
2026-06-11T10:34:00Z,144.226,144.252,144.217,144.221,21,12
2026-06-11T10:35:00Z,144.221,144.228,144.146,144.146,29,14
2026-06-11T10:36:00Z,144.146,144.189,144.141,144.141,27,16
2026-06-11T10:37:00Z,144.141,144.167,144.105,144.105,18,12
2026-06-11T10:38:00Z,144.105,144.108,144.028,144.080,28,16
2026-06-11T10:39:00Z,144.080,144.103,144.063,144.067,24,17
2026-06-11T10:40:00Z,144.067,144.073,144.014,144.035,21,18
2026-06-11T10:41:00Z,144.035,144.043,144.012,144.030,30,17
2026-06-11T10:42:00Z,144.030,144.030,143.965,143.988,23,13
2026-06-11T10:43:00Z,143.988,143.998,143.965,143.998,13,15
2026-06-11T10:44:00Z,143.998,144.001,143.958,143.960,24,18
2026-06-11T10:45:00Z,143.960,143.992,143.932,143.932,23,14
2026-06-11T10:46:00Z,143.932,143.932,143.843,143.849,18,12
2026-06-11T10:47:00Z,143.849,143.859,143.792,143.792,15,15
2026-06-11T10:48:00Z,143.792,143.808,143.732,143.808,16,18
2026-06-11T10:49:00Z,143.808,143.818,143.767,143.777,14,12
2026-06-11T10:50:00Z,143.777,143.834,143.777,143.784,20,14
2026-06-11T10:51:00Z,143.784,143.840,143.759,143.840,23,12
2026-06-11T10:52:00Z,143.840,143.862,143.796,143.834,29,17
2026-06-11T10:53:00Z,143.834,143.923,143.806,143.923,25,18
2026-06-11T10:54:00Z,143.923,143.951,143.881,143.881,27,16
2026-06-11T10:55:00Z,143.881,143.881,143.840,143.857,27,17
2026-06-11T10:56:00Z,143.857,143.857,143.787,143.789,21,15
2026-06-11T10:57:00Z,143.789,143.790,143.685,143.709,19,18
2026-06-11T10:58:00Z,143.709,143.709,143.600,143.600,24,13
2026-06-11T10:59:00Z,143.600,143.602,143.515,143.515,20,13
2026-06-11T11:00:00Z,143.515,143.559,143.515,143.546,13,12
2026-06-11T11:01:00Z,143.546,143.557,143.525,143.529,22,15
2026-06-11T11:02:00Z,143.529,143.563,143.522,143.522,19,15
2026-06-11T11:03:00Z,143.522,143.587,143.522,143.568,21,16
2026-06-11T11:04:00Z,143.568,143.572,143.529,143.569,24,15
2026-06-11T11:05:00Z,143.569,143.581,143.537,143.581,20,18
2026-06-11T11:06:00Z,143.581,143.605,143.564,143.605,19,15
2026-06-11T11:07:00Z,143.605,143.644,143.567,143.618,15,12
2026-06-11T11:08:00Z,143.618,143.646,143.603,143.636,20,14
2026-06-11T11:09:00Z,143.636,143.636,143.559,143.587,13,15
2026-06-11T11:10:00Z,143.587,143.650,143.580,143.650,15,18
2026-06-11T11:11:00Z,143.650,143.736,143.650,143.704,28,17
2026-06-11T11:12:00Z,143.704,143.763,143.686,143.737,28,18
2026-06-11T11:13:00Z,143.737,143.761,143.722,143.727,18,15
2026-06-11T11:14:00Z,143.727,143.771,143.727,143.738,25,12
2026-06-11T11:15:00Z,143.738,143.793,143.703,143.793,27,18
2026-06-11T11:16:00Z,143.793,143.843,143.770,143.822,16,18
2026-06-11T11:17:00Z,143.822,143.854,143.817,143.832,16,15
2026-06-11T11:18:00Z,143.832,143.834,143.784,143.784,21,17
2026-06-11T11:19:00Z,143.784,143.892,143.784,143.892,26,13
2026-06-11T11:20:00Z,143.892,143.911,143.880,143.880,24,14
2026-06-11T11:21:00Z,143.880,143.916,143.865,143.915,29,17
2026-06-11T11:22:00Z,143.915,143.931,143.887,143.931,24,18
2026-06-11T11:23:00Z,143.931,143.997,143.924,143.965,29,13
2026-06-11T11:24:00Z,143.965,144.017,143.955,144.014,22,17
2026-06-11T11:25:00Z,144.014,144.016,143.952,144.016,28,13
2026-06-11T11:26:00Z,144.016,144.057,144.013,144.049,18,17
2026-06-11T11:27:00Z,144.049,144.059,144.028,144.056,24,13
2026-06-11T11:28:00Z,144.056,144.090,144.048,144.071,27,17
2026-06-11T11:29:00Z,144.071,144.107,144.054,144.092,30,13
2026-06-11T11:30:00Z,144.092,144.100,144.073,144.100,23,12
2026-06-11T11:31:00Z,144.100,144.160,144.100,144.154,28,16
2026-06-11T11:32:00Z,144.154,144.157,144.079,144.085,16,15
2026-06-11T11:33:00Z,144.085,144.141,144.085,144.120,22,12
2026-06-11T11:34:00Z,144.120,144.176,144.120,144.172,24,12
2026-06-11T11:35:00Z,144.172,144.172,144.114,144.119,22,17
2026-06-11T11:36:00Z,144.119,144.119,144.006,144.013,22,17
2026-06-11T11:37:00Z,144.013,144.061,144.012,144.046,29,13
2026-06-11T11:38:00Z,144.046,144.109,144.046,144.063,18,16
2026-06-11T11:39:00Z,144.063,144.111,144.058,144.103,28,12
2026-06-11T11:40:00Z,144.103,144.103,143.994,144.013,23,15
2026-06-11T11:41:00Z,144.013,144.041,143.992,143.992,31,18
2026-06-11T11:42:00Z,143.992,143.992,143.946,143.954,30,18
2026-06-11T11:43:00Z,143.954,143.997,143.929,143.997,31,12
2026-06-11T11:44:00Z,143.997,143.997,143.896,143.907,26,12
2026-06-11T11:45:00Z,143.907,143.967,143.907,143.946,21,17
2026-06-11T11:46:00Z,143.946,143.969,143.932,143.938,22,12
2026-06-11T11:47:00Z,143.938,144.063,143.938,144.063,22,13
2026-06-11T11:48:00Z,144.063,144.089,144.021,144.089,33,15
2026-06-11T11:49:00Z,144.089,144.138,144.083,144.128,33,12
2026-06-11T11:50:00Z,144.128,144.177,144.128,144.135,25,17
2026-06-11T11:51:00Z,144.135,144.186,144.135,144.147,20,12
2026-06-11T11:52:00Z,144.147,144.158,144.079,144.079,23,14
2026-06-11T11:53:00Z,144.079,144.159,144.074,144.148,30,15
2026-06-11T11:54:00Z,144.148,144.148,144.070,144.075,34,17
2026-06-11T11:55:00Z,144.075,144.139,144.068,144.139,18,16
2026-06-11T11:56:00Z,144.139,144.157,144.113,144.157,28,12
2026-06-11T11:57:00Z,144.157,144.165,144.134,144.146,32,16
2026-06-11T11:58:00Z,144.146,144.181,144.131,144.165,30,14
2026-06-11T11:59:00Z,144.165,144.174,144.155,144.170,21,13
2026-06-11T12:00:00Z,144.170,144.190,144.164,144.165,24,12
2026-06-11T12:01:00Z,144.165,144.201,144.149,144.154,35,17
2026-06-11T12:02:00Z,144.154,144.155,144.092,144.100,28,17
2026-06-11T12:03:00Z,144.100,144.171,144.084,144.124,27,18
2026-06-11T12:04:00Z,144.124,144.162,144.098,144.121,35,17
2026-06-11T12:05:00Z,144.121,144.121,144.062,144.086,34,16
2026-06-11T12:06:00Z,144.086,144.091,144.047,144.051,33,16
2026-06-11T12:07:00Z,144.051,144.095,144.034,144.087,21,17
2026-06-11T12:08:00Z,144.087,144.111,144.072,144.105,21,17
2026-06-11T12:09:00Z,144.105,144.144,144.087,144.117,21,14
2026-06-11T12:10:00Z,144.117,144.162,144.064,144.064,29,14
2026-06-11T12:11:00Z,144.064,144.076,144.044,144.044,29,13
2026-06-11T12:12:00Z,144.044,144.126,144.044,144.106,28,17
2026-06-11T12:13:00Z,144.106,144.106,143.989,143.997,34,16
2026-06-11T12:14:00Z,143.997,144.014,143.984,144.008,32,16
2026-06-11T12:15:00Z,144.008,144.103,144.008,144.071,36,14
2026-06-11T12:16:00Z,144.071,144.071,143.985,143.998,26,16
2026-06-11T12:17:00Z,143.998,144.028,143.906,143.924,27,14
2026-06-11T12:18:00Z,143.924,143.984,143.895,143.984,36,17
2026-06-11T12:19:00Z,143.984,143.990,143.943,143.943,39,15
2026-06-11T12:20:00Z,143.943,143.943,143.869,143.869,25,18
2026-06-11T12:21:00Z,143.869,143.932,143.860,143.932,28,15
2026-06-11T12:22:00Z,143.932,143.979,143.932,143.967,34,16
2026-06-11T12:23:00Z,143.967,143.967,143.925,143.926,26,16
2026-06-11T12:24:00Z,143.926,143.930,143.872,143.900,37,13
2026-06-11T12:25:00Z,143.900,143.943,143.900,143.927,30,16
2026-06-11T12:26:00Z,143.927,143.949,143.905,143.905,37,14
2026-06-11T12:27:00Z,143.905,143.941,143.867,143.874,37,12
2026-06-11T12:28:00Z,143.874,143.895,143.841,143.888,42,15
2026-06-11T12:29:00Z,143.888,143.907,143.857,143.858,29,15
2026-06-11T12:30:00Z,143.858,143.881,143.798,143.801,35,17
2026-06-11T12:31:00Z,143.801,143.801,143.721,143.738,34,17
2026-06-11T12:32:00Z,143.738,143.766,143.699,143.712,30,12
2026-06-11T12:33:00Z,143.712,143.756,143.712,143.747,38,17
2026-06-11T12:34:00Z,143.747,143.800,143.726,143.800,33,12
2026-06-11T12:35:00Z,143.800,143.840,143.794,143.840,33,14
2026-06-11T12:36:00Z,143.840,143.896,143.827,143.860,31,14
2026-06-11T12:37:00Z,143.860,143.902,143.838,143.902,29,15
2026-06-11T12:38:00Z,143.902,143.902,143.868,143.894,36,16
2026-06-11T12:39:00Z,143.894,143.935,143.894,143.920,43,17
2026-06-11T12:40:00Z,143.920,143.922,143.895,143.913,45,18
2026-06-11T12:41:00Z,143.913,143.939,143.845,143.848,36,15
2026-06-11T12:42:00Z,143.848,143.915,143.831,143.905,39,13
2026-06-11T12:43:00Z,143.905,143.929,143.878,143.889,39,15
2026-06-11T12:44:00Z,143.889,143.936,143.889,143.910,33,18
2026-06-11T12:45:00Z,143.910,143.922,143.865,143.922,47,18
2026-06-11T12:46:00Z,143.922,143.972,143.918,143.957,46,15
2026-06-11T12:47:00Z,143.957,143.957,143.910,143.953,33,13
2026-06-11T12:48:00Z,143.953,143.953,143.916,143.931,42,16
2026-06-11T12:49:00Z,143.931,143.945,143.837,143.847,42,17
2026-06-11T12:50:00Z,143.847,143.847,143.775,143.775,41,16
2026-06-11T12:51:00Z,143.775,143.793,143.735,143.735,40,13
2026-06-11T12:52:00Z,143.735,143.756,143.702,143.702,39,14
2026-06-11T12:53:00Z,143.702,143.734,143.678,143.728,43,17
2026-06-11T12:54:00Z,143.728,143.757,143.701,143.701,41,17
2026-06-11T12:55:00Z,143.701,143.725,143.696,143.699,38,15
2026-06-11T12:56:00Z,143.699,143.716,143.672,143.678,41,14
2026-06-11T12:57:00Z,143.678,143.726,143.677,143.726,42,13
2026-06-11T12:58:00Z,143.726,143.729,143.690,143.707,48,18
2026-06-11T12:59:00Z,143.707,143.744,143.680,143.699,49,18
2026-06-11T13:00:00Z,143.699,143.718,143.616,143.624,51,16
2026-06-11T13:01:00Z,143.624,143.624,143.589,143.622,48,15
2026-06-11T13:02:00Z,143.622,143.694,143.622,143.682,45,16
2026-06-11T13:03:00Z,143.682,143.719,143.670,143.713,47,17
2026-06-11T13:04:00Z,143.713,143.713,143.611,143.611,45,16
2026-06-11T13:05:00Z,143.611,143.693,143.611,143.680,52,16
2026-06-11T13:06:00Z,143.680,143.721,143.680,143.702,41,14
2026-06-11T13:07:00Z,143.702,143.702,143.648,143.673,51,17
2026-06-11T13:08:00Z,143.673,143.708,143.661,143.676,57,12
2026-06-11T13:09:00Z,143.676,143.722,143.668,143.716,48,14
2026-06-11T13:10:00Z,143.716,143.716,143.664,143.673,44,14
2026-06-11T13:11:00Z,143.673,143.689,143.663,143.669,56,15
2026-06-11T13:12:00Z,143.669,143.726,143.663,143.710,46,18
2026-06-11T13:13:00Z,143.710,143.728,143.653,143.653,49,16
2026-06-11T13:14:00Z,143.653,143.725,143.653,143.725,57,17
2026-06-11T13:15:00Z,143.725,143.825,143.725,143.810,46,13
2026-06-11T13:16:00Z,143.810,143.868,143.793,143.797,52,12
2026-06-11T13:17:00Z,143.797,143.831,143.791,143.791,45,12
2026-06-11T13:18:00Z,143.791,143.824,143.768,143.812,53,16
2026-06-11T13:19:00Z,143.812,143.847,143.806,143.838,62,17
2026-06-11T13:20:00Z,143.838,143.847,143.783,143.829,49,16
2026-06-11T13:21:00Z,143.829,143.913,143.829,143.900,54,13
2026-06-11T13:22:00Z,143.900,143.946,143.899,143.922,60,17
2026-06-11T13:23:00Z,143.922,143.967,143.915,143.930,62,13
2026-06-11T13:24:00Z,143.930,143.930,143.861,143.887,64,18
2026-06-11T13:25:00Z,143.887,143.887,143.809,143.823,51,13
2026-06-11T13:26:00Z,143.823,143.888,143.823,143.881,50,18
2026-06-11T13:27:00Z,143.881,143.935,143.881,143.935,62,13
2026-06-11T13:28:00Z,143.935,144.001,143.933,143.983,64,16
2026-06-11T13:29:00Z,143.983,144.015,143.903,143.924,63,17
2026-06-11T13:30:00Z,143.924,143.934,143.899,143.924,56,16
2026-06-11T13:31:00Z,143.924,143.924,143.877,143.899,54,14
2026-06-11T13:32:00Z,143.899,143.899,143.855,143.863,53,15
2026-06-11T13:33:00Z,143.863,143.945,143.858,143.939,55,13
2026-06-11T13:34:00Z,143.939,143.939,143.890,143.928,66,12
2026-06-11T13:35:00Z,143.928,143.981,143.917,143.966,62,12
2026-06-11T13:36:00Z,143.966,144.013,143.962,144.001,62,18
2026-06-11T13:37:00Z,144.001,144.059,143.968,144.059,57,16
2026-06-11T13:38:00Z,144.059,144.059,143.970,143.970,62,17
2026-06-11T13:39:00Z,143.970,144.029,143.969,144.021,65,12
2026-06-11T13:40:00Z,144.021,144.062,144.013,144.062,57,15
2026-06-11T13:41:00Z,144.062,144.090,144.041,144.090,66,14
2026-06-11T13:42:00Z,144.090,144.132,144.074,144.132,68,17
2026-06-11T13:43:00Z,144.132,144.144,144.110,144.132,69,12
2026-06-11T13:44:00Z,144.132,144.134,144.069,144.081,73,17
2026-06-11T13:45:00Z,144.081,144.110,144.065,144.094,70,12
2026-06-11T13:46:00Z,144.094,144.129,144.082,144.108,74,16
2026-06-11T13:47:00Z,144.108,144.180,144.108,144.152,65,17
2026-06-11T13:48:00Z,144.152,144.250,144.152,144.248,69,14
2026-06-11T13:49:00Z,144.248,144.262,144.218,144.221,71,12
2026-06-11T13:50:00Z,144.221,144.228,144.186,144.215,75,12
2026-06-11T13:51:00Z,144.215,144.239,144.180,144.239,72,18
2026-06-11T13:52:00Z,144.239,144.239,144.218,144.227,77,14
2026-06-11T13:53:00Z,144.227,144.231,144.191,144.193,72,12
2026-06-11T13:54:00Z,144.193,144.204,144.160,144.165,79,16
2026-06-11T13:55:00Z,144.165,144.177,144.117,144.121,70,16
2026-06-11T13:56:00Z,144.121,144.134,144.076,144.091,71,15
2026-06-11T13:57:00Z,144.091,144.127,144.086,144.101,70,15
2026-06-11T13:58:00Z,144.101,144.144,144.098,144.140,72,12
2026-06-11T13:59:00Z,144.140,144.172,144.114,144.136,69,13
2026-06-12T08:00:00Z,143.809,143.809,143.705,143.705,71,42
2026-06-12T08:01:00Z,143.705,143.744,143.693,143.744,81,42
2026-06-12T08:02:00Z,143.744,143.779,143.744,143.747,74,49
2026-06-12T08:03:00Z,143.747,143.818,143.744,143.818,73,43
2026-06-12T08:04:00Z,143.818,143.836,143.792,143.806,72,39
2026-06-12T08:05:00Z,143.806,143.826,143.750,143.750,74,42
2026-06-12T08:06:00Z,143.750,143.750,143.696,143.696,72,37
2026-06-12T08:07:00Z,143.696,143.727,143.680,143.704,78,33
2026-06-12T08:08:00Z,143.704,143.727,143.689,143.698,79,36
2026-06-12T08:09:00Z,143.698,143.707,143.634,143.640,71,31
2026-06-12T08:10:00Z,143.640,143.640,143.561,143.592,74,31
2026-06-12T08:11:00Z,143.592,143.592,143.517,143.518,66,30
2026-06-12T08:12:00Z,143.518,143.544,143.515,143.523,65,27
2026-06-12T08:13:00Z,143.523,143.526,143.481,143.504,76,30
2026-06-12T08:14:00Z,143.504,143.555,143.498,143.535,60,29
2026-06-12T08:15:00Z,143.535,143.559,143.528,143.546,75,26
2026-06-12T08:16:00Z,143.546,143.551,143.498,143.532,59,25
2026-06-12T08:17:00Z,143.532,143.533,143.486,143.486,64,20
2026-06-12T08:18:00Z,143.486,143.547,143.479,143.518,66,24
2026-06-12T08:19:00Z,143.518,143.557,143.518,143.541,62,19
2026-06-12T08:20:00Z,143.541,143.555,143.462,143.476,69,20
2026-06-12T08:21:00Z,143.476,143.508,143.471,143.473,60,19
2026-06-12T08:22:00Z,143.473,143.528,143.458,143.528,71,18
2026-06-12T08:23:00Z,143.528,143.570,143.516,143.566,66,24
2026-06-12T08:24:00Z,143.566,143.599,143.544,143.599,62,21
2026-06-12T08:25:00Z,143.599,143.670,143.574,143.670,68,23
2026-06-12T08:26:00Z,143.670,143.682,143.613,143.625,63,19
2026-06-12T08:27:00Z,143.625,143.697,143.611,143.687,57,21
2026-06-12T08:28:00Z,143.687,143.694,143.647,143.655,55,17
2026-06-12T08:29:00Z,143.655,143.720,143.655,143.716,61,19
2026-06-12T08:30:00Z,143.716,143.724,143.673,143.688,58,14
2026-06-12T08:31:00Z,143.688,143.696,143.642,143.642,67,15
2026-06-12T08:32:00Z,143.642,143.685,143.617,143.685,52,14
2026-06-12T08:33:00Z,143.685,143.696,143.660,143.661,62,15
2026-06-12T08:34:00Z,143.661,143.716,143.661,143.680,61,14
2026-06-12T08:35:00Z,143.680,143.707,143.642,143.707,63,20
2026-06-12T08:36:00Z,143.707,143.757,143.707,143.728,64,19
2026-06-12T08:37:00Z,143.728,143.728,143.675,143.681,57,14
2026-06-12T08:38:00Z,143.681,143.705,143.657,143.657,47,13
2026-06-12T08:39:00Z,143.657,143.669,143.630,143.633,49,16
2026-06-12T08:40:00Z,143.633,143.686,143.633,143.686,48,16
2026-06-12T08:41:00Z,143.686,143.765,143.684,143.764,62,18
2026-06-12T08:42:00Z,143.764,143.769,143.722,143.741,52,13
2026-06-12T08:43:00Z,143.741,143.779,143.698,143.745,49,13
2026-06-12T08:44:00Z,143.745,143.808,143.709,143.808,58,18
2026-06-12T08:45:00Z,143.808,143.862,143.795,143.834,54,13
2026-06-12T08:46:00Z,143.834,143.850,143.802,143.822,52,17
2026-06-12T08:47:00Z,143.822,143.843,143.803,143.843,47,15
2026-06-12T08:48:00Z,143.843,143.866,143.816,143.866,57,18
2026-06-12T08:49:00Z,143.866,143.957,143.866,143.946,47,19
2026-06-12T08:50:00Z,143.946,143.980,143.931,143.980,57,12
2026-06-12T08:51:00Z,143.980,143.980,143.889,143.889,49,17
2026-06-12T08:52:00Z,143.889,143.947,143.889,143.947,42,16
2026-06-12T08:53:00Z,143.947,143.978,143.890,143.903,47,13
2026-06-12T08:54:00Z,143.903,143.933,143.851,143.863,54,13
2026-06-12T08:55:00Z,143.863,143.915,143.838,143.915,39,15
2026-06-12T08:56:00Z,143.915,143.953,143.903,143.953,49,14
2026-06-12T08:57:00Z,143.953,143.969,143.917,143.931,53,12
2026-06-12T08:58:00Z,143.931,143.994,143.887,143.994,52,16
2026-06-12T08:59:00Z,143.994,144.016,143.982,144.002,49,14
2026-06-12T09:00:00Z,144.002,144.068,143.995,144.068,37,15
2026-06-12T09:01:00Z,144.068,144.068,144.024,144.024,52,15
2026-06-12T09:02:00Z,144.024,144.094,144.024,144.066,42,12
2026-06-12T09:03:00Z,144.066,144.083,144.024,144.024,45,17
2026-06-12T09:04:00Z,144.024,144.065,144.005,144.065,39,12
2026-06-12T09:05:00Z,144.065,144.106,144.065,144.083,37,18
2026-06-12T09:06:00Z,144.083,144.083,144.041,144.063,36,12
2026-06-12T09:07:00Z,144.063,144.095,144.042,144.072,51,18
2026-06-12T09:08:00Z,144.072,144.083,144.007,144.083,50,12
2026-06-12T09:09:00Z,144.083,144.089,144.034,144.089,42,17
2026-06-12T09:10:00Z,144.089,144.122,144.084,144.110,44,12
2026-06-12T09:11:00Z,144.110,144.110,144.056,144.085,33,17
2026-06-12T09:12:00Z,144.085,144.093,144.043,144.063,39,12
2026-06-12T09:13:00Z,144.063,144.149,144.029,144.149,44,16
2026-06-12T09:14:00Z,144.149,144.152,144.109,144.140,44,17
2026-06-12T09:15:00Z,144.140,144.142,144.104,144.135,40,17
2026-06-12T09:16:00Z,144.135,144.189,144.127,144.189,34,18
2026-06-12T09:17:00Z,144.189,144.199,144.133,144.133,31,14
2026-06-12T09:18:00Z,144.133,144.226,144.127,144.226,41,13
2026-06-12T09:19:00Z,144.226,144.252,144.188,144.188,41,16
2026-06-12T09:20:00Z,144.188,144.237,144.184,144.200,32,18
2026-06-12T09:21:00Z,144.200,144.257,144.195,144.220,36,12
2026-06-12T09:22:00Z,144.220,144.220,144.144,144.185,35,15
2026-06-12T09:23:00Z,144.185,144.187,144.085,144.085,44,18
2026-06-12T09:24:00Z,144.085,144.085,144.015,144.015,42,16
2026-06-12T09:25:00Z,144.015,144.064,143.964,144.064,42,15
2026-06-12T09:26:00Z,144.064,144.064,143.965,143.965,41,17
2026-06-12T09:27:00Z,143.965,143.973,143.917,143.947,40,17
2026-06-12T09:28:00Z,143.947,143.950,143.925,143.932,28,14
2026-06-12T09:29:00Z,143.932,143.932,143.840,143.872,43,13
2026-06-12T09:30:00Z,143.872,143.883,143.819,143.819,39,15
2026-06-12T09:31:00Z,143.819,143.831,143.792,143.831,29,14
2026-06-12T09:32:00Z,143.831,143.861,143.807,143.839,28,13
2026-06-12T09:33:00Z,143.839,143.845,143.817,143.839,28,12
2026-06-12T09:34:00Z,143.839,143.839,143.802,143.829,30,18
2026-06-12T09:35:00Z,143.829,143.829,143.792,143.794,37,12
2026-06-12T09:36:00Z,143.794,143.794,143.763,143.790,31,15
2026-06-12T09:37:00Z,143.790,143.827,143.744,143.822,34,18
2026-06-12T09:38:00Z,143.822,143.833,143.780,143.830,24,17
2026-06-12T09:39:00Z,143.830,143.848,143.790,143.834,29,18
2026-06-12T09:40:00Z,143.834,143.871,143.834,143.849,30,15
2026-06-12T09:41:00Z,143.849,143.866,143.808,143.854,29,17
2026-06-12T09:42:00Z,143.854,143.895,143.842,143.850,23,15
2026-06-12T09:43:00Z,143.850,143.850,143.739,143.739,34,14
2026-06-12T09:44:00Z,143.739,143.787,143.728,143.777,38,17
2026-06-12T09:45:00Z,143.777,143.819,143.775,143.785,36,14
2026-06-12T09:46:00Z,143.785,143.880,143.782,143.880,24,17
2026-06-12T09:47:00Z,143.880,143.894,143.813,143.830,37,14
2026-06-12T09:48:00Z,143.830,143.836,143.773,143.794,22,14
2026-06-12T09:49:00Z,143.794,143.880,143.781,143.880,36,17
2026-06-12T09:50:00Z,143.880,143.911,143.857,143.900,29,13
2026-06-12T09:51:00Z,143.900,143.900,143.799,143.817,31,15
2026-06-12T09:52:00Z,143.817,143.840,143.789,143.798,28,17
2026-06-12T09:53:00Z,143.798,143.811,143.771,143.772,30,12
2026-06-12T09:54:00Z,143.772,143.798,143.743,143.791,32,17
2026-06-12T09:55:00Z,143.791,143.795,143.731,143.753,36,12
2026-06-12T09:56:00Z,143.753,143.753,143.714,143.718,28,17
2026-06-12T09:57:00Z,143.718,143.720,143.688,143.689,26,14
2026-06-12T09:58:00Z,143.689,143.715,143.683,143.683,35,12
2026-06-12T09:59:00Z,143.683,143.692,143.638,143.651,21,14
2026-06-12T10:00:00Z,143.651,143.659,143.621,143.621,27,15
2026-06-12T10:01:00Z,143.621,143.663,143.616,143.663,22,17
2026-06-12T10:02:00Z,143.663,143.688,143.651,143.688,25,15
2026-06-12T10:03:00Z,143.688,143.691,143.655,143.658,34,13
2026-06-12T10:04:00Z,143.658,143.658,143.602,143.605,20,14
2026-06-12T10:05:00Z,143.605,143.605,143.484,143.513,32,16
2026-06-12T10:06:00Z,143.513,143.577,143.513,143.559,23,17
2026-06-12T10:07:00Z,143.559,143.605,143.558,143.594,30,17
2026-06-12T10:08:00Z,143.594,143.608,143.555,143.555,22,14
2026-06-12T10:09:00Z,143.555,143.561,143.519,143.550,31,13
2026-06-12T10:10:00Z,143.550,143.550,143.463,143.509,28,15
2026-06-12T10:11:00Z,143.509,143.548,143.509,143.539,28,17
2026-06-12T10:12:00Z,143.539,143.552,143.481,143.518,20,16
2026-06-12T10:13:00Z,143.518,143.586,143.507,143.578,31,18
2026-06-12T10:14:00Z,143.578,143.605,143.552,143.605,26,18
2026-06-12T10:15:00Z,143.605,143.677,143.558,143.677,20,16
2026-06-12T10:16:00Z,143.677,143.694,143.637,143.637,17,13
2026-06-12T10:17:00Z,143.637,143.742,143.637,143.737,28,12
2026-06-12T10:18:00Z,143.737,143.789,143.731,143.771,22,17
2026-06-12T10:19:00Z,143.771,143.813,143.771,143.787,29,14
2026-06-12T10:20:00Z,143.787,143.797,143.747,143.752,29,18
2026-06-12T10:21:00Z,143.752,143.752,143.689,143.743,22,15
2026-06-12T10:22:00Z,143.743,143.805,143.740,143.805,15,16
2026-06-12T10:23:00Z,143.805,143.833,143.805,143.826,25,14
2026-06-12T10:24:00Z,143.826,143.880,143.818,143.880,17,18
2026-06-12T10:25:00Z,143.880,143.880,143.840,143.861,24,13
2026-06-12T10:26:00Z,143.861,143.904,143.861,143.868,15,13
2026-06-12T10:27:00Z,143.868,143.948,143.868,143.948,25,14
2026-06-12T10:28:00Z,143.948,143.966,143.905,143.912,18,16
2026-06-12T10:29:00Z,143.912,143.951,143.912,143.929,18,14
2026-06-12T10:30:00Z,143.929,143.960,143.907,143.921,16,13
2026-06-12T10:31:00Z,143.921,143.941,143.892,143.892,23,18
2026-06-12T10:32:00Z,143.892,143.905,143.858,143.867,29,12
2026-06-12T10:33:00Z,143.867,143.879,143.853,143.863,24,12
2026-06-12T10:34:00Z,143.863,143.879,143.844,143.846,30,15
2026-06-12T10:35:00Z,143.846,143.846,143.799,143.815,28,17
2026-06-12T10:36:00Z,143.815,143.877,143.815,143.861,24,12
2026-06-12T10:37:00Z,143.861,143.890,143.845,143.845,17,13
2026-06-12T10:38:00Z,143.845,143.928,143.827,143.926,25,12
2026-06-12T10:39:00Z,143.926,143.926,143.845,143.845,30,14
2026-06-12T10:40:00Z,143.845,143.885,143.823,143.823,27,14
2026-06-12T10:41:00Z,143.823,143.891,143.823,143.882,25,14
2026-06-12T10:42:00Z,143.882,143.957,143.882,143.957,18,15
2026-06-12T10:43:00Z,143.957,143.978,143.930,143.930,14,13
2026-06-12T10:44:00Z,143.930,143.937,143.882,143.937,21,13
2026-06-12T10:45:00Z,143.937,144.021,143.931,144.016,17,18
2026-06-12T10:46:00Z,144.016,144.040,143.961,144.040,17,12
2026-06-12T10:47:00Z,144.040,144.062,143.985,143.985,27,16
2026-06-12T10:48:00Z,143.985,143.998,143.940,143.995,24,16
2026-06-12T10:49:00Z,143.995,144.049,143.995,144.022,21,16
2026-06-12T10:50:00Z,144.022,144.109,144.007,144.109,17,17
2026-06-12T10:51:00Z,144.109,144.129,144.090,144.105,17,12
2026-06-12T10:52:00Z,144.105,144.106,144.042,144.060,18,17
2026-06-12T10:53:00Z,144.060,144.060,144.009,144.009,28,12
2026-06-12T10:54:00Z,144.009,144.050,144.009,144.021,21,16
2026-06-12T10:55:00Z,144.021,144.055,144.016,144.021,23,12
2026-06-12T10:56:00Z,144.021,144.075,144.020,144.072,17,12
2026-06-12T10:57:00Z,144.072,144.122,144.067,144.110,22,16
2026-06-12T10:58:00Z,144.110,144.130,144.071,144.104,13,14
2026-06-12T10:59:00Z,144.104,144.139,144.103,144.121,27,12
2026-06-12T11:00:00Z,144.121,144.121,144.028,144.056,18,15
2026-06-12T11:01:00Z,144.056,144.124,144.042,144.070,16,13
2026-06-12T11:02:00Z,144.070,144.075,144.036,144.036,17,17
2026-06-12T11:03:00Z,144.036,144.097,144.036,144.053,22,13
2026-06-12T11:04:00Z,144.053,144.092,144.047,144.047,13,18
2026-06-12T11:05:00Z,144.047,144.061,144.011,144.042,25,16
2026-06-12T11:06:00Z,144.042,144.070,144.029,144.055,13,17
2026-06-12T11:07:00Z,144.055,144.055,143.981,144.021,19,16
2026-06-12T11:08:00Z,144.021,144.045,144.000,144.000,22,18
2026-06-12T11:09:00Z,144.000,144.050,143.986,144.050,23,18
2026-06-12T11:10:00Z,144.050,144.068,143.987,143.987,26,12
2026-06-12T11:11:00Z,143.987,143.987,143.936,143.936,22,16
2026-06-12T11:12:00Z,143.936,143.997,143.936,143.987,16,15
2026-06-12T11:13:00Z,143.987,144.053,143.987,144.053,23,14
2026-06-12T11:14:00Z,144.053,144.053,143.990,144.021,25,17
2026-06-12T11:15:00Z,144.021,144.068,144.021,144.035,14,12
2026-06-12T11:16:00Z,144.035,144.056,144.000,144.000,18,18
2026-06-12T11:17:00Z,144.000,144.037,143.969,144.035,14,13
2026-06-12T11:18:00Z,144.035,144.052,144.003,144.052,17,14
2026-06-12T11:19:00Z,144.052,144.135,144.052,144.108,27,15
2026-06-12T11:20:00Z,144.108,144.140,144.086,144.102,27,15
2026-06-12T11:21:00Z,144.102,144.105,144.044,144.055,18,16
2026-06-12T11:22:00Z,144.055,144.055,144.000,144.004,14,12
2026-06-12T11:23:00Z,144.004,144.060,143.989,144.060,22,12
2026-06-12T11:24:00Z,144.060,144.060,143.922,143.933,18,17
2026-06-12T11:25:00Z,143.933,143.945,143.837,143.837,15,18
2026-06-12T11:26:00Z,143.837,143.864,143.782,143.782,26,15
2026-06-12T11:27:00Z,143.782,143.827,143.774,143.827,15,18
2026-06-12T11:28:00Z,143.827,143.838,143.726,143.728,22,18
2026-06-12T11:29:00Z,143.728,143.784,143.706,143.784,30,15
2026-06-12T11:30:00Z,143.784,143.851,143.784,143.851,21,17
2026-06-12T11:31:00Z,143.851,143.863,143.832,143.836,23,12
2026-06-12T11:32:00Z,143.836,143.885,143.830,143.838,19,18
2026-06-12T11:33:00Z,143.838,143.858,143.800,143.804,17,15
2026-06-12T11:34:00Z,143.804,143.821,143.778,143.821,18,13
2026-06-12T11:35:00Z,143.821,143.821,143.744,143.744,26,16
2026-06-12T11:36:00Z,143.744,143.776,143.719,143.776,27,12
2026-06-12T11:37:00Z,143.776,143.864,143.763,143.864,31,18
2026-06-12T11:38:00Z,143.864,143.864,143.818,143.818,27,13
2026-06-12T11:39:00Z,143.818,143.825,143.758,143.763,18,18
2026-06-12T11:40:00Z,143.763,143.766,143.704,143.736,25,12
2026-06-12T11:41:00Z,143.736,143.742,143.663,143.676,27,17
2026-06-12T11:42:00Z,143.676,143.757,143.676,143.753,17,12
2026-06-12T11:43:00Z,143.753,143.756,143.708,143.709,31,13
2026-06-12T11:44:00Z,143.709,143.726,143.703,143.703,24,13
2026-06-12T11:45:00Z,143.703,143.785,143.677,143.766,29,13
2026-06-12T11:46:00Z,143.766,143.810,143.766,143.806,19,18
2026-06-12T11:47:00Z,143.806,143.915,143.806,143.869,23,17
2026-06-12T11:48:00Z,143.869,143.904,143.860,143.890,27,17
2026-06-12T11:49:00Z,143.890,143.924,143.890,143.893,25,13
2026-06-12T11:50:00Z,143.893,143.916,143.878,143.909,23,13
2026-06-12T11:51:00Z,143.909,143.928,143.873,143.925,28,16
2026-06-12T11:52:00Z,143.925,143.925,143.859,143.873,19,13
2026-06-12T11:53:00Z,143.873,143.912,143.870,143.912,31,13
2026-06-12T11:54:00Z,143.912,143.935,143.887,143.914,32,12
2026-06-12T11:55:00Z,143.914,143.928,143.862,143.866,20,15
2026-06-12T11:56:00Z,143.866,143.873,143.813,143.867,19,12
2026-06-12T11:57:00Z,143.867,143.887,143.838,143.861,24,15
2026-06-12T11:58:00Z,143.861,143.935,143.857,143.879,26,18
2026-06-12T11:59:00Z,143.879,143.894,143.814,143.838,21,13
2026-06-12T12:00:00Z,143.838,143.855,143.783,143.799,23,12
2026-06-12T12:01:00Z,143.799,143.826,143.763,143.818,30,13
2026-06-12T12:02:00Z,143.818,143.884,143.807,143.884,24,18
2026-06-12T12:03:00Z,143.884,143.896,143.826,143.850,27,13
2026-06-12T12:04:00Z,143.850,143.870,143.811,143.811,20,17
2026-06-12T12:05:00Z,143.811,143.831,143.775,143.790,23,15
2026-06-12T12:06:00Z,143.790,143.790,143.739,143.739,24,17
2026-06-12T12:07:00Z,143.739,143.772,143.693,143.693,28,12
2026-06-12T12:08:00Z,143.693,143.693,143.645,143.667,23,12
2026-06-12T12:09:00Z,143.667,143.682,143.640,143.640,37,17
2026-06-12T12:10:00Z,143.640,143.678,143.634,143.636,25,15
2026-06-12T12:11:00Z,143.636,143.683,143.636,143.674,35,12
2026-06-12T12:12:00Z,143.674,143.712,143.658,143.691,30,16
2026-06-12T12:13:00Z,143.691,143.720,143.636,143.651,37,18
2026-06-12T12:14:00Z,143.651,143.744,143.651,143.733,25,16
2026-06-12T12:15:00Z,143.733,143.792,143.733,143.784,37,12
2026-06-12T12:16:00Z,143.784,143.884,143.784,143.869,39,18
2026-06-12T12:17:00Z,143.869,143.869,143.799,143.810,23,16
2026-06-12T12:18:00Z,143.810,143.810,143.751,143.795,26,14
2026-06-12T12:19:00Z,143.795,143.795,143.753,143.753,39,14
2026-06-12T12:20:00Z,143.753,143.756,143.665,143.665,38,13
2026-06-12T12:21:00Z,143.665,143.696,143.663,143.686,25,17
2026-06-12T12:22:00Z,143.686,143.691,143.632,143.661,33,15
2026-06-12T12:23:00Z,143.661,143.679,143.635,143.679,38,12
2026-06-12T12:24:00Z,143.679,143.745,143.672,143.706,39,12
2026-06-12T12:25:00Z,143.706,143.715,143.687,143.715,25,16
2026-06-12T12:26:00Z,143.715,143.723,143.678,143.708,34,18
2026-06-12T12:27:00Z,143.708,143.757,143.708,143.731,30,15
2026-06-12T12:28:00Z,143.731,143.786,143.696,143.786,28,13
2026-06-12T12:29:00Z,143.786,143.825,143.762,143.812,42,17
2026-06-12T12:30:00Z,143.812,143.836,143.770,143.836,43,14
2026-06-12T12:31:00Z,143.836,143.897,143.836,143.866,32,13
2026-06-12T12:32:00Z,143.866,143.944,143.866,143.921,39,18
2026-06-12T12:33:00Z,143.921,143.979,143.894,143.975,37,18
2026-06-12T12:34:00Z,143.975,143.987,143.947,143.966,32,14
2026-06-12T12:35:00Z,143.966,143.969,143.918,143.942,35,18
2026-06-12T12:36:00Z,143.942,143.962,143.897,143.962,31,16
2026-06-12T12:37:00Z,143.962,143.980,143.945,143.956,44,16
2026-06-12T12:38:00Z,143.956,143.974,143.928,143.956,36,17
2026-06-12T12:39:00Z,143.956,143.986,143.947,143.967,40,13
2026-06-12T12:40:00Z,143.967,143.967,143.922,143.950,30,14
2026-06-12T12:41:00Z,143.950,144.000,143.921,143.943,39,12
2026-06-12T12:42:00Z,143.943,143.986,143.939,143.956,36,18
2026-06-12T12:43:00Z,143.956,144.018,143.951,143.972,47,14
2026-06-12T12:44:00Z,143.972,143.987,143.935,143.987,31,16
2026-06-12T12:45:00Z,143.987,143.996,143.949,143.967,37,13
2026-06-12T12:46:00Z,143.967,143.993,143.932,143.993,36,15
2026-06-12T12:47:00Z,143.993,144.012,143.977,143.999,47,13
2026-06-12T12:48:00Z,143.999,144.010,143.975,143.975,39,16
2026-06-12T12:49:00Z,143.975,143.979,143.938,143.949,38,16
2026-06-12T12:50:00Z,143.949,143.981,143.905,143.931,48,15
2026-06-12T12:51:00Z,143.931,143.931,143.842,143.842,41,18
2026-06-12T12:52:00Z,143.842,143.866,143.832,143.833,49,12
2026-06-12T12:53:00Z,143.833,143.907,143.833,143.874,35,13
2026-06-12T12:54:00Z,143.874,143.905,143.852,143.886,45,18
2026-06-12T12:55:00Z,143.886,143.916,143.886,143.915,51,12
2026-06-12T12:56:00Z,143.915,143.930,143.888,143.900,46,13
2026-06-12T12:57:00Z,143.900,143.932,143.888,143.932,47,18
2026-06-12T12:58:00Z,143.932,143.957,143.888,143.888,52,13
2026-06-12T12:59:00Z,143.888,143.926,143.871,143.891,50,18
2026-06-12T13:00:00Z,143.891,143.920,143.887,143.915,42,12
2026-06-12T13:01:00Z,143.915,143.950,143.914,143.918,49,13
2026-06-12T13:02:00Z,143.918,143.937,143.888,143.915,44,15
2026-06-12T13:03:00Z,143.915,143.966,143.892,143.966,39,18
2026-06-12T13:04:00Z,143.966,144.099,143.966,144.085,55,15
2026-06-12T13:05:00Z,144.085,144.114,144.066,144.101,46,14
2026-06-12T13:06:00Z,144.101,144.102,144.055,144.081,53,14
2026-06-12T13:07:00Z,144.081,144.150,144.081,144.128,56,17
2026-06-12T13:08:00Z,144.128,144.162,144.112,144.138,48,16
2026-06-12T13:09:00Z,144.138,144.247,144.138,144.243,55,15
2026-06-12T13:10:00Z,144.243,144.334,144.243,144.334,44,15
2026-06-12T13:11:00Z,144.334,144.365,144.300,144.300,44,12
2026-06-12T13:12:00Z,144.300,144.323,144.274,144.302,54,14
2026-06-12T13:13:00Z,144.302,144.337,144.295,144.322,52,12
2026-06-12T13:14:00Z,144.322,144.322,144.299,144.304,54,14
2026-06-12T13:15:00Z,144.304,144.327,144.279,144.304,52,14
2026-06-12T13:16:00Z,144.304,144.316,144.256,144.316,59,18
2026-06-12T13:17:00Z,144.316,144.359,144.308,144.359,50,15
2026-06-12T13:18:00Z,144.359,144.406,144.356,144.399,54,16
2026-06-12T13:19:00Z,144.399,144.399,144.250,144.250,60,15
2026-06-12T13:20:00Z,144.250,144.283,144.250,144.282,56,14
2026-06-12T13:21:00Z,144.282,144.365,144.282,144.338,58,17
2026-06-12T13:22:00Z,144.338,144.338,144.236,144.240,63,12
2026-06-12T13:23:00Z,144.240,144.250,144.190,144.250,59,17
2026-06-12T13:24:00Z,144.250,144.266,144.219,144.232,52,14
2026-06-12T13:25:00Z,144.232,144.265,144.225,144.260,60,17
2026-06-12T13:26:00Z,144.260,144.296,144.241,144.295,54,17
2026-06-12T13:27:00Z,144.295,144.308,144.246,144.308,60,14
2026-06-12T13:28:00Z,144.308,144.308,144.207,144.282,51,12
2026-06-12T13:29:00Z,144.282,144.293,144.256,144.293,52,15
2026-06-12T13:30:00Z,144.293,144.362,144.290,144.362,58,13
2026-06-12T13:31:00Z,144.362,144.366,144.321,144.321,60,15
2026-06-12T13:32:00Z,144.321,144.321,144.275,144.275,54,14
2026-06-12T13:33:00Z,144.275,144.306,144.230,144.230,62,16
2026-06-12T13:34:00Z,144.230,144.270,144.230,144.262,64,12
2026-06-12T13:35:00Z,144.262,144.287,144.258,144.274,70,15
2026-06-12T13:36:00Z,144.274,144.281,144.205,144.205,63,17
2026-06-12T13:37:00Z,144.205,144.205,144.135,144.139,70,17
2026-06-12T13:38:00Z,144.139,144.175,144.130,144.175,63,14
2026-06-12T13:39:00Z,144.175,144.201,144.160,144.161,69,15
2026-06-12T13:40:00Z,144.161,144.195,144.124,144.146,60,16
2026-06-12T13:41:00Z,144.146,144.151,144.128,144.134,59,18
2026-06-12T13:42:00Z,144.134,144.155,144.079,144.079,60,12
2026-06-12T13:43:00Z,144.079,144.089,144.045,144.045,60,17
2026-06-12T13:44:00Z,144.045,144.069,144.006,144.047,71,17
2026-06-12T13:45:00Z,144.047,144.070,144.045,144.053,70,14
2026-06-12T13:46:00Z,144.053,144.053,144.014,144.024,71,12
2026-06-12T13:47:00Z,144.024,144.024,143.971,143.995,72,15
2026-06-12T13:48:00Z,143.995,144.003,143.946,143.953,72,14
2026-06-12T13:49:00Z,143.953,143.982,143.944,143.963,77,12
2026-06-12T13:50:00Z,143.963,144.046,143.963,144.046,62,18
2026-06-12T13:51:00Z,144.046,144.046,143.990,144.009,63,15
2026-06-12T13:52:00Z,144.009,144.009,143.977,143.998,77,13
2026-06-12T13:53:00Z,143.998,144.053,143.993,144.030,77,13
2026-06-12T13:54:00Z,144.030,144.030,143.977,144.020,69,18
2026-06-12T13:55:00Z,144.020,144.020,143.922,143.922,72,16
2026-06-12T13:56:00Z,143.922,144.004,143.922,143.990,77,18
2026-06-12T13:57:00Z,143.990,144.011,143.975,143.975,66,14
2026-06-12T13:58:00Z,143.975,143.975,143.846,143.846,69,14
2026-06-12T13:59:00Z,143.846,143.888,143.837,143.888,74,15
