time,open,high,low,close,tick_volume,spread
2026-06-01T08:00:00Z,1.10000,1.10008,1.09970,1.09970,85,29
2026-06-01T08:01:00Z,1.09970,1.09980,1.09944,1.09944,81,33
2026-06-01T08:02:00Z,1.09944,1.09983,1.09944,1.09976,84,26
2026-06-01T08:03:00Z,1.09976,1.09992,1.09959,1.09992,94,27
2026-06-01T08:04:00Z,1.09992,1.10001,1.09983,1.09993,87,23
2026-06-01T08:05:00Z,1.09993,1.10009,1.09993,1.09995,88,29
2026-06-01T08:06:00Z,1.09995,1.10014,1.09991,1.10009,87,19
2026-06-01T08:07:00Z,1.10009,1.10027,1.10009,1.10015,93,20
2026-06-01T08:08:00Z,1.10015,1.10029,1.10015,1.10018,76,26
2026-06-01T08:09:00Z,1.10018,1.10062,1.10014,1.10046,89,16
2026-06-01T08:10:00Z,1.10046,1.10094,1.10046,1.10087,81,23
2026-06-01T08:11:00Z,1.10087,1.10094,1.10079,1.10094,78,19
2026-06-01T08:12:00Z,1.10094,1.10103,1.10063,1.10063,77,22
2026-06-01T08:13:00Z,1.10063,1.10082,1.10052,1.10082,85,14
2026-06-01T08:14:00Z,1.10082,1.10083,1.10067,1.10068,77,19
2026-06-01T08:15:00Z,1.10068,1.10082,1.10052,1.10082,82,18
2026-06-01T08:16:00Z,1.10082,1.10092,1.10068,1.10068,85,14
2026-06-01T08:17:00Z,1.10068,1.10108,1.10068,1.10108,82,14
2026-06-01T08:18:00Z,1.10108,1.10108,1.10072,1.10072,81,12
2026-06-01T08:19:00Z,1.10072,1.10079,1.10046,1.10046,74,15
2026-06-01T08:20:00Z,1.10046,1.10050,1.10027,1.10040,78,17
2026-06-01T08:21:00Z,1.10040,1.10070,1.10040,1.10069,81,15
2026-06-01T08:22:00Z,1.10069,1.10081,1.10051,1.10081,70,11
2026-06-01T08:23:00Z,1.10081,1.10118,1.10076,1.10101,77,13
2026-06-01T08:24:00Z,1.10101,1.10101,1.10055,1.10063,71,13
2026-06-01T08:25:00Z,1.10063,1.10063,1.10039,1.10047,74,15
2026-06-01T08:26:00Z,1.10047,1.10069,1.10047,1.10061,67,14
2026-06-01T08:27:00Z,1.10061,1.10089,1.10061,1.10076,69,15
2026-06-01T08:28:00Z,1.10076,1.10078,1.10045,1.10052,65,12
2026-06-01T08:29:00Z,1.10052,1.10102,1.10036,1.10102,66,12
2026-06-01T08:30:00Z,1.10102,1.10117,1.10085,1.10115,71,11
2026-06-01T08:31:00Z,1.10115,1.10146,1.10103,1.10139,70,9
2026-06-01T08:32:00Z,1.10139,1.10144,1.10117,1.10121,66,12
2026-06-01T08:33:00Z,1.10121,1.10150,1.10120,1.10150,68,10
2026-06-01T08:34:00Z,1.10150,1.10163,1.10141,1.10157,74,9
2026-06-01T08:35:00Z,1.10157,1.10196,1.10151,1.10188,68,13
2026-06-01T08:36:00Z,1.10188,1.10208,1.10178,1.10204,61,11
2026-06-01T08:37:00Z,1.10204,1.10240,1.10201,1.10240,74,13
2026-06-01T08:38:00Z,1.10240,1.10248,1.10225,1.10248,70,12
2026-06-01T08:39:00Z,1.10248,1.10251,1.10229,1.10244,65,13
2026-06-01T08:40:00Z,1.10244,1.10255,1.10221,1.10243,70,10
2026-06-01T08:41:00Z,1.10243,1.10268,1.10243,1.10264,65,10
2026-06-01T08:42:00Z,1.10264,1.10282,1.10261,1.10274,61,12
2026-06-01T08:43:00Z,1.10274,1.10360,1.10274,1.10360,62,13
2026-06-01T08:44:00Z,1.10360,1.10381,1.10360,1.10374,69,11
2026-06-01T08:45:00Z,1.10374,1.10385,1.10342,1.10355,58,11
2026-06-01T08:46:00Z,1.10355,1.10355,1.10316,1.10334,61,8
2026-06-01T08:47:00Z,1.10334,1.10337,1.10320,1.10320,53,10
2026-06-01T08:48:00Z,1.10320,1.10347,1.10296,1.10344,52,12
2026-06-01T08:49:00Z,1.10344,1.10357,1.10282,1.10291,54,12
2026-06-01T08:50:00Z,1.10291,1.10305,1.10283,1.10305,61,9
2026-06-01T08:51:00Z,1.10305,1.10309,1.10269,1.10270,64,12
2026-06-01T08:52:00Z,1.10270,1.10284,1.10270,1.10271,54,10
2026-06-01T08:53:00Z,1.10271,1.10298,1.10271,1.10297,56,12
2026-06-01T08:54:00Z,1.10297,1.10314,1.10297,1.10308,59,9
2026-06-01T08:55:00Z,1.10308,1.10315,1.10284,1.10285,52,9
2026-06-01T08:56:00Z,1.10285,1.10301,1.10269,1.10269,52,11
2026-06-01T08:57:00Z,1.10269,1.10272,1.10227,1.10227,51,11
2026-06-01T08:58:00Z,1.10227,1.10234,1.10213,1.10213,54,9
2026-06-01T08:59:00Z,1.10213,1.10220,1.10193,1.10195,48,10
2026-06-01T09:00:00Z,1.10195,1.10195,1.10165,1.10190,47,12
2026-06-01T09:01:00Z,1.10190,1.10203,1.10173,1.10191,55,10
2026-06-01T09:02:00Z,1.10191,1.10204,1.10185,1.10204,61,8
2026-06-01T09:03:00Z,1.10204,1.10247,1.10202,1.10245,54,12
2026-06-01T09:04:00Z,1.10245,1.10255,1.10241,1.10243,50,10
2026-06-01T09:05:00Z,1.10243,1.10264,1.10236,1.10264,53,8
2026-06-01T09:06:00Z,1.10264,1.10282,1.10252,1.10254,52,8
2026-06-01T09:07:00Z,1.10254,1.10270,1.10249,1.10270,51,11
2026-06-01T09:08:00Z,1.10270,1.10279,1.10228,1.10228,58,8
2026-06-01T09:09:00Z,1.10228,1.10232,1.10197,1.10197,50,10
2026-06-01T09:10:00Z,1.10197,1.10197,1.10143,1.10153,42,10
2026-06-01T09:11:00Z,1.10153,1.10172,1.10147,1.10147,41,12
2026-06-01T09:12:00Z,1.10147,1.10200,1.10146,1.10200,44,10
2026-06-01T09:13:00Z,1.10200,1.10200,1.10145,1.10145,44,10
2026-06-01T09:14:00Z,1.10145,1.10156,1.10138,1.10148,43,10
2026-06-01T09:15:00Z,1.10148,1.10148,1.10113,1.10130,43,9
2026-06-01T09:16:00Z,1.10130,1.10159,1.10124,1.10138,50,9
2026-06-01T09:17:00Z,1.10138,1.10146,1.10124,1.10136,45,9
2026-06-01T09:18:00Z,1.10136,1.10152,1.10114,1.10149,48,11
2026-06-01T09:19:00Z,1.10149,1.10149,1.10090,1.10090,41,8
2026-06-01T09:20:00Z,1.10090,1.10102,1.10073,1.10091,38,8
2026-06-01T09:21:00Z,1.10091,1.10106,1.10082,1.10101,47,11
2026-06-01T09:22:00Z,1.10101,1.10139,1.10099,1.10139,38,9
2026-06-01T09:23:00Z,1.10139,1.10139,1.10094,1.10094,39,8
2026-06-01T09:24:00Z,1.10094,1.10121,1.10094,1.10118,39,10
2026-06-01T09:25:00Z,1.10118,1.10124,1.10097,1.10124,38,8
2026-06-01T09:26:00Z,1.10124,1.10127,1.10097,1.10098,49,11
2026-06-01T09:27:00Z,1.10098,1.10112,1.10086,1.10086,44,10
2026-06-01T09:28:00Z,1.10086,1.10088,1.10073,1.10079,40,12
2026-06-01T09:29:00Z,1.10079,1.10084,1.10068,1.10078,33,12
2026-06-01T09:30:00Z,1.10078,1.10151,1.10078,1.10141,34,11
2026-06-01T09:31:00Z,1.10141,1.10144,1.10119,1.10128,42,11
2026-06-01T09:32:00Z,1.10128,1.10152,1.10128,1.10130,44,9
2026-06-01T09:33:00Z,1.10130,1.10165,1.10130,1.10165,40,11
2026-06-01T09:34:00Z,1.10165,1.10186,1.10156,1.10186,35,8
2026-06-01T09:35:00Z,1.10186,1.10197,1.10174,1.10181,45,9
2026-06-01T09:36:00Z,1.10181,1.10193,1.10165,1.10186,47,8
2026-06-01T09:37:00Z,1.10186,1.10215,1.10165,1.10206,46,11
2026-06-01T09:38:00Z,1.10206,1.10252,1.10206,1.10252,39,10
2026-06-01T09:39:00Z,1.10252,1.10274,1.10246,1.10262,40,9
2026-06-01T09:40:00Z,1.10262,1.10262,1.10235,1.10254,42,10
2026-06-01T09:41:00Z,1.10254,1.10254,1.10234,1.10245,34,11
2026-06-01T09:42:00Z,1.10245,1.10277,1.10245,1.10251,39,12
2026-06-01T09:43:00Z,1.10251,1.10253,1.10236,1.10236,36,11
2026-06-01T09:44:00Z,1.10236,1.10241,1.10217,1.10228,42,11
2026-06-01T09:45:00Z,1.10228,1.10228,1.10195,1.10195,28,8
2026-06-01T09:46:00Z,1.10195,1.10197,1.10173,1.10197,43,11
2026-06-01T09:47:00Z,1.10197,1.10243,1.10197,1.10243,32,9
2026-06-01T09:48:00Z,1.10243,1.10251,1.10220,1.10226,39,8
2026-06-01T09:49:00Z,1.10226,1.10261,1.10226,1.10253,30,10
2026-06-01T09:50:00Z,1.10253,1.10253,1.10211,1.10211,36,10
2026-06-01T09:51:00Z,1.10211,1.10237,1.10206,1.10212,34,10
2026-06-01T09:52:00Z,1.10212,1.10212,1.10178,1.10193,35,11
2026-06-01T09:53:00Z,1.10193,1.10197,1.10156,1.10156,30,12
2026-06-01T09:54:00Z,1.10156,1.10156,1.10115,1.10127,30,8
2026-06-01T09:55:00Z,1.10127,1.10151,1.10105,1.10151,35,10
2026-06-01T09:56:00Z,1.10151,1.10158,1.10134,1.10147,38,10
2026-06-01T09:57:00Z,1.10147,1.10147,1.10101,1.10112,38,12
2026-06-01T09:58:00Z,1.10112,1.10123,1.10074,1.10074,38,8
2026-06-01T09:59:00Z,1.10074,1.10137,1.10073,1.10133,35,11
2026-06-01T10:00:00Z,1.10133,1.10139,1.10114,1.10132,35,8
2026-06-01T10:01:00Z,1.10132,1.10145,1.10086,1.10086,28,8
2026-06-01T10:02:00Z,1.10086,1.10086,1.10055,1.10056,39,12
2026-06-01T10:03:00Z,1.10056,1.10069,1.10056,1.10067,23,9
2026-06-01T10:04:00Z,1.10067,1.10087,1.10030,1.10030,23,9
2026-06-01T10:05:00Z,1.10030,1.10072,1.10022,1.10072,29,11
2026-06-01T10:06:00Z,1.10072,1.10121,1.10071,1.10121,25,8
2026-06-01T10:07:00Z,1.10121,1.10150,1.10120,1.10132,33,12
2026-06-01T10:08:00Z,1.10132,1.10172,1.10132,1.10158,30,12
2026-06-01T10:09:00Z,1.10158,1.10208,1.10158,1.10208,36,8
2026-06-01T10:10:00Z,1.10208,1.10237,1.10208,1.10228,22,8
2026-06-01T10:11:00Z,1.10228,1.10228,1.10203,1.10211,31,8
2026-06-01T10:12:00Z,1.10211,1.10217,1.10202,1.10202,31,8
2026-06-01T10:13:00Z,1.10202,1.10230,1.10200,1.10218,36,12
2026-06-01T10:14:00Z,1.10218,1.10267,1.10218,1.10267,28,10
2026-06-01T10:15:00Z,1.10267,1.10273,1.10253,1.10273,30,9
2026-06-01T10:16:00Z,1.10273,1.10302,1.10269,1.10294,22,11
2026-06-01T10:17:00Z,1.10294,1.10302,1.10277,1.10277,35,8
2026-06-01T10:18:00Z,1.10277,1.10305,1.10277,1.10289,20,8
2026-06-01T10:19:00Z,1.10289,1.10337,1.10284,1.10303,26,10
2026-06-01T10:20:00Z,1.10303,1.10326,1.10288,1.10288,31,11
2026-06-01T10:21:00Z,1.10288,1.10288,1.10274,1.10283,35,10
2026-06-01T10:22:00Z,1.10283,1.10295,1.10273,1.10276,23,9
2026-06-01T10:23:00Z,1.10276,1.10301,1.10245,1.10245,25,12
2026-06-01T10:24:00Z,1.10245,1.10245,1.10229,1.10242,27,10
2026-06-01T10:25:00Z,1.10242,1.10252,1.10233,1.10241,23,9
2026-06-01T10:26:00Z,1.10241,1.10253,1.10215,1.10215,33,8
2026-06-01T10:27:00Z,1.10215,1.10278,1.10214,1.10263,33,11
2026-06-01T10:28:00Z,1.10263,1.10294,1.10263,1.10294,31,12
2026-06-01T10:29:00Z,1.10294,1.10299,1.10256,1.10280,19,9
2026-06-01T10:30:00Z,1.10280,1.10280,1.10250,1.10252,25,11
2026-06-01T10:31:00Z,1.10252,1.10272,1.10240,1.10240,30,9
2026-06-01T10:32:00Z,1.10240,1.10240,1.10186,1.10190,20,12
2026-06-01T10:33:00Z,1.10190,1.10204,1.10182,1.10195,25,8
2026-06-01T10:34:00Z,1.10195,1.10205,1.10183,1.10189,24,12
2026-06-01T10:35:00Z,1.10189,1.10258,1.10189,1.10258,33,11
2026-06-01T10:36:00Z,1.10258,1.10276,1.10253,1.10253,23,12
2026-06-01T10:37:00Z,1.10253,1.10261,1.10229,1.10229,22,12
2026-06-01T10:38:00Z,1.10229,1.10229,1.10206,1.10207,18,12
2026-06-01T10:39:00Z,1.10207,1.10209,1.10167,1.10200,27,11
2026-06-01T10:40:00Z,1.10200,1.10204,1.10174,1.10196,33,10
2026-06-01T10:41:00Z,1.10196,1.10205,1.10165,1.10165,33,10
2026-06-01T10:42:00Z,1.10165,1.10190,1.10165,1.10179,25,9
2026-06-01T10:43:00Z,1.10179,1.10184,1.10142,1.10145,25,8
2026-06-01T10:44:00Z,1.10145,1.10167,1.10145,1.10157,31,8
2026-06-01T10:45:00Z,1.10157,1.10157,1.10115,1.10135,29,8
2026-06-01T10:46:00Z,1.10135,1.10143,1.10115,1.10121,26,11
2026-06-01T10:47:00Z,1.10121,1.10142,1.10106,1.10106,28,9
2026-06-01T10:48:00Z,1.10106,1.10106,1.10091,1.10102,31,9
2026-06-01T10:49:00Z,1.10102,1.10105,1.10080,1.10083,23,8
2026-06-01T10:50:00Z,1.10083,1.10114,1.10064,1.10114,23,10
2026-06-01T10:51:00Z,1.10114,1.10114,1.10067,1.10077,30,8
2026-06-01T10:52:00Z,1.10077,1.10101,1.10065,1.10093,24,9
2026-06-01T10:53:00Z,1.10093,1.10126,1.10093,1.10116,18,10
2026-06-01T10:54:00Z,1.10116,1.10116,1.10069,1.10074,20,8
2026-06-01T10:55:00Z,1.10074,1.10085,1.10068,1.10068,21,11
2026-06-01T10:56:00Z,1.10068,1.10092,1.10067,1.10092,30,12
2026-06-01T10:57:00Z,1.10092,1.10092,1.10046,1.10046,30,10
2026-06-01T10:58:00Z,1.10046,1.10105,1.10046,1.10105,32,8
2026-06-01T10:59:00Z,1.10105,1.10105,1.10051,1.10051,28,9
2026-06-01T11:00:00Z,1.10051,1.10051,1.10019,1.10037,31,10
2026-06-01T11:01:00Z,1.10037,1.10037,1.09975,1.09975,23,9
2026-06-01T11:02:00Z,1.09975,1.09984,1.09927,1.09939,27,8
2026-06-01T11:03:00Z,1.09939,1.09971,1.09939,1.09959,31,12
2026-06-01T11:04:00Z,1.09959,1.09981,1.09956,1.09956,24,9
2026-06-01T11:05:00Z,1.09956,1.09974,1.09939,1.09962,28,12
2026-06-01T11:06:00Z,1.09962,1.09963,1.09947,1.09951,29,8
2026-06-01T11:07:00Z,1.09951,1.09974,1.09940,1.09942,28,10
2026-06-01T11:08:00Z,1.09942,1.09959,1.09935,1.09958,32,8
2026-06-01T11:09:00Z,1.09958,1.09989,1.09958,1.09966,27,9
2026-06-01T11:10:00Z,1.09966,1.09972,1.09950,1.09951,28,11
2026-06-01T11:11:00Z,1.09951,1.09951,1.09913,1.09913,23,12
2026-06-01T11:12:00Z,1.09913,1.09933,1.09910,1.09921,22,11
2026-06-01T11:13:00Z,1.09921,1.09952,1.09916,1.09948,29,12
2026-06-01T11:14:00Z,1.09948,1.09972,1.09948,1.09955,29,11
2026-06-01T11:15:00Z,1.09955,1.09990,1.09949,1.09981,25,9
2026-06-01T11:16:00Z,1.09981,1.09994,1.09971,1.09991,21,9
2026-06-01T11:17:00Z,1.09991,1.09997,1.09988,1.09992,28,11
2026-06-01T11:18:00Z,1.09992,1.10007,1.09981,1.10007,30,12
2026-06-01T11:19:00Z,1.10007,1.10010,1.09992,1.09996,23,10
2026-06-01T11:20:00Z,1.09996,1.10035,1.09990,1.10028,34,10
2026-06-01T11:21:00Z,1.10028,1.10083,1.10028,1.10083,24,11
2026-06-01T11:22:00Z,1.10083,1.10113,1.10083,1.10084,33,8
2026-06-01T11:23:00Z,1.10084,1.10086,1.10064,1.10074,33,12
2026-06-01T11:24:00Z,1.10074,1.10078,1.10049,1.10062,27,9
2026-06-01T11:25:00Z,1.10062,1.10104,1.10062,1.10104,30,12
2026-06-01T11:26:00Z,1.10104,1.10154,1.10104,1.10143,22,11
2026-06-01T11:27:00Z,1.10143,1.10157,1.10141,1.10150,28,12
2026-06-01T11:28:00Z,1.10150,1.10172,1.10142,1.10152,30,9
2026-06-01T11:29:00Z,1.10152,1.10196,1.10152,1.10182,19,11
2026-06-01T11:30:00Z,1.10182,1.10211,1.10181,1.10181,32,8
2026-06-01T11:31:00Z,1.10181,1.10181,1.10150,1.10172,35,11
2026-06-01T11:32:00Z,1.10172,1.10242,1.10172,1.10230,19,11
2026-06-01T11:33:00Z,1.10230,1.10259,1.10230,1.10259,22,9
2026-06-01T11:34:00Z,1.10259,1.10326,1.10254,1.10326,22,11
2026-06-01T11:35:00Z,1.10326,1.10352,1.10326,1.10352,25,8
2026-06-01T11:36:00Z,1.10352,1.10401,1.10346,1.10383,24,8
2026-06-01T11:37:00Z,1.10383,1.10387,1.10359,1.10367,21,9
2026-06-01T11:38:00Z,1.10367,1.10401,1.10367,1.10394,20,12
2026-06-01T11:39:00Z,1.10394,1.10405,1.10383,1.10387,20,8
2026-06-01T11:40:00Z,1.10387,1.10387,1.10335,1.10343,20,10
2026-06-01T11:41:00Z,1.10343,1.10346,1.10296,1.10303,32,12
2026-06-01T11:42:00Z,1.10303,1.10320,1.10281,1.10291,30,11
2026-06-01T11:43:00Z,1.10291,1.10325,1.10291,1.10310,30,8
2026-06-01T11:44:00Z,1.10310,1.10356,1.10310,1.10356,29,12
2026-06-01T11:45:00Z,1.10356,1.10356,1.10322,1.10322,24,9
2026-06-01T11:46:00Z,1.10322,1.10338,1.10309,1.10336,32,8
2026-06-01T11:47:00Z,1.10336,1.10343,1.10325,1.10335,27,12
2026-06-01T11:48:00Z,1.10335,1.10337,1.10303,1.10303,31,10
2026-06-01T11:49:00Z,1.10303,1.10318,1.10273,1.10318,36,12
2026-06-01T11:50:00Z,1.10318,1.10319,1.10298,1.10305,22,12
2026-06-01T11:51:00Z,1.10305,1.10308,1.10294,1.10306,23,11
2026-06-01T11:52:00Z,1.10306,1.10327,1.10298,1.10327,37,8
2026-06-01T11:53:00Z,1.10327,1.10333,1.10294,1.10302,31,12
2026-06-01T11:54:00Z,1.10302,1.10347,1.10289,1.10342,36,10
2026-06-01T11:55:00Z,1.10342,1.10342,1.10306,1.10321,28,10
2026-06-01T11:56:00Z,1.10321,1.10336,1.10317,1.10330,36,10
2026-06-01T11:57:00Z,1.10330,1.10330,1.10315,1.10315,34,10
2026-06-01T11:58:00Z,1.10315,1.10328,1.10294,1.10294,25,8
2026-06-01T11:59:00Z,1.10294,1.10309,1.10291,1.10309,28,11
2026-06-01T12:00:00Z,1.10309,1.10366,1.10309,1.10366,38,10
2026-06-01T12:01:00Z,1.10366,1.10376,1.10355,1.10367,35,8
2026-06-01T12:02:00Z,1.10367,1.10372,1.10354,1.10369,31,11
2026-06-01T12:03:00Z,1.10369,1.10371,1.10337,1.10350,36,9
2026-06-01T12:04:00Z,1.10350,1.10353,1.10317,1.10324,28,9
2026-06-01T12:05:00Z,1.10324,1.10324,1.10273,1.10273,34,10
2026-06-01T12:06:00Z,1.10273,1.10314,1.10273,1.10306,28,10
2026-06-01T12:07:00Z,1.10306,1.10306,1.10273,1.10286,32,8
2026-06-01T12:08:00Z,1.10286,1.10287,1.10262,1.10280,31,10
2026-06-01T12:09:00Z,1.10280,1.10383,1.10280,1.10375,35,9
2026-06-01T12:10:00Z,1.10375,1.10375,1.10347,1.10362,33,8
2026-06-01T12:11:00Z,1.10362,1.10369,1.10319,1.10319,29,11
2026-06-01T12:12:00Z,1.10319,1.10323,1.10291,1.10291,37,9
2026-06-01T12:13:00Z,1.10291,1.10298,1.10268,1.10268,41,10
2026-06-01T12:14:00Z,1.10268,1.10301,1.10257,1.10284,29,12
2026-06-01T12:15:00Z,1.10284,1.10302,1.10266,1.10302,31,9
2026-06-01T12:16:00Z,1.10302,1.10384,1.10302,1.10382,43,11
2026-06-01T12:17:00Z,1.10382,1.10398,1.10373,1.10373,30,8
2026-06-01T12:18:00Z,1.10373,1.10393,1.10364,1.10393,39,10
2026-06-01T12:19:00Z,1.10393,1.10400,1.10372,1.10383,43,12
2026-06-01T12:20:00Z,1.10383,1.10408,1.10378,1.10408,32,11
2026-06-01T12:21:00Z,1.10408,1.10408,1.10364,1.10375,34,12
2026-06-01T12:22:00Z,1.10375,1.10375,1.10326,1.10326,34,8
2026-06-01T12:23:00Z,1.10326,1.10343,1.10316,1.10340,35,11
2026-06-01T12:24:00Z,1.10340,1.10340,1.10297,1.10297,42,11
2026-06-01T12:25:00Z,1.10297,1.10334,1.10289,1.10324,36,11
2026-06-01T12:26:00Z,1.10324,1.10324,1.10304,1.10304,34,11
2026-06-01T12:27:00Z,1.10304,1.10316,1.10285,1.10287,36,10
2026-06-01T12:28:00Z,1.10287,1.10311,1.10278,1.10305,41,10
2026-06-01T12:29:00Z,1.10305,1.10314,1.10284,1.10310,41,10
2026-06-01T12:30:00Z,1.10310,1.10310,1.10254,1.10254,43,8
2026-06-01T12:31:00Z,1.10254,1.10268,1.10240,1.10241,41,10
2026-06-01T12:32:00Z,1.10241,1.10241,1.10211,1.10211,43,12
2026-06-01T12:33:00Z,1.10211,1.10227,1.10182,1.10227,46,9
2026-06-01T12:34:00Z,1.10227,1.10237,1.10204,1.10208,41,12
2026-06-01T12:35:00Z,1.10208,1.10226,1.10204,1.10215,50,11
2026-06-01T12:36:00Z,1.10215,1.10215,1.10180,1.10184,37,11
2026-06-01T12:37:00Z,1.10184,1.10188,1.10156,1.10179,50,9
2026-06-01T12:38:00Z,1.10179,1.10196,1.10175,1.10175,42,10
2026-06-01T12:39:00Z,1.10175,1.10175,1.10143,1.10143,48,12
2026-06-01T12:40:00Z,1.10143,1.10157,1.10142,1.10151,51,11
2026-06-01T12:41:00Z,1.10151,1.10163,1.10144,1.10159,52,10
2026-06-01T12:42:00Z,1.10159,1.10180,1.10157,1.10180,44,9
2026-06-01T12:43:00Z,1.10180,1.10185,1.10158,1.10174,54,9
2026-06-01T12:44:00Z,1.10174,1.10191,1.10120,1.10132,39,9
2026-06-01T12:45:00Z,1.10132,1.10163,1.10132,1.10163,53,10
2026-06-01T12:46:00Z,1.10163,1.10204,1.10162,1.10204,42,10
2026-06-01T12:47:00Z,1.10204,1.10206,1.10186,1.10196,52,12
2026-06-01T12:48:00Z,1.10196,1.10202,1.10164,1.10191,43,11
2026-06-01T12:49:00Z,1.10191,1.10195,1.10161,1.10164,45,12
2026-06-01T12:50:00Z,1.10164,1.10164,1.10125,1.10127,50,10
2026-06-01T12:51:00Z,1.10127,1.10142,1.10106,1.10106,54,10
2026-06-01T12:52:00Z,1.10106,1.10119,1.10088,1.10101,48,9
2026-06-01T12:53:00Z,1.10101,1.10107,1.10079,1.10099,48,12
2026-06-01T12:54:00Z,1.10099,1.10121,1.10099,1.10109,59,8
2026-06-01T12:55:00Z,1.10109,1.10119,1.10090,1.10107,55,8
2026-06-01T12:56:00Z,1.10107,1.10107,1.10072,1.10095,48,8
2026-06-01T12:57:00Z,1.10095,1.10123,1.10095,1.10123,60,8
2026-06-01T12:58:00Z,1.10123,1.10125,1.10103,1.10115,57,11
2026-06-01T12:59:00Z,1.10115,1.10147,1.10111,1.10138,54,10
2026-06-01T13:00:00Z,1.10138,1.10180,1.10138,1.10173,46,8
2026-06-01T13:01:00Z,1.10173,1.10185,1.10161,1.10161,60,8
2026-06-01T13:02:00Z,1.10161,1.10161,1.10124,1.10127,55,12
2026-06-01T13:03:00Z,1.10127,1.10156,1.10127,1.10156,48,9
2026-06-01T13:04:00Z,1.10156,1.10208,1.10156,1.10208,54,9
2026-06-01T13:05:00Z,1.10208,1.10214,1.10185,1.10185,48,8
2026-06-01T13:06:00Z,1.10185,1.10228,1.10181,1.10181,58,10
2026-06-01T13:07:00Z,1.10181,1.10181,1.10148,1.10154,55,10
2026-06-01T13:08:00Z,1.10154,1.10160,1.10135,1.10148,63,11
2026-06-01T13:09:00Z,1.10148,1.10186,1.10140,1.10186,52,11
2026-06-01T13:10:00Z,1.10186,1.10199,1.10173,1.10198,64,11
2026-06-01T13:11:00Z,1.10198,1.10198,1.10166,1.10182,64,10
2026-06-01T13:12:00Z,1.10182,1.10197,1.10166,1.10166,64,11
2026-06-01T13:13:00Z,1.10166,1.10170,1.10149,1.10160,64,8
2026-06-01T13:14:00Z,1.10160,1.10191,1.10160,1.10175,63,11
2026-06-01T13:15:00Z,1.10175,1.10175,1.10131,1.10139,64,9
2026-06-01T13:16:00Z,1.10139,1.10143,1.10129,1.10130,70,12
2026-06-01T13:17:00Z,1.10130,1.10158,1.10126,1.10155,58,11
2026-06-01T13:18:00Z,1.10155,1.10155,1.10133,1.10143,63,11
2026-06-01T13:19:00Z,1.10143,1.10176,1.10143,1.10176,66,8
2026-06-01T13:20:00Z,1.10176,1.10210,1.10176,1.10204,69,9
2026-06-01T13:21:00Z,1.10204,1.10216,1.10193,1.10216,61,10
2026-06-01T13:22:00Z,1.10216,1.10236,1.10216,1.10224,60,9
2026-06-01T13:23:00Z,1.10224,1.10226,1.10187,1.10194,60,9
2026-06-01T13:24:00Z,1.10194,1.10202,1.10153,1.10153,70,11
2026-06-01T13:25:00Z,1.10153,1.10183,1.10150,1.10172,63,11
2026-06-01T13:26:00Z,1.10172,1.10172,1.10144,1.10144,66,8
2026-06-01T13:27:00Z,1.10144,1.10144,1.10055,1.10055,64,11
2026-06-01T13:28:00Z,1.10055,1.10085,1.10055,1.10083,75,9
2026-06-01T13:29:00Z,1.10083,1.10083,1.10044,1.10050,66,12
2026-06-01T13:30:00Z,1.10050,1.10051,1.10016,1.10023,69,9
2026-06-01T13:31:00Z,1.10023,1.10049,1.10023,1.10040,71,11
2026-06-01T13:32:00Z,1.10040,1.10055,1.10013,1.10013,68,12
2026-06-01T13:33:00Z,1.10013,1.10061,1.10011,1.10061,80,11
2026-06-01T13:34:00Z,1.10061,1.10075,1.10045,1.10063,67,11
2026-06-01T13:35:00Z,1.10063,1.10083,1.10058,1.10083,66,12
2026-06-01T13:36:00Z,1.10083,1.10109,1.10076,1.10101,80,9
2026-06-01T13:37:00Z,1.10101,1.10149,1.10101,1.10124,72,9
2026-06-01T13:38:00Z,1.10124,1.10140,1.10119,1.10124,78,12
2026-06-01T13:39:00Z,1.10124,1.10134,1.10087,1.10094,84,11
2026-06-01T13:40:00Z,1.10094,1.10113,1.10091,1.10108,69,9
2026-06-01T13:41:00Z,1.10108,1.10129,1.10097,1.10129,80,8
2026-06-01T13:42:00Z,1.10129,1.10147,1.10128,1.10138,84,10
2026-06-01T13:43:00Z,1.10138,1.10168,1.10135,1.10140,86,8
2026-06-01T13:44:00Z,1.10140,1.10145,1.10114,1.10145,86,8
2026-06-01T13:45:00Z,1.10145,1.10155,1.10109,1.10109,86,8
2026-06-01T13:46:00Z,1.10109,1.10113,1.10100,1.10104,83,10
2026-06-01T13:47:00Z,1.10104,1.10124,1.10095,1.10124,85,11
2026-06-01T13:48:00Z,1.10124,1.10129,1.10111,1.10120,77,11
2026-06-01T13:49:00Z,1.10120,1.10154,1.10120,1.10149,78,11
2026-06-01T13:50:00Z,1.10149,1.10169,1.10133,1.10133,79,10
2026-06-01T13:51:00Z,1.10133,1.10175,1.10133,1.10175,83,11
2026-06-01T13:52:00Z,1.10175,1.10200,1.10155,1.10185,91,8
2026-06-01T13:53:00Z,1.10185,1.10203,1.10179,1.10203,87,10
2026-06-01T13:54:00Z,1.10203,1.10203,1.10166,1.10202,92,11
2026-06-01T13:55:00Z,1.10202,1.10222,1.10187,1.10210,93,9
2026-06-01T13:56:00Z,1.10210,1.10230,1.10194,1.10223,92,9
2026-06-01T13:57:00Z,1.10223,1.10230,1.10205,1.10230,96,12
2026-06-01T13:58:00Z,1.10230,1.10255,1.10225,1.10255,87,11
2026-06-01T13:59:00Z,1.10255,1.10264,1.10234,1.10234,87,12
2026-06-02T08:00:00Z,1.10236,1.10244,1.10232,1.10234,92,29
2026-06-02T08:01:00Z,1.10234,1.10248,1.10216,1.10248,88,27
2026-06-02T08:02:00Z,1.10248,1.10252,1.10228,1.10228,95,31
2026-06-02T08:03:00Z,1.10228,1.10261,1.10228,1.10249,81,27
2026-06-02T08:04:00Z,1.10249,1.10284,1.10233,1.10263,84,21
2026-06-02T08:05:00Z,1.10263,1.10279,1.10255,1.10279,82,27
2026-06-02T08:06:00Z,1.10279,1.10280,1.10259,1.10275,78,28
2026-06-02T08:07:00Z,1.10275,1.10287,1.10266,1.10283,85,20
2026-06-02T08:08:00Z,1.10283,1.10283,1.10262,1.10273,77,21
2026-06-02T08:09:00Z,1.10273,1.10291,1.10256,1.10256,91,22
2026-06-02T08:10:00Z,1.10256,1.10259,1.10231,1.10231,90,18
2026-06-02T08:11:00Z,1.10231,1.10289,1.10231,1.10286,86,21
2026-06-02T08:12:00Z,1.10286,1.10296,1.10270,1.10275,77,20
2026-06-02T08:13:00Z,1.10275,1.10293,1.10259,1.10259,86,19
2026-06-02T08:14:00Z,1.10259,1.10267,1.10220,1.10220,80,19
2026-06-02T08:15:00Z,1.10220,1.10228,1.10191,1.10191,85,20
2026-06-02T08:16:00Z,1.10191,1.10195,1.10155,1.10164,79,14
2026-06-02T08:17:00Z,1.10164,1.10164,1.10121,1.10128,82,12
2026-06-02T08:18:00Z,1.10128,1.10140,1.10105,1.10140,84,15
2026-06-02T08:19:00Z,1.10140,1.10140,1.10128,1.10128,74,12
2026-06-02T08:20:00Z,1.10128,1.10135,1.10119,1.10135,73,11
2026-06-02T08:21:00Z,1.10135,1.10170,1.10135,1.10159,83,17
2026-06-02T08:22:00Z,1.10159,1.10206,1.10159,1.10199,68,16
2026-06-02T08:23:00Z,1.10199,1.10199,1.10162,1.10170,71,13
2026-06-02T08:24:00Z,1.10170,1.10184,1.10153,1.10153,77,14
2026-06-02T08:25:00Z,1.10153,1.10182,1.10146,1.10178,72,10
2026-06-02T08:26:00Z,1.10178,1.10195,1.10171,1.10195,67,13
2026-06-02T08:27:00Z,1.10195,1.10215,1.10186,1.10186,67,14
2026-06-02T08:28:00Z,1.10186,1.10209,1.10171,1.10195,70,11
2026-06-02T08:29:00Z,1.10195,1.10195,1.10166,1.10174,64,14
2026-06-02T08:30:00Z,1.10174,1.10174,1.10140,1.10155,76,13
2026-06-02T08:31:00Z,1.10155,1.10171,1.10136,1.10166,74,14
2026-06-02T08:32:00Z,1.10166,1.10183,1.10157,1.10157,77,9
2026-06-02T08:33:00Z,1.10157,1.10184,1.10154,1.10176,69,11
2026-06-02T08:34:00Z,1.10176,1.10207,1.10176,1.10182,68,11
2026-06-02T08:35:00Z,1.10182,1.10182,1.10151,1.10155,63,10
2026-06-02T08:36:00Z,1.10155,1.10167,1.10123,1.10135,65,11
2026-06-02T08:37:00Z,1.10135,1.10140,1.10103,1.10103,69,9
2026-06-02T08:38:00Z,1.10103,1.10118,1.10079,1.10085,67,13
2026-06-02T08:39:00Z,1.10085,1.10089,1.10062,1.10068,68,11
2026-06-02T08:40:00Z,1.10068,1.10088,1.10063,1.10076,62,9
2026-06-02T08:41:00Z,1.10076,1.10103,1.10076,1.10090,61,9
2026-06-02T08:42:00Z,1.10090,1.10099,1.10084,1.10093,64,9
2026-06-02T08:43:00Z,1.10093,1.10111,1.10082,1.10097,61,8
2026-06-02T08:44:00Z,1.10097,1.10102,1.10076,1.10101,54,10
2026-06-02T08:45:00Z,1.10101,1.10141,1.10098,1.10141,63,9
2026-06-02T08:46:00Z,1.10141,1.10141,1.10106,1.10124,54,10
2026-06-02T08:47:00Z,1.10124,1.10124,1.10079,1.10082,61,9
2026-06-02T08:48:00Z,1.10082,1.10093,1.10062,1.10092,67,9
2026-06-02T08:49:00Z,1.10092,1.10122,1.10092,1.10115,61,10
2026-06-02T08:50:00Z,1.10115,1.10119,1.10055,1.10055,62,9
2026-06-02T08:51:00Z,1.10055,1.10055,1.10039,1.10043,63,11
2026-06-02T08:52:00Z,1.10043,1.10074,1.10029,1.10037,53,11
2026-06-02T08:53:00Z,1.10037,1.10045,1.10032,1.10037,58,11
2026-06-02T08:54:00Z,1.10037,1.10085,1.10037,1.10085,57,10
2026-06-02T08:55:00Z,1.10085,1.10146,1.10082,1.10139,64,9
2026-06-02T08:56:00Z,1.10139,1.10157,1.10133,1.10141,52,10
2026-06-02T08:57:00Z,1.10141,1.10143,1.10118,1.10118,61,12
2026-06-02T08:58:00Z,1.10118,1.10118,1.10085,1.10085,55,11
2026-06-02T08:59:00Z,1.10085,1.10091,1.10068,1.10071,56,11
2026-06-02T09:00:00Z,1.10071,1.10094,1.10071,1.10094,60,12
2026-06-02T09:01:00Z,1.10094,1.10109,1.10070,1.10070,48,10
2026-06-02T09:02:00Z,1.10070,1.10092,1.10055,1.10092,47,10
2026-06-02T09:03:00Z,1.10092,1.10123,1.10092,1.10111,56,10
2026-06-02T09:04:00Z,1.10111,1.10162,1.10111,1.10132,50,11
2026-06-02T09:05:00Z,1.10132,1.10132,1.10105,1.10109,44,12
2026-06-02T09:06:00Z,1.10109,1.10125,1.10100,1.10103,56,12
2026-06-02T09:07:00Z,1.10103,1.10126,1.10102,1.10109,51,9
2026-06-02T09:08:00Z,1.10109,1.10125,1.10100,1.10106,52,8
2026-06-02T09:09:00Z,1.10106,1.10115,1.10103,1.10108,54,8
2026-06-02T09:10:00Z,1.10108,1.10119,1.10092,1.10105,41,10
2026-06-02T09:11:00Z,1.10105,1.10132,1.10105,1.10132,43,8
2026-06-02T09:12:00Z,1.10132,1.10133,1.10110,1.10116,49,10
2026-06-02T09:13:00Z,1.10116,1.10125,1.10093,1.10106,55,10
2026-06-02T09:14:00Z,1.10106,1.10106,1.10069,1.10081,49,12
2026-06-02T09:15:00Z,1.10081,1.10116,1.10080,1.10105,54,11
2026-06-02T09:16:00Z,1.10105,1.10135,1.10103,1.10122,40,9
2026-06-02T09:17:00Z,1.10122,1.10133,1.10093,1.10101,42,9
2026-06-02T09:18:00Z,1.10101,1.10126,1.10097,1.10098,50,9
2026-06-02T09:19:00Z,1.10098,1.10115,1.10084,1.10088,38,12
2026-06-02T09:20:00Z,1.10088,1.10098,1.10068,1.10073,52,10
2026-06-02T09:21:00Z,1.10073,1.10101,1.10067,1.10101,45,11
2026-06-02T09:22:00Z,1.10101,1.10101,1.10067,1.10073,38,12
2026-06-02T09:23:00Z,1.10073,1.10073,1.10031,1.10055,45,8
2026-06-02T09:24:00Z,1.10055,1.10062,1.10039,1.10042,39,9
2026-06-02T09:25:00Z,1.10042,1.10062,1.10037,1.10061,48,8
2026-06-02T09:26:00Z,1.10061,1.10062,1.10026,1.10026,43,12
2026-06-02T09:27:00Z,1.10026,1.10043,1.10018,1.10039,45,10
2026-06-02T09:28:00Z,1.10039,1.10039,1.10007,1.10007,34,8
2026-06-02T09:29:00Z,1.10007,1.10031,1.09996,1.10031,48,10
2026-06-02T09:30:00Z,1.10031,1.10035,1.10013,1.10028,48,11
2026-06-02T09:31:00Z,1.10028,1.10044,1.10009,1.10040,46,8
2026-06-02T09:32:00Z,1.10040,1.10070,1.10040,1.10069,33,12
2026-06-02T09:33:00Z,1.10069,1.10087,1.10062,1.10073,39,10
2026-06-02T09:34:00Z,1.10073,1.10085,1.10071,1.10081,46,12
2026-06-02T09:35:00Z,1.10081,1.10081,1.10045,1.10053,46,11
2026-06-02T09:36:00Z,1.10053,1.10077,1.10051,1.10072,42,11
2026-06-02T09:37:00Z,1.10072,1.10085,1.10055,1.10057,35,8
2026-06-02T09:38:00Z,1.10057,1.10057,1.10026,1.10037,34,12
2026-06-02T09:39:00Z,1.10037,1.10069,1.10037,1.10064,34,12
2026-06-02T09:40:00Z,1.10064,1.10069,1.10049,1.10069,34,11
2026-06-02T09:41:00Z,1.10069,1.10093,1.10058,1.10084,31,9
2026-06-02T09:42:00Z,1.10084,1.10084,1.10056,1.10060,31,10
2026-06-02T09:43:00Z,1.10060,1.10070,1.10039,1.10039,35,11
2026-06-02T09:44:00Z,1.10039,1.10065,1.10039,1.10050,44,12
2026-06-02T09:45:00Z,1.10050,1.10050,1.10004,1.10004,42,12
2026-06-02T09:46:00Z,1.10004,1.10027,1.10004,1.10027,43,12
2026-06-02T09:47:00Z,1.10027,1.10045,1.10022,1.10042,32,9
2026-06-02T09:48:00Z,1.10042,1.10066,1.10031,1.10066,35,10
2026-06-02T09:49:00Z,1.10066,1.10108,1.10066,1.10108,30,10
2026-06-02T09:50:00Z,1.10108,1.10116,1.10069,1.10069,42,12
2026-06-02T09:51:00Z,1.10069,1.10078,1.10057,1.10073,36,9
2026-06-02T09:52:00Z,1.10073,1.10102,1.10069,1.10098,28,10
2026-06-02T09:53:00Z,1.10098,1.10105,1.10085,1.10101,31,12
2026-06-02T09:54:00Z,1.10101,1.10105,1.10091,1.10099,30,8
2026-06-02T09:55:00Z,1.10099,1.10116,1.10085,1.10116,34,11
2026-06-02T09:56:00Z,1.10116,1.10116,1.10082,1.10100,32,11
2026-06-02T09:57:00Z,1.10100,1.10105,1.10040,1.10047,35,11
2026-06-02T09:58:00Z,1.10047,1.10065,1.10043,1.10060,34,8
2026-06-02T09:59:00Z,1.10060,1.10095,1.10060,1.10094,28,9
2026-06-02T10:00:00Z,1.10094,1.10139,1.10094,1.10139,35,11
2026-06-02T10:01:00Z,1.10139,1.10140,1.10118,1.10128,24,11
2026-06-02T10:02:00Z,1.10128,1.10147,1.10128,1.10147,34,10
2026-06-02T10:03:00Z,1.10147,1.10173,1.10147,1.10161,30,11
2026-06-02T10:04:00Z,1.10161,1.10171,1.10150,1.10161,29,9
2026-06-02T10:05:00Z,1.10161,1.10190,1.10161,1.10165,39,10
2026-06-02T10:06:00Z,1.10165,1.10165,1.10127,1.10138,30,11
2026-06-02T10:07:00Z,1.10138,1.10138,1.10110,1.10110,35,9
2026-06-02T10:08:00Z,1.10110,1.10119,1.10100,1.10119,23,10
2026-06-02T10:09:00Z,1.10119,1.10151,1.10119,1.10143,27,12
2026-06-02T10:10:00Z,1.10143,1.10191,1.10143,1.10178,35,11
2026-06-02T10:11:00Z,1.10178,1.10201,1.10178,1.10182,28,12
2026-06-02T10:12:00Z,1.10182,1.10182,1.10155,1.10163,25,12
2026-06-02T10:13:00Z,1.10163,1.10175,1.10160,1.10161,34,12
2026-06-02T10:14:00Z,1.10161,1.10178,1.10160,1.10174,37,12
2026-06-02T10:15:00Z,1.10174,1.10214,1.10171,1.10214,23,8
2026-06-02T10:16:00Z,1.10214,1.10222,1.10192,1.10200,31,8
2026-06-02T10:17:00Z,1.10200,1.10225,1.10200,1.10225,28,8
2026-06-02T10:18:00Z,1.10225,1.10262,1.10217,1.10258,29,10
2026-06-02T10:19:00Z,1.10258,1.10263,1.10245,1.10263,28,12
2026-06-02T10:20:00Z,1.10263,1.10295,1.10263,1.10278,26,12
2026-06-02T10:21:00Z,1.10278,1.10281,1.10249,1.10256,20,10
2026-06-02T10:22:00Z,1.10256,1.10268,1.10243,1.10247,25,11
2026-06-02T10:23:00Z,1.10247,1.10277,1.10241,1.10277,36,12
2026-06-02T10:24:00Z,1.10277,1.10283,1.10271,1.10282,34,11
2026-06-02T10:25:00Z,1.10282,1.10288,1.10266,1.10266,19,10
2026-06-02T10:26:00Z,1.10266,1.10268,1.10225,1.10229,20,11
2026-06-02T10:27:00Z,1.10229,1.10245,1.10229,1.10244,20,9
2026-06-02T10:28:00Z,1.10244,1.10259,1.10238,1.10257,26,9
2026-06-02T10:29:00Z,1.10257,1.10257,1.10230,1.10230,30,10
2026-06-02T10:30:00Z,1.10230,1.10230,1.10205,1.10206,29,11
2026-06-02T10:31:00Z,1.10206,1.10247,1.10206,1.10247,27,8
2026-06-02T10:32:00Z,1.10247,1.10247,1.10214,1.10224,34,11
2026-06-02T10:33:00Z,1.10224,1.10256,1.10215,1.10256,27,8
2026-06-02T10:34:00Z,1.10256,1.10256,1.10210,1.10210,18,12
2026-06-02T10:35:00Z,1.10210,1.10221,1.10200,1.10208,23,9
2026-06-02T10:36:00Z,1.10208,1.10217,1.10199,1.10199,22,9
2026-06-02T10:37:00Z,1.10199,1.10199,1.10156,1.10167,21,12
2026-06-02T10:38:00Z,1.10167,1.10167,1.10144,1.10159,18,8
2026-06-02T10:39:00Z,1.10159,1.10167,1.10145,1.10145,26,10
2026-06-02T10:40:00Z,1.10145,1.10174,1.10145,1.10174,32,12
2026-06-02T10:41:00Z,1.10174,1.10196,1.10170,1.10196,27,8
2026-06-02T10:42:00Z,1.10196,1.10248,1.10196,1.10248,20,12
2026-06-02T10:43:00Z,1.10248,1.10255,1.10229,1.10229,25,12
2026-06-02T10:44:00Z,1.10229,1.10229,1.10171,1.10178,26,8
2026-06-02T10:45:00Z,1.10178,1.10197,1.10163,1.10175,22,9
2026-06-02T10:46:00Z,1.10175,1.10196,1.10174,1.10177,24,9
2026-06-02T10:47:00Z,1.10177,1.10215,1.10177,1.10206,33,12
2026-06-02T10:48:00Z,1.10206,1.10213,1.10167,1.10167,22,11
2026-06-02T10:49:00Z,1.10167,1.10172,1.10140,1.10165,28,8
2026-06-02T10:50:00Z,1.10165,1.10170,1.10143,1.10170,28,8
2026-06-02T10:51:00Z,1.10170,1.10176,1.10166,1.10168,19,9
2026-06-02T10:52:00Z,1.10168,1.10175,1.10155,1.10173,27,8
2026-06-02T10:53:00Z,1.10173,1.10217,1.10173,1.10217,27,8
2026-06-02T10:54:00Z,1.10217,1.10241,1.10200,1.10237,23,10
2026-06-02T10:55:00Z,1.10237,1.10252,1.10236,1.10245,17,9
2026-06-02T10:56:00Z,1.10245,1.10255,1.10238,1.10249,20,9
2026-06-02T10:57:00Z,1.10249,1.10250,1.10224,1.10240,19,11
2026-06-02T10:58:00Z,1.10240,1.10246,1.10225,1.10244,21,9
2026-06-02T10:59:00Z,1.10244,1.10254,1.10222,1.10222,22,9
2026-06-02T11:00:00Z,1.10222,1.10246,1.10220,1.10233,26,12
2026-06-02T11:01:00Z,1.10233,1.10253,1.10218,1.10253,18,9
2026-06-02T11:02:00Z,1.10253,1.10296,1.10251,1.10290,30,12
2026-06-02T11:03:00Z,1.10290,1.10310,1.10290,1.10306,31,12
2026-06-02T11:04:00Z,1.10306,1.10340,1.10297,1.10323,22,8
2026-06-02T11:05:00Z,1.10323,1.10323,1.10300,1.10303,17,12
2026-06-02T11:06:00Z,1.10303,1.10332,1.10297,1.10330,23,12
2026-06-02T11:07:00Z,1.10330,1.10342,1.10320,1.10335,31,8
2026-06-02T11:08:00Z,1.10335,1.10349,1.10335,1.10344,22,9
2026-06-02T11:09:00Z,1.10344,1.10351,1.10326,1.10327,20,10
2026-06-02T11:10:00Z,1.10327,1.10349,1.10318,1.10347,30,8
2026-06-02T11:11:00Z,1.10347,1.10360,1.10347,1.10352,17,8
2026-06-02T11:12:00Z,1.10352,1.10352,1.10304,1.10304,23,11
2026-06-02T11:13:00Z,1.10304,1.10308,1.10288,1.10299,18,12
2026-06-02T11:14:00Z,1.10299,1.10326,1.10295,1.10313,25,10
2026-06-02T11:15:00Z,1.10313,1.10325,1.10309,1.10317,24,10
2026-06-02T11:16:00Z,1.10317,1.10337,1.10301,1.10337,18,9
2026-06-02T11:17:00Z,1.10337,1.10369,1.10337,1.10369,23,9
2026-06-02T11:18:00Z,1.10369,1.10385,1.10364,1.10385,27,8
2026-06-02T11:19:00Z,1.10385,1.10412,1.10373,1.10404,23,12
2026-06-02T11:20:00Z,1.10404,1.10407,1.10384,1.10400,26,8
2026-06-02T11:21:00Z,1.10400,1.10403,1.10378,1.10395,22,10
2026-06-02T11:22:00Z,1.10395,1.10433,1.10395,1.10429,25,9
2026-06-02T11:23:00Z,1.10429,1.10469,1.10428,1.10459,24,8
2026-06-02T11:24:00Z,1.10459,1.10482,1.10459,1.10465,27,8
2026-06-02T11:25:00Z,1.10465,1.10481,1.10458,1.10477,25,10
2026-06-02T11:26:00Z,1.10477,1.10525,1.10469,1.10525,32,10
2026-06-02T11:27:00Z,1.10525,1.10546,1.10511,1.10530,29,10
2026-06-02T11:28:00Z,1.10530,1.10531,1.10485,1.10499,23,12
2026-06-02T11:29:00Z,1.10499,1.10507,1.10494,1.10495,28,12
2026-06-02T11:30:00Z,1.10495,1.10504,1.10460,1.10460,32,10
2026-06-02T11:31:00Z,1.10460,1.10485,1.10460,1.10462,33,10
2026-06-02T11:32:00Z,1.10462,1.10462,1.10435,1.10446,35,10
2026-06-02T11:33:00Z,1.10446,1.10468,1.10446,1.10463,23,9
2026-06-02T11:34:00Z,1.10463,1.10533,1.10458,1.10514,34,10
2026-06-02T11:35:00Z,1.10514,1.10592,1.10511,1.10572,34,11
2026-06-02T11:36:00Z,1.10572,1.10588,1.10559,1.10588,28,8
2026-06-02T11:37:00Z,1.10588,1.10588,1.10533,1.10559,29,8
2026-06-02T11:38:00Z,1.10559,1.10593,1.10550,1.10588,32,8
2026-06-02T11:39:00Z,1.10588,1.10588,1.10540,1.10563,35,10
2026-06-02T11:40:00Z,1.10563,1.10568,1.10531,1.10561,29,8
2026-06-02T11:41:00Z,1.10561,1.10590,1.10555,1.10555,30,10
2026-06-02T11:42:00Z,1.10555,1.10598,1.10549,1.10596,22,12
2026-06-02T11:43:00Z,1.10596,1.10638,1.10596,1.10638,20,9
2026-06-02T11:44:00Z,1.10638,1.10663,1.10638,1.10663,28,10
2026-06-02T11:45:00Z,1.10663,1.10694,1.10663,1.10673,26,12
2026-06-02T11:46:00Z,1.10673,1.10689,1.10655,1.10689,29,12
2026-06-02T11:47:00Z,1.10689,1.10690,1.10653,1.10655,31,8
2026-06-02T11:48:00Z,1.10655,1.10699,1.10650,1.10699,24,8
2026-06-02T11:49:00Z,1.10699,1.10729,1.10698,1.10729,38,9
2026-06-02T11:50:00Z,1.10729,1.10751,1.10721,1.10742,26,10
2026-06-02T11:51:00Z,1.10742,1.10745,1.10713,1.10713,29,8
2026-06-02T11:52:00Z,1.10713,1.10740,1.10689,1.10703,32,10
2026-06-02T11:53:00Z,1.10703,1.10706,1.10681,1.10695,24,11
2026-06-02T11:54:00Z,1.10695,1.10709,1.10681,1.10695,37,8
2026-06-02T11:55:00Z,1.10695,1.10721,1.10685,1.10700,34,10
2026-06-02T11:56:00Z,1.10700,1.10751,1.10700,1.10731,31,8
2026-06-02T11:57:00Z,1.10731,1.10788,1.10731,1.10776,26,11
2026-06-02T11:58:00Z,1.10776,1.10778,1.10753,1.10753,37,8
2026-06-02T11:59:00Z,1.10753,1.10753,1.10696,1.10708,25,8
2026-06-02T12:00:00Z,1.10708,1.10731,1.10692,1.10692,37,12
2026-06-02T12:01:00Z,1.10692,1.10719,1.10692,1.10704,36,8
2026-06-02T12:02:00Z,1.10704,1.10710,1.10688,1.10700,34,9
2026-06-02T12:03:00Z,1.10700,1.10705,1.10683,1.10696,32,9
2026-06-02T12:04:00Z,1.10696,1.10696,1.10668,1.10681,31,9
2026-06-02T12:05:00Z,1.10681,1.10681,1.10631,1.10631,32,11
2026-06-02T12:06:00Z,1.10631,1.10638,1.10613,1.10613,31,11
2026-06-02T12:07:00Z,1.10613,1.10656,1.10613,1.10649,32,9
2026-06-02T12:08:00Z,1.10649,1.10649,1.10620,1.10646,36,12
2026-06-02T12:09:00Z,1.10646,1.10646,1.10625,1.10626,36,9
2026-06-02T12:10:00Z,1.10626,1.10637,1.10608,1.10630,36,9
2026-06-02T12:11:00Z,1.10630,1.10660,1.10630,1.10647,43,11
2026-06-02T12:12:00Z,1.10647,1.10704,1.10647,1.10676,39,8
2026-06-02T12:13:00Z,1.10676,1.10718,1.10676,1.10718,39,8
2026-06-02T12:14:00Z,1.10718,1.10730,1.10710,1.10715,41,11
2026-06-02T12:15:00Z,1.10715,1.10719,1.10694,1.10701,44,11
2026-06-02T12:16:00Z,1.10701,1.10729,1.10690,1.10729,42,11
2026-06-02T12:17:00Z,1.10729,1.10737,1.10713,1.10737,33,9
2026-06-02T12:18:00Z,1.10737,1.10743,1.10719,1.10719,45,10
2026-06-02T12:19:00Z,1.10719,1.10746,1.10701,1.10720,41,9
2026-06-02T12:20:00Z,1.10720,1.10726,1.10690,1.10692,42,9
2026-06-02T12:21:00Z,1.10692,1.10699,1.10667,1.10686,42,8
2026-06-02T12:22:00Z,1.10686,1.10722,1.10686,1.10701,41,9
2026-06-02T12:23:00Z,1.10701,1.10720,1.10686,1.10686,34,9
2026-06-02T12:24:00Z,1.10686,1.10691,1.10660,1.10667,36,10
2026-06-02T12:25:00Z,1.10667,1.10691,1.10667,1.10679,40,10
2026-06-02T12:26:00Z,1.10679,1.10699,1.10679,1.10698,42,8
2026-06-02T12:27:00Z,1.10698,1.10703,1.10676,1.10690,45,8
2026-06-02T12:28:00Z,1.10690,1.10690,1.10647,1.10652,34,11
2026-06-02T12:29:00Z,1.10652,1.10687,1.10649,1.10678,42,8
2026-06-02T12:30:00Z,1.10678,1.10689,1.10669,1.10684,34,10
2026-06-02T12:31:00Z,1.10684,1.10700,1.10665,1.10672,37,8
2026-06-02T12:32:00Z,1.10672,1.10706,1.10672,1.10691,48,11
2026-06-02T12:33:00Z,1.10691,1.10740,1.10688,1.10740,49,8
2026-06-02T12:34:00Z,1.10740,1.10757,1.10728,1.10757,43,9
2026-06-02T12:35:00Z,1.10757,1.10769,1.10749,1.10767,47,9
2026-06-02T12:36:00Z,1.10767,1.10824,1.10767,1.10806,37,9
2026-06-02T12:37:00Z,1.10806,1.10818,1.10783,1.10785,43,10
2026-06-02T12:38:00Z,1.10785,1.10803,1.10779,1.10779,47,10
2026-06-02T12:39:00Z,1.10779,1.10789,1.10750,1.10777,45,11
2026-06-02T12:40:00Z,1.10777,1.10791,1.10773,1.10789,52,10
2026-06-02T12:41:00Z,1.10789,1.10800,1.10776,1.10785,48,9
2026-06-02T12:42:00Z,1.10785,1.10785,1.10754,1.10754,50,9
2026-06-02T12:43:00Z,1.10754,1.10781,1.10754,1.10774,43,12
2026-06-02T12:44:00Z,1.10774,1.10788,1.10756,1.10760,45,8
2026-06-02T12:45:00Z,1.10760,1.10785,1.10760,1.10774,52,10
2026-06-02T12:46:00Z,1.10774,1.10798,1.10774,1.10786,48,8
2026-06-02T12:47:00Z,1.10786,1.10796,1.10756,1.10784,44,12
2026-06-02T12:48:00Z,1.10784,1.10804,1.10784,1.10793,45,12
2026-06-02T12:49:00Z,1.10793,1.10799,1.10774,1.10774,49,10
2026-06-02T12:50:00Z,1.10774,1.10797,1.10774,1.10783,47,10
2026-06-02T12:51:00Z,1.10783,1.10807,1.10777,1.10791,52,12
2026-06-02T12:52:00Z,1.10791,1.10791,1.10752,1.10757,49,8
2026-06-02T12:53:00Z,1.10757,1.10757,1.10728,1.10735,55,9
2026-06-02T12:54:00Z,1.10735,1.10742,1.10703,1.10724,51,12
2026-06-02T12:55:00Z,1.10724,1.10724,1.10695,1.10712,50,12
2026-06-02T12:56:00Z,1.10712,1.10715,1.10677,1.10680,46,8
2026-06-02T12:57:00Z,1.10680,1.10687,1.10658,1.10681,53,8
2026-06-02T12:58:00Z,1.10681,1.10691,1.10660,1.10662,46,9
2026-06-02T12:59:00Z,1.10662,1.10667,1.10642,1.10642,52,8
2026-06-02T13:00:00Z,1.10642,1.10657,1.10607,1.10607,49,12
2026-06-02T13:01:00Z,1.10607,1.10617,1.10583,1.10583,49,11
2026-06-02T13:02:00Z,1.10583,1.10595,1.10556,1.10556,60,8
2026-06-02T13:03:00Z,1.10556,1.10603,1.10556,1.10603,56,10
2026-06-02T13:04:00Z,1.10603,1.10603,1.10568,1.10585,61,8
2026-06-02T13:05:00Z,1.10585,1.10605,1.10585,1.10605,49,12
2026-06-02T13:06:00Z,1.10605,1.10616,1.10595,1.10616,61,9
2026-06-02T13:07:00Z,1.10616,1.10639,1.10610,1.10614,60,11
2026-06-02T13:08:00Z,1.10614,1.10622,1.10588,1.10588,54,12
2026-06-02T13:09:00Z,1.10588,1.10588,1.10537,1.10555,58,11
2026-06-02T13:10:00Z,1.10555,1.10555,1.10531,1.10534,66,9
2026-06-02T13:11:00Z,1.10534,1.10542,1.10525,1.10532,66,10
2026-06-02T13:12:00Z,1.10532,1.10538,1.10515,1.10520,52,9
2026-06-02T13:13:00Z,1.10520,1.10520,1.10491,1.10504,58,10
2026-06-02T13:14:00Z,1.10504,1.10512,1.10473,1.10483,55,12
2026-06-02T13:15:00Z,1.10483,1.10483,1.10419,1.10428,57,8
2026-06-02T13:16:00Z,1.10428,1.10453,1.10415,1.10415,55,8
2026-06-02T13:17:00Z,1.10415,1.10415,1.10387,1.10410,58,9
2026-06-02T13:18:00Z,1.10410,1.10429,1.10409,1.10411,70,8
2026-06-02T13:19:00Z,1.10411,1.10417,1.10389,1.10411,62,10
2026-06-02T13:20:00Z,1.10411,1.10417,1.10388,1.10415,57,10
2026-06-02T13:21:00Z,1.10415,1.10434,1.10407,1.10434,68,9
2026-06-02T13:22:00Z,1.10434,1.10483,1.10434,1.10472,64,10
2026-06-02T13:23:00Z,1.10472,1.10509,1.10472,1.10482,69,11
2026-06-02T13:24:00Z,1.10482,1.10503,1.10449,1.10449,74,8
2026-06-02T13:25:00Z,1.10449,1.10452,1.10403,1.10403,72,10
2026-06-02T13:26:00Z,1.10403,1.10433,1.10386,1.10433,61,10
2026-06-02T13:27:00Z,1.10433,1.10450,1.10424,1.10433,75,12
2026-06-02T13:28:00Z,1.10433,1.10437,1.10390,1.10393,62,9
2026-06-02T13:29:00Z,1.10393,1.10393,1.10367,1.10376,66,10
2026-06-02T13:30:00Z,1.10376,1.10409,1.10376,1.10404,66,9
2026-06-02T13:31:00Z,1.10404,1.10418,1.10400,1.10403,69,10
2026-06-02T13:32:00Z,1.10403,1.10416,1.10384,1.10384,66,11
2026-06-02T13:33:00Z,1.10384,1.10384,1.10354,1.10373,65,11
2026-06-02T13:34:00Z,1.10373,1.10391,1.10368,1.10374,81,8
2026-06-02T13:35:00Z,1.10374,1.10374,1.10346,1.10350,81,11
2026-06-02T13:36:00Z,1.10350,1.10360,1.10340,1.10344,81,8
2026-06-02T13:37:00Z,1.10344,1.10379,1.10344,1.10374,67,9
2026-06-02T13:38:00Z,1.10374,1.10397,1.10364,1.10394,75,9
2026-06-02T13:39:00Z,1.10394,1.10413,1.10391,1.10391,71,10
2026-06-02T13:40:00Z,1.10391,1.10393,1.10366,1.10393,83,8
2026-06-02T13:41:00Z,1.10393,1.10434,1.10393,1.10406,77,11
2026-06-02T13:42:00Z,1.10406,1.10413,1.10398,1.10412,78,8
2026-06-02T13:43:00Z,1.10412,1.10473,1.10412,1.10473,76,8
2026-06-02T13:44:00Z,1.10473,1.10493,1.10449,1.10493,81,11
2026-06-02T13:45:00Z,1.10493,1.10511,1.10474,1.10511,74,9
2026-06-02T13:46:00Z,1.10511,1.10513,1.10497,1.10497,81,10
2026-06-02T13:47:00Z,1.10497,1.10546,1.10484,1.10546,85,10
2026-06-02T13:48:00Z,1.10546,1.10575,1.10546,1.10555,87,9
2026-06-02T13:49:00Z,1.10555,1.10569,1.10532,1.10567,74,9
2026-06-02T13:50:00Z,1.10567,1.10575,1.10554,1.10554,89,11
2026-06-02T13:51:00Z,1.10554,1.10554,1.10481,1.10481,76,8
2026-06-02T13:52:00Z,1.10481,1.10526,1.10479,1.10526,84,11
2026-06-02T13:53:00Z,1.10526,1.10536,1.10517,1.10526,91,10
2026-06-02T13:54:00Z,1.10526,1.10527,1.10506,1.10517,81,10
2026-06-02T13:55:00Z,1.10517,1.10568,1.10517,1.10526,86,9
2026-06-02T13:56:00Z,1.10526,1.10534,1.10515,1.10525,85,12
2026-06-02T13:57:00Z,1.10525,1.10528,1.10513,1.10515,84,12
2026-06-02T13:58:00Z,1.10515,1.10533,1.10503,1.10517,92,12
2026-06-02T13:59:00Z,1.10517,1.10528,1.10501,1.10503,93,11
2026-06-03T08:00:00Z,1.10659,1.10690,1.10654,1.10683,93,35
2026-06-03T08:01:00Z,1.10683,1.10683,1.10633,1.10633,83,30
2026-06-03T08:02:00Z,1.10633,1.10652,1.10624,1.10624,88,34
2026-06-03T08:03:00Z,1.10624,1.10631,1.10589,1.10589,84,24
2026-06-03T08:04:00Z,1.10589,1.10606,1.10584,1.10594,90,23
2026-06-03T08:05:00Z,1.10594,1.10594,1.10565,1.10583,78,27
2026-06-03T08:06:00Z,1.10583,1.10600,1.10558,1.10599,80,19
2026-06-03T08:07:00Z,1.10599,1.10599,1.10526,1.10526,91,22
2026-06-03T08:08:00Z,1.10526,1.10526,1.10496,1.10498,81,26
2026-06-03T08:09:00Z,1.10498,1.10498,1.10471,1.10475,82,18
2026-06-03T08:10:00Z,1.10475,1.10487,1.10468,1.10472,85,20
2026-06-03T08:11:00Z,1.10472,1.10472,1.10436,1.10436,90,23
2026-06-03T08:12:00Z,1.10436,1.10472,1.10433,1.10465,89,20
2026-06-03T08:13:00Z,1.10465,1.10498,1.10464,1.10487,85,16
2026-06-03T08:14:00Z,1.10487,1.10496,1.10470,1.10496,85,19
2026-06-03T08:15:00Z,1.10496,1.10585,1.10496,1.10585,87,13
2026-06-03T08:16:00Z,1.10585,1.10618,1.10583,1.10618,77,16
2026-06-03T08:17:00Z,1.10618,1.10628,1.10602,1.10621,72,18
2026-06-03T08:18:00Z,1.10621,1.10621,1.10579,1.10579,86,16
2026-06-03T08:19:00Z,1.10579,1.10598,1.10579,1.10597,83,13
2026-06-03T08:20:00Z,1.10597,1.10633,1.10597,1.10633,78,13
2026-06-03T08:21:00Z,1.10633,1.10645,1.10622,1.10636,77,14
2026-06-03T08:22:00Z,1.10636,1.10664,1.10636,1.10660,81,12
2026-06-03T08:23:00Z,1.10660,1.10682,1.10642,1.10664,81,15
2026-06-03T08:24:00Z,1.10664,1.10680,1.10664,1.10670,76,12
2026-06-03T08:25:00Z,1.10670,1.10693,1.10663,1.10677,66,11
2026-06-03T08:26:00Z,1.10677,1.10678,1.10651,1.10677,70,10
2026-06-03T08:27:00Z,1.10677,1.10688,1.10668,1.10668,77,10
2026-06-03T08:28:00Z,1.10668,1.10682,1.10662,1.10662,67,11
2026-06-03T08:29:00Z,1.10662,1.10696,1.10661,1.10666,79,11
2026-06-03T08:30:00Z,1.10666,1.10666,1.10610,1.10614,69,13
2026-06-03T08:31:00Z,1.10614,1.10624,1.10599,1.10624,72,12
2026-06-03T08:32:00Z,1.10624,1.10649,1.10624,1.10642,77,10
2026-06-03T08:33:00Z,1.10642,1.10647,1.10618,1.10618,67,13
2026-06-03T08:34:00Z,1.10618,1.10653,1.10618,1.10639,62,10
2026-06-03T08:35:00Z,1.10639,1.10668,1.10632,1.10663,69,11
2026-06-03T08:36:00Z,1.10663,1.10691,1.10661,1.10665,75,9
2026-06-03T08:37:00Z,1.10665,1.10680,1.10654,1.10680,59,13
2026-06-03T08:38:00Z,1.10680,1.10681,1.10647,1.10672,72,11
2026-06-03T08:39:00Z,1.10672,1.10701,1.10668,1.10701,58,11
2026-06-03T08:40:00Z,1.10701,1.10705,1.10679,1.10693,68,12
2026-06-03T08:41:00Z,1.10693,1.10709,1.10678,1.10678,59,13
2026-06-03T08:42:00Z,1.10678,1.10683,1.10657,1.10663,56,9
2026-06-03T08:43:00Z,1.10663,1.10684,1.10658,1.10658,60,12
2026-06-03T08:44:00Z,1.10658,1.10658,1.10611,1.10616,62,10
2026-06-03T08:45:00Z,1.10616,1.10624,1.10610,1.10622,53,9
2026-06-03T08:46:00Z,1.10622,1.10637,1.10615,1.10615,54,10
2026-06-03T08:47:00Z,1.10615,1.10641,1.10599,1.10641,56,11
2026-06-03T08:48:00Z,1.10641,1.10666,1.10633,1.10666,59,8
2026-06-03T08:49:00Z,1.10666,1.10692,1.10666,1.10685,56,11
2026-06-03T08:50:00Z,1.10685,1.10701,1.10681,1.10683,55,8
2026-06-03T08:51:00Z,1.10683,1.10709,1.10683,1.10698,61,10
2026-06-03T08:52:00Z,1.10698,1.10709,1.10692,1.10697,53,11
2026-06-03T08:53:00Z,1.10697,1.10697,1.10669,1.10693,54,9
2026-06-03T08:54:00Z,1.10693,1.10739,1.10693,1.10730,61,8
2026-06-03T08:55:00Z,1.10730,1.10743,1.10716,1.10743,58,12
2026-06-03T08:56:00Z,1.10743,1.10773,1.10743,1.10748,63,10
2026-06-03T08:57:00Z,1.10748,1.10748,1.10705,1.10715,48,12
2026-06-03T08:58:00Z,1.10715,1.10715,1.10672,1.10672,52,8
2026-06-03T08:59:00Z,1.10672,1.10697,1.10669,1.10685,49,9
2026-06-03T09:00:00Z,1.10685,1.10722,1.10674,1.10718,49,11
2026-06-03T09:01:00Z,1.10718,1.10744,1.10718,1.10733,46,9
2026-06-03T09:02:00Z,1.10733,1.10736,1.10725,1.10736,45,9
2026-06-03T09:03:00Z,1.10736,1.10741,1.10705,1.10705,44,10
2026-06-03T09:04:00Z,1.10705,1.10729,1.10705,1.10721,59,10
2026-06-03T09:05:00Z,1.10721,1.10721,1.10681,1.10681,59,8
2026-06-03T09:06:00Z,1.10681,1.10697,1.10673,1.10691,55,11
2026-06-03T09:07:00Z,1.10691,1.10691,1.10654,1.10668,54,11
2026-06-03T09:08:00Z,1.10668,1.10690,1.10668,1.10683,42,9
2026-06-03T09:09:00Z,1.10683,1.10690,1.10666,1.10672,58,12
2026-06-03T09:10:00Z,1.10672,1.10680,1.10662,1.10678,41,10
2026-06-03T09:11:00Z,1.10678,1.10693,1.10678,1.10678,56,11
2026-06-03T09:12:00Z,1.10678,1.10684,1.10654,1.10654,56,9
2026-06-03T09:13:00Z,1.10654,1.10673,1.10654,1.10667,47,9
2026-06-03T09:14:00Z,1.10667,1.10667,1.10613,1.10613,50,9
2026-06-03T09:15:00Z,1.10613,1.10672,1.10613,1.10672,55,10
2026-06-03T09:16:00Z,1.10672,1.10690,1.10666,1.10687,53,12
2026-06-03T09:17:00Z,1.10687,1.10687,1.10664,1.10678,49,12
2026-06-03T09:18:00Z,1.10678,1.10705,1.10678,1.10700,52,8
2026-06-03T09:19:00Z,1.10700,1.10728,1.10679,1.10727,38,10
2026-06-03T09:20:00Z,1.10727,1.10734,1.10703,1.10706,43,10
2026-06-03T09:21:00Z,1.10706,1.10715,1.10619,1.10619,36,8
2026-06-03T09:22:00Z,1.10619,1.10648,1.10603,1.10648,41,9
2026-06-03T09:23:00Z,1.10648,1.10658,1.10635,1.10658,44,9
2026-06-03T09:24:00Z,1.10658,1.10686,1.10654,1.10675,48,9
2026-06-03T09:25:00Z,1.10675,1.10679,1.10651,1.10673,44,12
2026-06-03T09:26:00Z,1.10673,1.10702,1.10673,1.10691,39,12
2026-06-03T09:27:00Z,1.10691,1.10709,1.10683,1.10692,50,12
2026-06-03T09:28:00Z,1.10692,1.10768,1.10692,1.10768,49,10
2026-06-03T09:29:00Z,1.10768,1.10768,1.10725,1.10730,47,9
2026-06-03T09:30:00Z,1.10730,1.10750,1.10728,1.10728,39,11
2026-06-03T09:31:00Z,1.10728,1.10738,1.10722,1.10729,46,10
2026-06-03T09:32:00Z,1.10729,1.10743,1.10710,1.10710,32,11
2026-06-03T09:33:00Z,1.10710,1.10729,1.10710,1.10727,35,10
2026-06-03T09:34:00Z,1.10727,1.10733,1.10714,1.10732,48,8
2026-06-03T09:35:00Z,1.10732,1.10734,1.10696,1.10696,36,8
2026-06-03T09:36:00Z,1.10696,1.10696,1.10644,1.10673,39,11
2026-06-03T09:37:00Z,1.10673,1.10686,1.10667,1.10675,42,12
2026-06-03T09:38:00Z,1.10675,1.10686,1.10639,1.10642,30,9
2026-06-03T09:39:00Z,1.10642,1.10648,1.10617,1.10648,41,10
2026-06-03T09:40:00Z,1.10648,1.10648,1.10611,1.10623,44,11
2026-06-03T09:41:00Z,1.10623,1.10637,1.10617,1.10627,40,11
2026-06-03T09:42:00Z,1.10627,1.10627,1.10599,1.10610,30,10
2026-06-03T09:43:00Z,1.10610,1.10660,1.10610,1.10657,34,11
2026-06-03T09:44:00Z,1.10657,1.10670,1.10589,1.10589,29,12
2026-06-03T09:45:00Z,1.10589,1.10589,1.10549,1.10559,32,8
2026-06-03T09:46:00Z,1.10559,1.10559,1.10536,1.10555,39,11
2026-06-03T09:47:00Z,1.10555,1.10563,1.10506,1.10506,40,12
2026-06-03T09:48:00Z,1.10506,1.10567,1.10506,1.10560,27,12
2026-06-03T09:49:00Z,1.10560,1.10575,1.10547,1.10559,38,11
2026-06-03T09:50:00Z,1.10559,1.10574,1.10551,1.10574,28,11
2026-06-03T09:51:00Z,1.10574,1.10580,1.10528,1.10528,31,12
2026-06-03T09:52:00Z,1.10528,1.10534,1.10510,1.10534,29,9
2026-06-03T09:53:00Z,1.10534,1.10561,1.10534,1.10561,33,8
2026-06-03T09:54:00Z,1.10561,1.10606,1.10550,1.10574,27,10
2026-06-03T09:55:00Z,1.10574,1.10594,1.10560,1.10577,30,10
2026-06-03T09:56:00Z,1.10577,1.10585,1.10558,1.10566,25,8
2026-06-03T09:57:00Z,1.10566,1.10566,1.10514,1.10536,33,10
2026-06-03T09:58:00Z,1.10536,1.10581,1.10536,1.10570,39,9
2026-06-03T09:59:00Z,1.10570,1.10608,1.10568,1.10608,28,11
2026-06-03T10:00:00Z,1.10608,1.10654,1.10608,1.10645,27,12
2026-06-03T10:01:00Z,1.10645,1.10656,1.10641,1.10652,34,12
2026-06-03T10:02:00Z,1.10652,1.10662,1.10644,1.10657,38,11
2026-06-03T10:03:00Z,1.10657,1.10680,1.10646,1.10680,32,12
2026-06-03T10:04:00Z,1.10680,1.10681,1.10639,1.10639,27,8
2026-06-03T10:05:00Z,1.10639,1.10667,1.10637,1.10662,30,8
2026-06-03T10:06:00Z,1.10662,1.10679,1.10642,1.10642,34,12
2026-06-03T10:07:00Z,1.10642,1.10679,1.10631,1.10638,32,12
2026-06-03T10:08:00Z,1.10638,1.10642,1.10622,1.10629,25,12
2026-06-03T10:09:00Z,1.10629,1.10654,1.10629,1.10634,35,11
2026-06-03T10:10:00Z,1.10634,1.10639,1.10616,1.10633,36,11
2026-06-03T10:11:00Z,1.10633,1.10636,1.10618,1.10631,29,10
2026-06-03T10:12:00Z,1.10631,1.10643,1.10612,1.10632,33,8
2026-06-03T10:13:00Z,1.10632,1.10655,1.10618,1.10654,24,9
2026-06-03T10:14:00Z,1.10654,1.10654,1.10620,1.10620,35,12
2026-06-03T10:15:00Z,1.10620,1.10620,1.10562,1.10579,34,11
2026-06-03T10:16:00Z,1.10579,1.10586,1.10551,1.10551,25,10
2026-06-03T10:17:00Z,1.10551,1.10566,1.10547,1.10566,30,10
2026-06-03T10:18:00Z,1.10566,1.10573,1.10538,1.10553,26,10
2026-06-03T10:19:00Z,1.10553,1.10572,1.10553,1.10557,31,11
2026-06-03T10:20:00Z,1.10557,1.10568,1.10550,1.10565,20,10
2026-06-03T10:21:00Z,1.10565,1.10585,1.10546,1.10562,24,10
2026-06-03T10:22:00Z,1.10562,1.10578,1.10550,1.10564,30,11
2026-06-03T10:23:00Z,1.10564,1.10565,1.10531,1.10542,34,8
2026-06-03T10:24:00Z,1.10542,1.10567,1.10530,1.10567,32,12
2026-06-03T10:25:00Z,1.10567,1.10600,1.10567,1.10600,31,12
2026-06-03T10:26:00Z,1.10600,1.10600,1.10584,1.10597,34,9
2026-06-03T10:27:00Z,1.10597,1.10619,1.10594,1.10607,33,8
2026-06-03T10:28:00Z,1.10607,1.10629,1.10607,1.10626,22,12
2026-06-03T10:29:00Z,1.10626,1.10631,1.10595,1.10608,20,9
2026-06-03T10:30:00Z,1.10608,1.10626,1.10608,1.10615,28,10
2026-06-03T10:31:00Z,1.10615,1.10624,1.10589,1.10624,26,11
2026-06-03T10:32:00Z,1.10624,1.10628,1.10601,1.10622,18,8
2026-06-03T10:33:00Z,1.10622,1.10622,1.10601,1.10609,32,12
2026-06-03T10:34:00Z,1.10609,1.10630,1.10605,1.10630,21,12
2026-06-03T10:35:00Z,1.10630,1.10635,1.10605,1.10605,26,12
2026-06-03T10:36:00Z,1.10605,1.10613,1.10582,1.10582,18,9
2026-06-03T10:37:00Z,1.10582,1.10596,1.10570,1.10589,23,11
2026-06-03T10:38:00Z,1.10589,1.10645,1.10589,1.10645,34,11
2026-06-03T10:39:00Z,1.10645,1.10649,1.10632,1.10632,31,11
2026-06-03T10:40:00Z,1.10632,1.10637,1.10608,1.10614,25,10
2026-06-03T10:41:00Z,1.10614,1.10646,1.10614,1.10646,17,11
2026-06-03T10:42:00Z,1.10646,1.10657,1.10641,1.10645,32,11
2026-06-03T10:43:00Z,1.10645,1.10678,1.10643,1.10678,20,11
2026-06-03T10:44:00Z,1.10678,1.10693,1.10668,1.10668,25,12
2026-06-03T10:45:00Z,1.10668,1.10668,1.10592,1.10592,32,10
2026-06-03T10:46:00Z,1.10592,1.10605,1.10557,1.10557,18,9
2026-06-03T10:47:00Z,1.10557,1.10572,1.10557,1.10572,27,12
2026-06-03T10:48:00Z,1.10572,1.10579,1.10540,1.10540,24,12
2026-06-03T10:49:00Z,1.10540,1.10606,1.10540,1.10585,31,11
2026-06-03T10:50:00Z,1.10585,1.10585,1.10541,1.10569,23,10
2026-06-03T10:51:00Z,1.10569,1.10569,1.10532,1.10534,20,8
2026-06-03T10:52:00Z,1.10534,1.10562,1.10534,1.10555,30,12
2026-06-03T10:53:00Z,1.10555,1.10579,1.10551,1.10572,30,9
2026-06-03T10:54:00Z,1.10572,1.10623,1.10572,1.10623,20,11
2026-06-03T10:55:00Z,1.10623,1.10623,1.10592,1.10604,23,9
2026-06-03T10:56:00Z,1.10604,1.10689,1.10604,1.10686,33,8
2026-06-03T10:57:00Z,1.10686,1.10710,1.10673,1.10700,31,9
2026-06-03T10:58:00Z,1.10700,1.10709,1.10684,1.10709,29,11
2026-06-03T10:59:00Z,1.10709,1.10721,1.10707,1.10721,24,10
2026-06-03T11:00:00Z,1.10721,1.10744,1.10709,1.10729,22,10
2026-06-03T11:01:00Z,1.10729,1.10748,1.10721,1.10746,18,12
2026-06-03T11:02:00Z,1.10746,1.10763,1.10726,1.10726,20,8
2026-06-03T11:03:00Z,1.10726,1.10747,1.10717,1.10736,19,10
2026-06-03T11:04:00Z,1.10736,1.10748,1.10725,1.10738,25,8
2026-06-03T11:05:00Z,1.10738,1.10751,1.10729,1.10751,25,9
2026-06-03T11:06:00Z,1.10751,1.10751,1.10697,1.10697,28,12
2026-06-03T11:07:00Z,1.10697,1.10742,1.10695,1.10734,22,12
2026-06-03T11:08:00Z,1.10734,1.10735,1.10708,1.10723,28,8
2026-06-03T11:09:00Z,1.10723,1.10757,1.10723,1.10752,21,12
2026-06-03T11:10:00Z,1.10752,1.10752,1.10714,1.10726,23,8
2026-06-03T11:11:00Z,1.10726,1.10727,1.10677,1.10689,28,9
2026-06-03T11:12:00Z,1.10689,1.10761,1.10689,1.10761,28,10
2026-06-03T11:13:00Z,1.10761,1.10761,1.10718,1.10718,32,8
2026-06-03T11:14:00Z,1.10718,1.10718,1.10650,1.10650,30,12
2026-06-03T11:15:00Z,1.10650,1.10693,1.10646,1.10693,26,10
2026-06-03T11:16:00Z,1.10693,1.10715,1.10693,1.10707,19,10
2026-06-03T11:17:00Z,1.10707,1.10742,1.10703,1.10734,31,8
2026-06-03T11:18:00Z,1.10734,1.10748,1.10728,1.10748,22,8
2026-06-03T11:19:00Z,1.10748,1.10748,1.10724,1.10743,24,9
2026-06-03T11:20:00Z,1.10743,1.10747,1.10720,1.10720,23,12
2026-06-03T11:21:00Z,1.10720,1.10739,1.10720,1.10735,18,8
2026-06-03T11:22:00Z,1.10735,1.10745,1.10709,1.10734,34,12
2026-06-03T11:23:00Z,1.10734,1.10738,1.10707,1.10717,33,10
2026-06-03T11:24:00Z,1.10717,1.10752,1.10717,1.10730,30,11
2026-06-03T11:25:00Z,1.10730,1.10752,1.10730,1.10752,28,8
2026-06-03T11:26:00Z,1.10752,1.10767,1.10746,1.10767,27,10
2026-06-03T11:27:00Z,1.10767,1.10789,1.10764,1.10771,27,12
2026-06-03T11:28:00Z,1.10771,1.10775,1.10758,1.10758,18,12
2026-06-03T11:29:00Z,1.10758,1.10766,1.10748,1.10766,26,8
2026-06-03T11:30:00Z,1.10766,1.10783,1.10766,1.10778,35,8
2026-06-03T11:31:00Z,1.10778,1.10792,1.10776,1.10776,30,10
2026-06-03T11:32:00Z,1.10776,1.10790,1.10750,1.10752,29,11
2026-06-03T11:33:00Z,1.10752,1.10758,1.10728,1.10735,20,9
2026-06-03T11:34:00Z,1.10735,1.10735,1.10655,1.10655,35,9
2026-06-03T11:35:00Z,1.10655,1.10658,1.10643,1.10658,33,12
2026-06-03T11:36:00Z,1.10658,1.10669,1.10645,1.10645,19,11
2026-06-03T11:37:00Z,1.10645,1.10680,1.10637,1.10680,23,9
2026-06-03T11:38:00Z,1.10680,1.10716,1.10680,1.10708,22,10
2026-06-03T11:39:00Z,1.10708,1.10708,1.10669,1.10690,34,10
2026-06-03T11:40:00Z,1.10690,1.10690,1.10642,1.10653,25,12
2026-06-03T11:41:00Z,1.10653,1.10681,1.10653,1.10673,26,11
2026-06-03T11:42:00Z,1.10673,1.10675,1.10654,1.10675,20,10
2026-06-03T11:43:00Z,1.10675,1.10687,1.10664,1.10687,26,8
2026-06-03T11:44:00Z,1.10687,1.10687,1.10630,1.10632,31,11
2026-06-03T11:45:00Z,1.10632,1.10644,1.10626,1.10632,24,9
2026-06-03T11:46:00Z,1.10632,1.10656,1.10628,1.10631,24,11
2026-06-03T11:47:00Z,1.10631,1.10649,1.10631,1.10638,32,12
2026-06-03T11:48:00Z,1.10638,1.10651,1.10616,1.10618,28,10
2026-06-03T11:49:00Z,1.10618,1.10624,1.10586,1.10610,36,9
2026-06-03T11:50:00Z,1.10610,1.10616,1.10573,1.10573,30,12
2026-06-03T11:51:00Z,1.10573,1.10577,1.10557,1.10557,37,10
2026-06-03T11:52:00Z,1.10557,1.10608,1.10551,1.10608,37,11
2026-06-03T11:53:00Z,1.10608,1.10628,1.10596,1.10615,31,12
2026-06-03T11:54:00Z,1.10615,1.10619,1.10602,1.10606,36,8
2026-06-03T11:55:00Z,1.10606,1.10609,1.10570,1.10570,35,9
2026-06-03T11:56:00Z,1.10570,1.10570,1.10523,1.10523,29,9
2026-06-03T11:57:00Z,1.10523,1.10523,1.10458,1.10468,29,12
2026-06-03T11:58:00Z,1.10468,1.10521,1.10468,1.10521,40,8
2026-06-03T11:59:00Z,1.10521,1.10522,1.10475,1.10485,36,10
2026-06-03T12:00:00Z,1.10485,1.10485,1.10443,1.10450,36,9
2026-06-03T12:01:00Z,1.10450,1.10450,1.10405,1.10420,29,11
2026-06-03T12:02:00Z,1.10420,1.10422,1.10399,1.10399,29,8
2026-06-03T12:03:00Z,1.10399,1.10447,1.10399,1.10444,32,11
2026-06-03T12:04:00Z,1.10444,1.10444,1.10417,1.10419,41,9
2026-06-03T12:05:00Z,1.10419,1.10482,1.10419,1.10479,26,9
2026-06-03T12:06:00Z,1.10479,1.10533,1.10479,1.10518,39,10
2026-06-03T12:07:00Z,1.10518,1.10586,1.10518,1.10577,39,12
2026-06-03T12:08:00Z,1.10577,1.10577,1.10536,1.10550,38,9
2026-06-03T12:09:00Z,1.10550,1.10560,1.10514,1.10524,30,10
2026-06-03T12:10:00Z,1.10524,1.10524,1.10503,1.10522,40,11
2026-06-03T12:11:00Z,1.10522,1.10527,1.10479,1.10492,36,12
2026-06-03T12:12:00Z,1.10492,1.10551,1.10492,1.10545,29,9
2026-06-03T12:13:00Z,1.10545,1.10571,1.10533,1.10547,30,8
2026-06-03T12:14:00Z,1.10547,1.10565,1.10533,1.10540,40,12
2026-06-03T12:15:00Z,1.10540,1.10546,1.10523,1.10539,33,9
2026-06-03T12:16:00Z,1.10539,1.10543,1.10514,1.10543,31,10
2026-06-03T12:17:00Z,1.10543,1.10543,1.10516,1.10533,39,9
2026-06-03T12:18:00Z,1.10533,1.10547,1.10523,1.10547,38,10
2026-06-03T12:19:00Z,1.10547,1.10584,1.10543,1.10569,35,12
2026-06-03T12:20:00Z,1.10569,1.10582,1.10563,1.10573,36,9
2026-06-03T12:21:00Z,1.10573,1.10581,1.10564,1.10573,44,12
2026-06-03T12:22:00Z,1.10573,1.10574,1.10546,1.10573,32,12
2026-06-03T12:23:00Z,1.10573,1.10573,1.10538,1.10554,37,8
2026-06-03T12:24:00Z,1.10554,1.10559,1.10517,1.10536,42,11
2026-06-03T12:25:00Z,1.10536,1.10565,1.10536,1.10540,45,11
2026-06-03T12:26:00Z,1.10540,1.10564,1.10524,1.10564,43,8
2026-06-03T12:27:00Z,1.10564,1.10564,1.10525,1.10525,39,9
2026-06-03T12:28:00Z,1.10525,1.10558,1.10524,1.10558,45,11
2026-06-03T12:29:00Z,1.10558,1.10583,1.10555,1.10579,39,12
2026-06-03T12:30:00Z,1.10579,1.10586,1.10560,1.10582,35,11
2026-06-03T12:31:00Z,1.10582,1.10590,1.10535,1.10554,40,12
2026-06-03T12:32:00Z,1.10554,1.10554,1.10510,1.10519,46,10
2026-06-03T12:33:00Z,1.10519,1.10527,1.10491,1.10518,49,10
2026-06-03T12:34:00Z,1.10518,1.10559,1.10518,1.10552,46,9
2026-06-03T12:35:00Z,1.10552,1.10583,1.10545,1.10545,40,12
2026-06-03T12:36:00Z,1.10545,1.10552,1.10524,1.10524,40,8
2026-06-03T12:37:00Z,1.10524,1.10524,1.10496,1.10508,41,8
2026-06-03T12:38:00Z,1.10508,1.10509,1.10489,1.10490,43,9
2026-06-03T12:39:00Z,1.10490,1.10520,1.10490,1.10516,41,10
2026-06-03T12:40:00Z,1.10516,1.10530,1.10504,1.10525,40,9
2026-06-03T12:41:00Z,1.10525,1.10530,1.10512,1.10513,50,8
2026-06-03T12:42:00Z,1.10513,1.10537,1.10511,1.10517,50,11
2026-06-03T12:43:00Z,1.10517,1.10547,1.10510,1.10547,51,12
2026-06-03T12:44:00Z,1.10547,1.10583,1.10545,1.10574,40,12
2026-06-03T12:45:00Z,1.10574,1.10574,1.10541,1.10566,46,8
2026-06-03T12:46:00Z,1.10566,1.10608,1.10566,1.10608,50,8
2026-06-03T12:47:00Z,1.10608,1.10611,1.10593,1.10600,40,12
2026-06-03T12:48:00Z,1.10600,1.10607,1.10580,1.10605,43,12
2026-06-03T12:49:00Z,1.10605,1.10661,1.10605,1.10644,46,11
2026-06-03T12:50:00Z,1.10644,1.10657,1.10637,1.10647,52,11
2026-06-03T12:51:00Z,1.10647,1.10686,1.10646,1.10686,44,8
2026-06-03T12:52:00Z,1.10686,1.10725,1.10686,1.10699,42,9
2026-06-03T12:53:00Z,1.10699,1.10702,1.10655,1.10656,56,9
2026-06-03T12:54:00Z,1.10656,1.10661,1.10618,1.10618,47,11
2026-06-03T12:55:00Z,1.10618,1.10638,1.10611,1.10638,47,10
2026-06-03T12:56:00Z,1.10638,1.10638,1.10592,1.10595,53,10
2026-06-03T12:57:00Z,1.10595,1.10595,1.10557,1.10563,45,11
2026-06-03T12:58:00Z,1.10563,1.10575,1.10556,1.10556,59,11
2026-06-03T12:59:00Z,1.10556,1.10576,1.10556,1.10566,46,11
2026-06-03T13:00:00Z,1.10566,1.10584,1.10564,1.10584,55,12
2026-06-03T13:01:00Z,1.10584,1.10584,1.10557,1.10576,59,8
2026-06-03T13:02:00Z,1.10576,1.10586,1.10557,1.10577,62,12
2026-06-03T13:03:00Z,1.10577,1.10592,1.10555,1.10592,48,8
2026-06-03T13:04:00Z,1.10592,1.10596,1.10574,1.10592,54,11
2026-06-03T13:05:00Z,1.10592,1.10592,1.10552,1.10552,62,8
2026-06-03T13:06:00Z,1.10552,1.10552,1.10533,1.10538,52,10
2026-06-03T13:07:00Z,1.10538,1.10560,1.10522,1.10548,55,8
2026-06-03T13:08:00Z,1.10548,1.10580,1.10544,1.10573,60,10
2026-06-03T13:09:00Z,1.10573,1.10575,1.10531,1.10531,60,9
2026-06-03T13:10:00Z,1.10531,1.10533,1.10477,1.10477,51,9
2026-06-03T13:11:00Z,1.10477,1.10477,1.10424,1.10429,55,9
2026-06-03T13:12:00Z,1.10429,1.10435,1.10410,1.10416,57,9
2026-06-03T13:13:00Z,1.10416,1.10462,1.10416,1.10445,60,12
2026-06-03T13:14:00Z,1.10445,1.10472,1.10445,1.10472,55,11
2026-06-03T13:15:00Z,1.10472,1.10496,1.10472,1.10475,65,11
2026-06-03T13:16:00Z,1.10475,1.10512,1.10473,1.10494,70,8
2026-06-03T13:17:00Z,1.10494,1.10539,1.10491,1.10539,67,11
2026-06-03T13:18:00Z,1.10539,1.10566,1.10539,1.10561,69,9
2026-06-03T13:19:00Z,1.10561,1.10561,1.10520,1.10520,72,8
2026-06-03T13:20:00Z,1.10520,1.10532,1.10505,1.10511,61,12
2026-06-03T13:21:00Z,1.10511,1.10523,1.10491,1.10514,70,8
2026-06-03T13:22:00Z,1.10514,1.10522,1.10498,1.10514,68,8
2026-06-03T13:23:00Z,1.10514,1.10514,1.10486,1.10508,64,10
2026-06-03T13:24:00Z,1.10508,1.10509,1.10492,1.10492,61,8
2026-06-03T13:25:00Z,1.10492,1.10521,1.10492,1.10501,74,8
2026-06-03T13:26:00Z,1.10501,1.10543,1.10501,1.10527,67,10
2026-06-03T13:27:00Z,1.10527,1.10550,1.10518,1.10550,68,9
2026-06-03T13:28:00Z,1.10550,1.10550,1.10516,1.10523,67,11
2026-06-03T13:29:00Z,1.10523,1.10539,1.10513,1.10523,70,9
2026-06-03T13:30:00Z,1.10523,1.10536,1.10494,1.10494,72,10
2026-06-03T13:31:00Z,1.10494,1.10494,1.10436,1.10436,71,9
2026-06-03T13:32:00Z,1.10436,1.10443,1.10417,1.10423,67,11
2026-06-03T13:33:00Z,1.10423,1.10429,1.10386,1.10397,77,12
2026-06-03T13:34:00Z,1.10397,1.10405,1.10381,1.10388,81,10
2026-06-03T13:35:00Z,1.10388,1.10397,1.10379,1.10379,67,11
2026-06-03T13:36:00Z,1.10379,1.10384,1.10360,1.10377,74,8
2026-06-03T13:37:00Z,1.10377,1.10379,1.10344,1.10344,74,9
2026-06-03T13:38:00Z,1.10344,1.10360,1.10337,1.10337,80,9
2026-06-03T13:39:00Z,1.10337,1.10369,1.10326,1.10369,82,9
2026-06-03T13:40:00Z,1.10369,1.10386,1.10352,1.10386,84,11
2026-06-03T13:41:00Z,1.10386,1.10401,1.10386,1.10391,84,9
2026-06-03T13:42:00Z,1.10391,1.10393,1.10366,1.10376,73,12
2026-06-03T13:43:00Z,1.10376,1.10382,1.10354,1.10359,86,10
2026-06-03T13:44:00Z,1.10359,1.10378,1.10349,1.10378,87,11
2026-06-03T13:45:00Z,1.10378,1.10399,1.10366,1.10389,76,9
2026-06-03T13:46:00Z,1.10389,1.10394,1.10366,1.10375,80,10
2026-06-03T13:47:00Z,1.10375,1.10375,1.10354,1.10363,81,10
2026-06-03T13:48:00Z,1.10363,1.10389,1.10363,1.10385,89,12
2026-06-03T13:49:00Z,1.10385,1.10449,1.10371,1.10449,84,11
2026-06-03T13:50:00Z,1.10449,1.10450,1.10429,1.10448,81,8
2026-06-03T13:51:00Z,1.10448,1.10468,1.10445,1.10460,80,11
2026-06-03T13:52:00Z,1.10460,1.10465,1.10442,1.10442,78,11
2026-06-03T13:53:00Z,1.10442,1.10463,1.10424,1.10463,93,8
2026-06-03T13:54:00Z,1.10463,1.10491,1.10458,1.10491,91,12
2026-06-03T13:55:00Z,1.10491,1.10511,1.10489,1.10497,90,9
2026-06-03T13:56:00Z,1.10497,1.10508,1.10476,1.10504,83,8
2026-06-03T13:57:00Z,1.10504,1.10505,1.10484,1.10490,90,9
2026-06-03T13:58:00Z,1.10490,1.10517,1.10490,1.10508,95,9
2026-06-03T13:59:00Z,1.10508,1.10508,1.10484,1.10493,85,12
2026-06-04T08:00:00Z,1.10162,1.10168,1.10135,1.10135,96,38
2026-06-04T08:01:00Z,1.10135,1.10135,1.10059,1.10059,82,24
2026-06-04T08:02:00Z,1.10059,1.10070,1.10051,1.10070,95,34
2026-06-04T08:03:00Z,1.10070,1.10070,1.10053,1.10059,85,22
2026-06-04T08:04:00Z,1.10059,1.10088,1.10059,1.10080,82,23
2026-06-04T08:05:00Z,1.10080,1.10080,1.10051,1.10068,85,27
2026-06-04T08:06:00Z,1.10068,1.10079,1.10064,1.10067,84,21
2026-06-04T08:07:00Z,1.10067,1.10078,1.10057,1.10057,83,27
2026-06-04T08:08:00Z,1.10057,1.10081,1.10040,1.10040,84,19
2026-06-04T08:09:00Z,1.10040,1.10040,1.09995,1.09997,79,18
2026-06-04T08:10:00Z,1.09997,1.10035,1.09996,1.10035,89,22
2026-06-04T08:11:00Z,1.10035,1.10035,1.10009,1.10020,90,21
2026-06-04T08:12:00Z,1.10020,1.10025,1.10002,1.10012,83,14
2026-06-04T08:13:00Z,1.10012,1.10037,1.09990,1.10037,77,19
2026-06-04T08:14:00Z,1.10037,1.10045,1.10011,1.10014,72,15
2026-06-04T08:15:00Z,1.10014,1.10053,1.10012,1.10041,81,15
2026-06-04T08:16:00Z,1.10041,1.10041,1.10019,1.10032,79,16
2026-06-04T08:17:00Z,1.10032,1.10037,1.10023,1.10035,84,18
2026-06-04T08:18:00Z,1.10035,1.10044,1.10021,1.10031,86,12
2026-06-04T08:19:00Z,1.10031,1.10085,1.10031,1.10085,80,16
2026-06-04T08:20:00Z,1.10085,1.10108,1.10066,1.10106,82,14
2026-06-04T08:21:00Z,1.10106,1.10139,1.10093,1.10133,84,17
2026-06-04T08:22:00Z,1.10133,1.10136,1.10106,1.10136,75,11
2026-06-04T08:23:00Z,1.10136,1.10160,1.10136,1.10152,75,16
2026-06-04T08:24:00Z,1.10152,1.10169,1.10138,1.10144,75,13
2026-06-04T08:25:00Z,1.10144,1.10163,1.10141,1.10151,79,14
2026-06-04T08:26:00Z,1.10151,1.10185,1.10147,1.10166,74,10
2026-06-04T08:27:00Z,1.10166,1.10184,1.10164,1.10179,76,15
2026-06-04T08:28:00Z,1.10179,1.10191,1.10171,1.10179,73,11
2026-06-04T08:29:00Z,1.10179,1.10184,1.10167,1.10177,70,14
2026-06-04T08:30:00Z,1.10177,1.10192,1.10169,1.10172,69,14
2026-06-04T08:31:00Z,1.10172,1.10172,1.10147,1.10161,77,10
2026-06-04T08:32:00Z,1.10161,1.10169,1.10139,1.10162,68,13
2026-06-04T08:33:00Z,1.10162,1.10175,1.10149,1.10175,66,13
2026-06-04T08:34:00Z,1.10175,1.10220,1.10173,1.10204,72,14
2026-06-04T08:35:00Z,1.10204,1.10217,1.10186,1.10198,75,12
2026-06-04T08:36:00Z,1.10198,1.10198,1.10133,1.10133,67,13
2026-06-04T08:37:00Z,1.10133,1.10169,1.10133,1.10169,67,13
2026-06-04T08:38:00Z,1.10169,1.10208,1.10169,1.10196,61,11
2026-06-04T08:39:00Z,1.10196,1.10204,1.10167,1.10169,65,12
2026-06-04T08:40:00Z,1.10169,1.10174,1.10158,1.10162,60,11
2026-06-04T08:41:00Z,1.10162,1.10177,1.10149,1.10149,67,10
2026-06-04T08:42:00Z,1.10149,1.10185,1.10149,1.10175,66,10
2026-06-04T08:43:00Z,1.10175,1.10194,1.10172,1.10177,70,12
2026-06-04T08:44:00Z,1.10177,1.10206,1.10160,1.10196,54,13
2026-06-04T08:45:00Z,1.10196,1.10245,1.10196,1.10225,60,13
2026-06-04T08:46:00Z,1.10225,1.10230,1.10193,1.10216,53,10
2026-06-04T08:47:00Z,1.10216,1.10266,1.10214,1.10252,68,13
2026-06-04T08:48:00Z,1.10252,1.10254,1.10216,1.10217,52,11
2026-06-04T08:49:00Z,1.10217,1.10219,1.10201,1.10217,58,9
2026-06-04T08:50:00Z,1.10217,1.10229,1.10150,1.10150,60,9
2026-06-04T08:51:00Z,1.10150,1.10162,1.10132,1.10159,54,9
2026-06-04T08:52:00Z,1.10159,1.10230,1.10159,1.10230,60,12
2026-06-04T08:53:00Z,1.10230,1.10253,1.10230,1.10236,57,10
2026-06-04T08:54:00Z,1.10236,1.10270,1.10223,1.10270,59,8
2026-06-04T08:55:00Z,1.10270,1.10351,1.10261,1.10351,54,12
2026-06-04T08:56:00Z,1.10351,1.10359,1.10338,1.10347,59,10
2026-06-04T08:57:00Z,1.10347,1.10357,1.10332,1.10355,49,9
2026-06-04T08:58:00Z,1.10355,1.10418,1.10351,1.10418,62,8
2026-06-04T08:59:00Z,1.10418,1.10418,1.10397,1.10411,57,8
2026-06-04T09:00:00Z,1.10411,1.10419,1.10365,1.10376,59,10
2026-06-04T09:01:00Z,1.10376,1.10376,1.10343,1.10350,59,8
2026-06-04T09:02:00Z,1.10350,1.10350,1.10320,1.10338,47,8
2026-06-04T09:03:00Z,1.10338,1.10353,1.10321,1.10322,46,9
2026-06-04T09:04:00Z,1.10322,1.10342,1.10316,1.10337,46,8
2026-06-04T09:05:00Z,1.10337,1.10341,1.10304,1.10325,58,12
2026-06-04T09:06:00Z,1.10325,1.10325,1.10285,1.10304,44,8
2026-06-04T09:07:00Z,1.10304,1.10355,1.10303,1.10355,49,10
2026-06-04T09:08:00Z,1.10355,1.10371,1.10336,1.10347,58,10
2026-06-04T09:09:00Z,1.10347,1.10375,1.10347,1.10371,54,10
2026-06-04T09:10:00Z,1.10371,1.10411,1.10371,1.10410,50,11
2026-06-04T09:11:00Z,1.10410,1.10431,1.10406,1.10407,41,8
2026-06-04T09:12:00Z,1.10407,1.10431,1.10407,1.10419,45,11
2026-06-04T09:13:00Z,1.10419,1.10435,1.10405,1.10435,40,8
2026-06-04T09:14:00Z,1.10435,1.10447,1.10422,1.10428,43,8
2026-06-04T09:15:00Z,1.10428,1.10431,1.10397,1.10397,39,12
2026-06-04T09:16:00Z,1.10397,1.10422,1.10391,1.10399,48,10
2026-06-04T09:17:00Z,1.10399,1.10399,1.10354,1.10354,51,9
2026-06-04T09:18:00Z,1.10354,1.10360,1.10298,1.10298,40,10
2026-06-04T09:19:00Z,1.10298,1.10312,1.10287,1.10294,51,12
2026-06-04T09:20:00Z,1.10294,1.10294,1.10242,1.10263,46,10
2026-06-04T09:21:00Z,1.10263,1.10277,1.10263,1.10274,41,10
2026-06-04T09:22:00Z,1.10274,1.10276,1.10251,1.10251,42,12
2026-06-04T09:23:00Z,1.10251,1.10259,1.10214,1.10236,48,10
2026-06-04T09:24:00Z,1.10236,1.10269,1.10230,1.10269,35,9
2026-06-04T09:25:00Z,1.10269,1.10317,1.10265,1.10308,43,9
2026-06-04T09:26:00Z,1.10308,1.10326,1.10308,1.10317,48,9
2026-06-04T09:27:00Z,1.10317,1.10348,1.10317,1.10337,48,9
2026-06-04T09:28:00Z,1.10337,1.10359,1.10330,1.10359,47,12
2026-06-04T09:29:00Z,1.10359,1.10376,1.10356,1.10363,35,10
2026-06-04T09:30:00Z,1.10363,1.10363,1.10322,1.10322,35,10
2026-06-04T09:31:00Z,1.10322,1.10326,1.10300,1.10313,45,11
2026-06-04T09:32:00Z,1.10313,1.10321,1.10307,1.10316,38,9
2026-06-04T09:33:00Z,1.10316,1.10337,1.10315,1.10328,45,10
2026-06-04T09:34:00Z,1.10328,1.10350,1.10317,1.10331,45,9
2026-06-04T09:35:00Z,1.10331,1.10356,1.10331,1.10338,32,8
2026-06-04T09:36:00Z,1.10338,1.10338,1.10311,1.10324,45,11
2026-06-04T09:37:00Z,1.10324,1.10336,1.10311,1.10311,35,12
2026-06-04T09:38:00Z,1.10311,1.10333,1.10311,1.10320,42,12
2026-06-04T09:39:00Z,1.10320,1.10320,1.10269,1.10283,38,12
2026-06-04T09:40:00Z,1.10283,1.10297,1.10279,1.10297,41,11
2026-06-04T09:41:00Z,1.10297,1.10297,1.10236,1.10262,37,9
2026-06-04T09:42:00Z,1.10262,1.10262,1.10226,1.10240,29,11
2026-06-04T09:43:00Z,1.10240,1.10263,1.10230,1.10263,30,9
2026-06-04T09:44:00Z,1.10263,1.10282,1.10253,1.10279,43,11
2026-06-04T09:45:00Z,1.10279,1.10285,1.10236,1.10236,34,8
2026-06-04T09:46:00Z,1.10236,1.10245,1.10211,1.10211,39,10
2026-06-04T09:47:00Z,1.10211,1.10219,1.10183,1.10183,30,9
2026-06-04T09:48:00Z,1.10183,1.10198,1.10168,1.10174,38,12
2026-06-04T09:49:00Z,1.10174,1.10174,1.10154,1.10154,30,8
2026-06-04T09:50:00Z,1.10154,1.10162,1.10142,1.10142,31,8
2026-06-04T09:51:00Z,1.10142,1.10142,1.10103,1.10116,36,10
2026-06-04T09:52:00Z,1.10116,1.10116,1.10060,1.10075,39,11
2026-06-04T09:53:00Z,1.10075,1.10084,1.10056,1.10064,34,10
2026-06-04T09:54:00Z,1.10064,1.10069,1.10021,1.10027,40,9
2026-06-04T09:55:00Z,1.10027,1.10034,1.10005,1.10005,26,9
2026-06-04T09:56:00Z,1.10005,1.10026,1.10004,1.10026,41,11
2026-06-04T09:57:00Z,1.10026,1.10027,1.10000,1.10025,27,8
2026-06-04T09:58:00Z,1.10025,1.10082,1.10025,1.10082,26,10
2026-06-04T09:59:00Z,1.10082,1.10097,1.10079,1.10080,25,9
2026-06-04T10:00:00Z,1.10080,1.10084,1.10048,1.10063,39,9
2026-06-04T10:01:00Z,1.10063,1.10090,1.10038,1.10045,37,10
2026-06-04T10:02:00Z,1.10045,1.10079,1.10035,1.10074,26,11
2026-06-04T10:03:00Z,1.10074,1.10086,1.10074,1.10076,37,9
2026-06-04T10:04:00Z,1.10076,1.10076,1.10051,1.10059,34,9
2026-06-04T10:05:00Z,1.10059,1.10080,1.10049,1.10077,38,8
2026-06-04T10:06:00Z,1.10077,1.10103,1.10077,1.10089,27,12
2026-06-04T10:07:00Z,1.10089,1.10104,1.10077,1.10084,30,9
2026-06-04T10:08:00Z,1.10084,1.10084,1.10031,1.10042,34,8
2026-06-04T10:09:00Z,1.10042,1.10056,1.10023,1.10056,26,12
2026-06-04T10:10:00Z,1.10056,1.10075,1.10036,1.10040,32,9
2026-06-04T10:11:00Z,1.10040,1.10043,1.10023,1.10023,29,9
2026-06-04T10:12:00Z,1.10023,1.10040,1.09988,1.10002,32,9
2026-06-04T10:13:00Z,1.10002,1.10032,1.09994,1.10020,31,12
2026-06-04T10:14:00Z,1.10020,1.10024,1.09989,1.10008,21,11
2026-06-04T10:15:00Z,1.10008,1.10008,1.09952,1.09952,34,9
2026-06-04T10:16:00Z,1.09952,1.09958,1.09932,1.09934,26,12
2026-06-04T10:17:00Z,1.09934,1.09969,1.09934,1.09949,22,10
2026-06-04T10:18:00Z,1.09949,1.09958,1.09922,1.09924,29,10
2026-06-04T10:19:00Z,1.09924,1.09931,1.09882,1.09882,36,10
2026-06-04T10:20:00Z,1.09882,1.09922,1.09879,1.09898,33,11
2026-06-04T10:21:00Z,1.09898,1.09898,1.09853,1.09867,33,11
2026-06-04T10:22:00Z,1.09867,1.09873,1.09854,1.09867,33,11
2026-06-04T10:23:00Z,1.09867,1.09904,1.09867,1.09888,22,8
2026-06-04T10:24:00Z,1.09888,1.09890,1.09858,1.09881,32,12
2026-06-04T10:25:00Z,1.09881,1.09893,1.09868,1.09870,29,11
2026-06-04T10:26:00Z,1.09870,1.09884,1.09870,1.09870,32,11
2026-06-04T10:27:00Z,1.09870,1.09892,1.09863,1.09889,22,9
2026-06-04T10:28:00Z,1.09889,1.09937,1.09886,1.09937,20,11
2026-06-04T10:29:00Z,1.09937,1.09940,1.09923,1.09923,19,10
2026-06-04T10:30:00Z,1.09923,1.09944,1.09923,1.09934,23,8
2026-06-04T10:31:00Z,1.09934,1.09941,1.09899,1.09899,34,12
2026-06-04T10:32:00Z,1.09899,1.09913,1.09875,1.09913,25,11
2026-06-04T10:33:00Z,1.09913,1.09927,1.09908,1.09927,21,8
2026-06-04T10:34:00Z,1.09927,1.09933,1.09916,1.09931,33,11
2026-06-04T10:35:00Z,1.09931,1.09956,1.09908,1.09940,20,11
2026-06-04T10:36:00Z,1.09940,1.09970,1.09940,1.09943,21,8
2026-06-04T10:37:00Z,1.09943,1.09946,1.09922,1.09927,30,9
2026-06-04T10:38:00Z,1.09927,1.09979,1.09927,1.09944,28,8
2026-06-04T10:39:00Z,1.09944,1.09974,1.09937,1.09972,19,10
2026-06-04T10:40:00Z,1.09972,1.09972,1.09910,1.09910,30,11
2026-06-04T10:41:00Z,1.09910,1.09940,1.09910,1.09940,32,10
2026-06-04T10:42:00Z,1.09940,1.09982,1.09940,1.09947,23,8
2026-06-04T10:43:00Z,1.09947,1.09959,1.09918,1.09918,32,10
2026-06-04T10:44:00Z,1.09918,1.09918,1.09897,1.09908,31,10
2026-06-04T10:45:00Z,1.09908,1.09934,1.09908,1.09934,30,9
2026-06-04T10:46:00Z,1.09934,1.09939,1.09906,1.09908,21,12
2026-06-04T10:47:00Z,1.09908,1.09908,1.09891,1.09891,27,12
2026-06-04T10:48:00Z,1.09891,1.09897,1.09879,1.09890,24,8
2026-06-04T10:49:00Z,1.09890,1.09913,1.09877,1.09899,21,10
2026-06-04T10:50:00Z,1.09899,1.09938,1.09899,1.09934,19,10
2026-06-04T10:51:00Z,1.09934,1.09934,1.09905,1.09906,17,8
2026-06-04T10:52:00Z,1.09906,1.09906,1.09872,1.09881,28,12
2026-06-04T10:53:00Z,1.09881,1.09892,1.09869,1.09872,30,10
2026-06-04T10:54:00Z,1.09872,1.09887,1.09858,1.09887,33,8
2026-06-04T10:55:00Z,1.09887,1.09914,1.09876,1.09889,31,11
2026-06-04T10:56:00Z,1.09889,1.09918,1.09884,1.09912,25,12
2026-06-04T10:57:00Z,1.09912,1.09925,1.09910,1.09918,17,11
2026-06-04T10:58:00Z,1.09918,1.09918,1.09889,1.09913,22,9
2026-06-04T10:59:00Z,1.09913,1.09939,1.09913,1.09928,17,8
2026-06-04T11:00:00Z,1.09928,1.09929,1.09878,1.09878,32,8
2026-06-04T11:01:00Z,1.09878,1.09878,1.09850,1.09867,19,10
2026-06-04T11:02:00Z,1.09867,1.09867,1.09819,1.09836,19,12
2026-06-04T11:03:00Z,1.09836,1.09864,1.09836,1.09849,32,12
2026-06-04T11:04:00Z,1.09849,1.09864,1.09818,1.09818,27,10
2026-06-04T11:05:00Z,1.09818,1.09839,1.09814,1.09814,28,8
2026-06-04T11:06:00Z,1.09814,1.09827,1.09789,1.09794,31,9
2026-06-04T11:07:00Z,1.09794,1.09824,1.09794,1.09824,17,12
2026-06-04T11:08:00Z,1.09824,1.09832,1.09806,1.09825,29,9
2026-06-04T11:09:00Z,1.09825,1.09845,1.09821,1.09838,17,11
2026-06-04T11:10:00Z,1.09838,1.09882,1.09825,1.09870,30,10
2026-06-04T11:11:00Z,1.09870,1.09870,1.09838,1.09838,20,12
2026-06-04T11:12:00Z,1.09838,1.09856,1.09838,1.09856,28,11
2026-06-04T11:13:00Z,1.09856,1.09876,1.09837,1.09837,17,8
2026-06-04T11:14:00Z,1.09837,1.09852,1.09831,1.09846,19,10
2026-06-04T11:15:00Z,1.09846,1.09878,1.09846,1.09878,24,9
2026-06-04T11:16:00Z,1.09878,1.09909,1.09878,1.09906,32,9
2026-06-04T11:17:00Z,1.09906,1.09962,1.09906,1.09949,21,11
2026-06-04T11:18:00Z,1.09949,1.09949,1.09927,1.09940,21,9
2026-06-04T11:19:00Z,1.09940,1.09976,1.09928,1.09964,25,11
2026-06-04T11:20:00Z,1.09964,1.09983,1.09958,1.09967,33,8
2026-06-04T11:21:00Z,1.09967,1.09967,1.09928,1.09932,31,8
2026-06-04T11:22:00Z,1.09932,1.09943,1.09909,1.09909,34,12
2026-06-04T11:23:00Z,1.09909,1.09925,1.09904,1.09925,22,8
2026-06-04T11:24:00Z,1.09925,1.09969,1.09925,1.09969,18,9
2026-06-04T11:25:00Z,1.09969,1.09976,1.09953,1.09969,34,12
2026-06-04T11:26:00Z,1.09969,1.09986,1.09958,1.09986,19,8
2026-06-04T11:27:00Z,1.09986,1.10003,1.09967,1.09990,23,10
2026-06-04T11:28:00Z,1.09990,1.10020,1.09990,1.10004,34,8
2026-06-04T11:29:00Z,1.10004,1.10006,1.09975,1.09984,34,12
2026-06-04T11:30:00Z,1.09984,1.09991,1.09968,1.09968,24,11
2026-06-04T11:31:00Z,1.09968,1.09992,1.09961,1.09987,21,11
2026-06-04T11:32:00Z,1.09987,1.09992,1.09956,1.09964,29,12
2026-06-04T11:33:00Z,1.09964,1.09975,1.09953,1.09970,35,11
2026-06-04T11:34:00Z,1.09970,1.09979,1.09926,1.09926,21,9
2026-06-04T11:35:00Z,1.09926,1.09948,1.09922,1.09944,25,9
2026-06-04T11:36:00Z,1.09944,1.09970,1.09935,1.09970,24,10
2026-06-04T11:37:00Z,1.09970,1.10009,1.09970,1.09995,33,10
2026-06-04T11:38:00Z,1.09995,1.10025,1.09995,1.10019,27,8
2026-06-04T11:39:00Z,1.10019,1.10037,1.10007,1.10007,34,10
2026-06-04T11:40:00Z,1.10007,1.10007,1.09977,1.09979,30,10
2026-06-04T11:41:00Z,1.09979,1.09979,1.09954,1.09954,36,12
2026-06-04T11:42:00Z,1.09954,1.09978,1.09954,1.09959,28,10
2026-06-04T11:43:00Z,1.09959,1.10003,1.09959,1.09996,36,10
2026-06-04T11:44:00Z,1.09996,1.10001,1.09971,1.09977,26,12
2026-06-04T11:45:00Z,1.09977,1.09977,1.09956,1.09971,35,8
2026-06-04T11:46:00Z,1.09971,1.09971,1.09923,1.09946,33,12
2026-06-04T11:47:00Z,1.09946,1.09954,1.09938,1.09952,26,11
2026-06-04T11:48:00Z,1.09952,1.09952,1.09904,1.09911,33,8
2026-06-04T11:49:00Z,1.09911,1.09928,1.09905,1.09928,29,8
2026-06-04T11:50:00Z,1.09928,1.09941,1.09920,1.09921,26,8
2026-06-04T11:51:00Z,1.09921,1.09936,1.09913,1.09926,31,8
2026-06-04T11:52:00Z,1.09926,1.09969,1.09926,1.09969,34,9
2026-06-04T11:53:00Z,1.09969,1.09988,1.09960,1.09988,36,8
2026-06-04T11:54:00Z,1.09988,1.10010,1.09979,1.09999,37,9
2026-06-04T11:55:00Z,1.09999,1.10025,1.09997,1.10022,24,10
2026-06-04T11:56:00Z,1.10022,1.10022,1.09985,1.09994,26,10
2026-06-04T11:57:00Z,1.09994,1.10015,1.09977,1.10015,23,8
2026-06-04T11:58:00Z,1.10015,1.10019,1.09994,1.10001,25,8
2026-06-04T11:59:00Z,1.10001,1.10060,1.10001,1.10033,34,11
2026-06-04T12:00:00Z,1.10033,1.10054,1.10024,1.10027,25,9
2026-06-04T12:01:00Z,1.10027,1.10027,1.09983,1.10015,28,12
2026-06-04T12:02:00Z,1.10015,1.10031,1.10012,1.10029,28,11
2026-06-04T12:03:00Z,1.10029,1.10033,1.10007,1.10030,34,9
2026-06-04T12:04:00Z,1.10030,1.10030,1.10012,1.10012,36,12
2026-06-04T12:05:00Z,1.10012,1.10022,1.09999,1.10008,28,8
2026-06-04T12:06:00Z,1.10008,1.10051,1.10008,1.10051,26,8
2026-06-04T12:07:00Z,1.10051,1.10069,1.10049,1.10069,35,12
2026-06-04T12:08:00Z,1.10069,1.10078,1.10061,1.10067,40,8
2026-06-04T12:09:00Z,1.10067,1.10069,1.10044,1.10053,42,9
2026-06-04T12:10:00Z,1.10053,1.10091,1.10048,1.10068,31,12
2026-06-04T12:11:00Z,1.10068,1.10105,1.10048,1.10048,41,10
2026-06-04T12:12:00Z,1.10048,1.10048,1.10018,1.10035,36,10
2026-06-04T12:13:00Z,1.10035,1.10036,1.10015,1.10034,27,9
2026-06-04T12:14:00Z,1.10034,1.10034,1.10011,1.10021,40,8
2026-06-04T12:15:00Z,1.10021,1.10033,1.10013,1.10019,32,12
2026-06-04T12:16:00Z,1.10019,1.10031,1.10006,1.10030,28,11
2026-06-04T12:17:00Z,1.10030,1.10057,1.10017,1.10052,35,9
2026-06-04T12:18:00Z,1.10052,1.10080,1.10050,1.10066,34,8
2026-06-04T12:19:00Z,1.10066,1.10067,1.10042,1.10047,33,12
2026-06-04T12:20:00Z,1.10047,1.10063,1.10047,1.10060,40,11
2026-06-04T12:21:00Z,1.10060,1.10094,1.10060,1.10062,38,9
2026-06-04T12:22:00Z,1.10062,1.10089,1.10039,1.10089,44,8
2026-06-04T12:23:00Z,1.10089,1.10101,1.10067,1.10072,32,12
2026-06-04T12:24:00Z,1.10072,1.10106,1.10063,1.10098,39,12
2026-06-04T12:25:00Z,1.10098,1.10106,1.10046,1.10048,41,8
2026-06-04T12:26:00Z,1.10048,1.10054,1.10020,1.10047,36,12
2026-06-04T12:27:00Z,1.10047,1.10053,1.10035,1.10048,35,8
2026-06-04T12:28:00Z,1.10048,1.10078,1.10042,1.10074,37,12
2026-06-04T12:29:00Z,1.10074,1.10089,1.10068,1.10085,45,12
2026-06-04T12:30:00Z,1.10085,1.10112,1.10085,1.10112,37,8
2026-06-04T12:31:00Z,1.10112,1.10134,1.10108,1.10112,34,10
2026-06-04T12:32:00Z,1.10112,1.10133,1.10110,1.10117,47,10
2026-06-04T12:33:00Z,1.10117,1.10139,1.10106,1.10114,50,11
2026-06-04T12:34:00Z,1.10114,1.10129,1.10106,1.10114,43,12
2026-06-04T12:35:00Z,1.10114,1.10122,1.10068,1.10077,45,11
2026-06-04T12:36:00Z,1.10077,1.10141,1.10077,1.10141,43,10
2026-06-04T12:37:00Z,1.10141,1.10176,1.10140,1.10170,36,11
2026-06-04T12:38:00Z,1.10170,1.10180,1.10150,1.10174,43,12
2026-06-04T12:39:00Z,1.10174,1.10214,1.10172,1.10214,42,12
2026-06-04T12:40:00Z,1.10214,1.10230,1.10211,1.10230,38,9
2026-06-04T12:41:00Z,1.10230,1.10236,1.10188,1.10196,44,9
2026-06-04T12:42:00Z,1.10196,1.10202,1.10174,1.10195,53,10
2026-06-04T12:43:00Z,1.10195,1.10210,1.10179,1.10187,48,12
2026-06-04T12:44:00Z,1.10187,1.10207,1.10172,1.10201,46,9
2026-06-04T12:45:00Z,1.10201,1.10212,1.10186,1.10195,44,9
2026-06-04T12:46:00Z,1.10195,1.10195,1.10159,1.10190,55,8
2026-06-04T12:47:00Z,1.10190,1.10203,1.10187,1.10192,43,11
2026-06-04T12:48:00Z,1.10192,1.10211,1.10171,1.10171,40,12
2026-06-04T12:49:00Z,1.10171,1.10174,1.10159,1.10164,55,9
2026-06-04T12:50:00Z,1.10164,1.10168,1.10133,1.10151,41,10
2026-06-04T12:51:00Z,1.10151,1.10162,1.10144,1.10148,54,11
2026-06-04T12:52:00Z,1.10148,1.10169,1.10137,1.10153,47,8
2026-06-04T12:53:00Z,1.10153,1.10176,1.10144,1.10165,49,11
2026-06-04T12:54:00Z,1.10165,1.10165,1.10111,1.10111,55,8
2026-06-04T12:55:00Z,1.10111,1.10116,1.10088,1.10116,47,11
2026-06-04T12:56:00Z,1.10116,1.10127,1.10106,1.10106,55,10
2026-06-04T12:57:00Z,1.10106,1.10117,1.10100,1.10102,50,9
2026-06-04T12:58:00Z,1.10102,1.10102,1.10068,1.10075,56,9
2026-06-04T12:59:00Z,1.10075,1.10115,1.10075,1.10105,46,8
2026-06-04T13:00:00Z,1.10105,1.10124,1.10084,1.10124,58,8
2026-06-04T13:01:00Z,1.10124,1.10154,1.10122,1.10154,49,10
2026-06-04T13:02:00Z,1.10154,1.10169,1.10128,1.10153,56,9
2026-06-04T13:03:00Z,1.10153,1.10155,1.10122,1.10129,63,10
2026-06-04T13:04:00Z,1.10129,1.10160,1.10126,1.10153,61,8
2026-06-04T13:05:00Z,1.10153,1.10168,1.10121,1.10121,53,9
2026-06-04T13:06:00Z,1.10121,1.10134,1.10099,1.10099,63,10
2026-06-04T13:07:00Z,1.10099,1.10099,1.10065,1.10077,61,8
2026-06-04T13:08:00Z,1.10077,1.10110,1.10068,1.10068,58,10
2026-06-04T13:09:00Z,1.10068,1.10090,1.10064,1.10075,52,9
2026-06-04T13:10:00Z,1.10075,1.10093,1.10069,1.10071,59,9
2026-06-04T13:11:00Z,1.10071,1.10081,1.10054,1.10054,58,10
2026-06-04T13:12:00Z,1.10054,1.10054,1.10016,1.10023,68,8
2026-06-04T13:13:00Z,1.10023,1.10030,1.10006,1.10011,55,9
2026-06-04T13:14:00Z,1.10011,1.10029,1.10011,1.10028,67,11
2026-06-04T13:15:00Z,1.10028,1.10046,1.10022,1.10034,59,11
2026-06-04T13:16:00Z,1.10034,1.10040,1.10017,1.10035,54,8
2026-06-04T13:17:00Z,1.10035,1.10036,1.09987,1.09992,60,9
2026-06-04T13:18:00Z,1.09992,1.10014,1.09982,1.10014,69,11
2026-06-04T13:19:00Z,1.10014,1.10044,1.10014,1.10037,67,10
2026-06-04T13:20:00Z,1.10037,1.10057,1.10028,1.10034,60,11
2026-06-04T13:21:00Z,1.10034,1.10061,1.10034,1.10039,57,9
2026-06-04T13:22:00Z,1.10039,1.10041,1.10018,1.10018,58,11
2026-06-04T13:23:00Z,1.10018,1.10026,1.10014,1.10023,73,9
2026-06-04T13:24:00Z,1.10023,1.10058,1.10005,1.10058,60,10
2026-06-04T13:25:00Z,1.10058,1.10084,1.10057,1.10084,65,9
2026-06-04T13:26:00Z,1.10084,1.10121,1.10084,1.10114,70,9
2026-06-04T13:27:00Z,1.10114,1.10120,1.10076,1.10097,70,9
2026-06-04T13:28:00Z,1.10097,1.10107,1.10072,1.10079,66,12
2026-06-04T13:29:00Z,1.10079,1.10109,1.10079,1.10091,70,8
2026-06-04T13:30:00Z,1.10091,1.10106,1.10082,1.10101,74,9
2026-06-04T13:31:00Z,1.10101,1.10109,1.10090,1.10105,76,8
2026-06-04T13:32:00Z,1.10105,1.10130,1.10105,1.10130,76,10
2026-06-04T13:33:00Z,1.10130,1.10139,1.10112,1.10112,69,12
2026-06-04T13:34:00Z,1.10112,1.10122,1.10076,1.10076,78,8
2026-06-04T13:35:00Z,1.10076,1.10076,1.10050,1.10060,65,9
2026-06-04T13:36:00Z,1.10060,1.10060,1.10037,1.10039,71,10
2026-06-04T13:37:00Z,1.10039,1.10070,1.10027,1.10048,79,11
2026-06-04T13:38:00Z,1.10048,1.10066,1.10048,1.10057,72,9
2026-06-04T13:39:00Z,1.10057,1.10058,1.10039,1.10052,71,8
2026-06-04T13:40:00Z,1.10052,1.10060,1.10039,1.10053,74,9
2026-06-04T13:41:00Z,1.10053,1.10088,1.10053,1.10088,77,11
2026-06-04T13:42:00Z,1.10088,1.10107,1.10071,1.10107,77,8
2026-06-04T13:43:00Z,1.10107,1.10134,1.10099,1.10133,85,8
2026-06-04T13:44:00Z,1.10133,1.10167,1.10133,1.10165,79,10
2026-06-04T13:45:00Z,1.10165,1.10169,1.10155,1.10159,74,9
2026-06-04T13:46:00Z,1.10159,1.10159,1.10126,1.10141,78,12
2026-06-04T13:47:00Z,1.10141,1.10150,1.10122,1.10135,78,11
2026-06-04T13:48:00Z,1.10135,1.10135,1.10105,1.10114,78,12
2026-06-04T13:49:00Z,1.10114,1.10134,1.10102,1.10111,78,10
2026-06-04T13:50:00Z,1.10111,1.10111,1.10088,1.10104,87,8
2026-06-04T13:51:00Z,1.10104,1.10121,1.10090,1.10121,79,9
2026-06-04T13:52:00Z,1.10121,1.10172,1.10112,1.10153,88,11
2026-06-04T13:53:00Z,1.10153,1.10153,1.10115,1.10123,86,9
2026-06-04T13:54:00Z,1.10123,1.10150,1.10123,1.10150,80,8
2026-06-04T13:55:00Z,1.10150,1.10171,1.10136,1.10167,92,12
2026-06-04T13:56:00Z,1.10167,1.10191,1.10152,1.10159,86,8
2026-06-04T13:57:00Z,1.10159,1.10193,1.10159,1.10187,89,8
2026-06-04T13:58:00Z,1.10187,1.10192,1.10159,1.10171,85,10
2026-06-04T13:59:00Z,1.10171,1.10171,1.10130,1.10145,89,8
2026-06-05T08:00:00Z,1.10085,1.10097,1.10076,1.10094,86,32
2026-06-05T08:01:00Z,1.10094,1.10114,1.10084,1.10091,82,27
2026-06-05T08:02:00Z,1.10091,1.10091,1.10072,1.10076,84,23
2026-06-05T08:03:00Z,1.10076,1.10080,1.10023,1.10029,92,33
2026-06-05T08:04:00Z,1.10029,1.10062,1.10021,1.10021,89,26
2026-06-05T08:05:00Z,1.10021,1.10085,1.10021,1.10082,86,25
2026-06-05T08:06:00Z,1.10082,1.10118,1.10071,1.10098,94,21
2026-06-05T08:07:00Z,1.10098,1.10103,1.10084,1.10096,77,20
2026-06-05T08:08:00Z,1.10096,1.10105,1.10073,1.10080,84,23
2026-06-05T08:09:00Z,1.10080,1.10086,1.10070,1.10076,80,22
2026-06-05T08:10:00Z,1.10076,1.10092,1.10035,1.10035,85,23
2026-06-05T08:11:00Z,1.10035,1.10043,1.10026,1.10037,84,23
2026-06-05T08:12:00Z,1.10037,1.10055,1.10037,1.10044,83,22
2026-06-05T08:13:00Z,1.10044,1.10045,1.09992,1.09992,73,16
2026-06-05T08:14:00Z,1.09992,1.10000,1.09962,1.09972,78,15
2026-06-05T08:15:00Z,1.09972,1.09977,1.09947,1.09951,82,13
2026-06-05T08:16:00Z,1.09951,1.09979,1.09938,1.09974,78,16
2026-06-05T08:17:00Z,1.09974,1.09993,1.09946,1.09989,85,14
2026-06-05T08:18:00Z,1.09989,1.10020,1.09989,1.10018,76,16
2026-06-05T08:19:00Z,1.10018,1.10018,1.09994,1.09994,77,15
2026-06-05T08:20:00Z,1.09994,1.09994,1.09945,1.09950,68,17
2026-06-05T08:21:00Z,1.09950,1.09992,1.09950,1.09982,74,17
2026-06-05T08:22:00Z,1.09982,1.09993,1.09964,1.09977,77,14
2026-06-05T08:23:00Z,1.09977,1.09981,1.09950,1.09969,78,12
2026-06-05T08:24:00Z,1.09969,1.09969,1.09932,1.09947,69,10
2026-06-05T08:25:00Z,1.09947,1.09962,1.09932,1.09932,73,11
2026-06-05T08:26:00Z,1.09932,1.09937,1.09925,1.09931,70,14
2026-06-05T08:27:00Z,1.09931,1.09934,1.09899,1.09934,76,14
2026-06-05T08:28:00Z,1.09934,1.09937,1.09920,1.09927,69,13
2026-06-05T08:29:00Z,1.09927,1.09927,1.09846,1.09860,71,10
2026-06-05T08:30:00Z,1.09860,1.09888,1.09851,1.09881,72,14
2026-06-05T08:31:00Z,1.09881,1.09896,1.09877,1.09895,65,10
2026-06-05T08:32:00Z,1.09895,1.09895,1.09869,1.09875,65,12
2026-06-05T08:33:00Z,1.09875,1.09905,1.09875,1.09905,61,13
2026-06-05T08:34:00Z,1.09905,1.09905,1.09879,1.09891,62,14
2026-06-05T08:35:00Z,1.09891,1.09896,1.09869,1.09886,63,11
2026-06-05T08:36:00Z,1.09886,1.09910,1.09883,1.09885,67,9
2026-06-05T08:37:00Z,1.09885,1.09897,1.09873,1.09897,74,9
2026-06-05T08:38:00Z,1.09897,1.09897,1.09854,1.09856,61,11
2026-06-05T08:39:00Z,1.09856,1.09857,1.09833,1.09839,71,11
2026-06-05T08:40:00Z,1.09839,1.09842,1.09826,1.09828,61,10
2026-06-05T08:41:00Z,1.09828,1.09843,1.09815,1.09829,66,10
2026-06-05T08:42:00Z,1.09829,1.09831,1.09782,1.09782,58,9
2026-06-05T08:43:00Z,1.09782,1.09811,1.09782,1.09796,61,13
2026-06-05T08:44:00Z,1.09796,1.09822,1.09796,1.09812,61,12
2026-06-05T08:45:00Z,1.09812,1.09819,1.09802,1.09808,59,8
2026-06-05T08:46:00Z,1.09808,1.09863,1.09808,1.09852,53,10
2026-06-05T08:47:00Z,1.09852,1.09868,1.09842,1.09857,58,9
2026-06-05T08:48:00Z,1.09857,1.09869,1.09851,1.09864,58,11
2026-06-05T08:49:00Z,1.09864,1.09926,1.09853,1.09895,67,9
2026-06-05T08:50:00Z,1.09895,1.09895,1.09874,1.09890,58,11
2026-06-05T08:51:00Z,1.09890,1.09930,1.09889,1.09930,56,12
2026-06-05T08:52:00Z,1.09930,1.09939,1.09917,1.09939,63,9
2026-06-05T08:53:00Z,1.09939,1.09945,1.09918,1.09918,58,12
2026-06-05T08:54:00Z,1.09918,1.09938,1.09911,1.09933,57,12
2026-06-05T08:55:00Z,1.09933,1.09952,1.09926,1.09933,56,12
2026-06-05T08:56:00Z,1.09933,1.09970,1.09933,1.09970,54,12
2026-06-05T08:57:00Z,1.09970,1.09991,1.09968,1.09991,61,9
2026-06-05T08:58:00Z,1.09991,1.09991,1.09955,1.09965,47,9
2026-06-05T08:59:00Z,1.09965,1.09971,1.09942,1.09942,53,10
2026-06-05T09:00:00Z,1.09942,1.09942,1.09913,1.09913,50,9
2026-06-05T09:01:00Z,1.09913,1.09947,1.09902,1.09947,56,9
2026-06-05T09:02:00Z,1.09947,1.09997,1.09947,1.09997,46,8
2026-06-05T09:03:00Z,1.09997,1.09997,1.09932,1.09932,51,9
2026-06-05T09:04:00Z,1.09932,1.09933,1.09919,1.09921,51,8
2026-06-05T09:05:00Z,1.09921,1.09930,1.09892,1.09903,53,12
2026-06-05T09:06:00Z,1.09903,1.09911,1.09895,1.09904,59,11
2026-06-05T09:07:00Z,1.09904,1.09907,1.09897,1.09907,56,8
2026-06-05T09:08:00Z,1.09907,1.09926,1.09905,1.09920,56,8
2026-06-05T09:09:00Z,1.09920,1.09936,1.09909,1.09929,52,12
2026-06-05T09:10:00Z,1.09929,1.09931,1.09902,1.09910,42,9
2026-06-05T09:11:00Z,1.09910,1.09926,1.09877,1.09877,44,9
2026-06-05T09:12:00Z,1.09877,1.09894,1.09865,1.09894,55,11
2026-06-05T09:13:00Z,1.09894,1.09916,1.09869,1.09916,49,12
2026-06-05T09:14:00Z,1.09916,1.09924,1.09888,1.09897,46,10
2026-06-05T09:15:00Z,1.09897,1.09897,1.09832,1.09832,46,8
2026-06-05T09:16:00Z,1.09832,1.09844,1.09816,1.09816,51,11
2026-06-05T09:17:00Z,1.09816,1.09862,1.09808,1.09850,54,10
2026-06-05T09:18:00Z,1.09850,1.09850,1.09804,1.09819,44,9
2026-06-05T09:19:00Z,1.09819,1.09851,1.09819,1.09851,50,11
2026-06-05T09:20:00Z,1.09851,1.09853,1.09826,1.09826,44,9
2026-06-05T09:21:00Z,1.09826,1.09826,1.09790,1.09790,41,9
2026-06-05T09:22:00Z,1.09790,1.09829,1.09785,1.09829,40,12
2026-06-05T09:23:00Z,1.09829,1.09847,1.09810,1.09847,42,10
2026-06-05T09:24:00Z,1.09847,1.09847,1.09782,1.09797,35,8
2026-06-05T09:25:00Z,1.09797,1.09807,1.09764,1.09765,45,10
2026-06-05T09:26:00Z,1.09765,1.09818,1.09756,1.09818,43,10
2026-06-05T09:27:00Z,1.09818,1.09832,1.09811,1.09828,47,9
2026-06-05T09:28:00Z,1.09828,1.09867,1.09811,1.09867,38,12
2026-06-05T09:29:00Z,1.09867,1.09891,1.09846,1.09852,36,10
2026-06-05T09:30:00Z,1.09852,1.09883,1.09852,1.09872,41,10
2026-06-05T09:31:00Z,1.09872,1.09872,1.09846,1.09866,43,12
2026-06-05T09:32:00Z,1.09866,1.09866,1.09834,1.09849,47,11
2026-06-05T09:33:00Z,1.09849,1.09849,1.09790,1.09790,39,8
2026-06-05T09:34:00Z,1.09790,1.09801,1.09783,1.09800,39,12
2026-06-05T09:35:00Z,1.09800,1.09824,1.09788,1.09821,35,8
2026-06-05T09:36:00Z,1.09821,1.09821,1.09798,1.09805,38,8
2026-06-05T09:37:00Z,1.09805,1.09808,1.09786,1.09800,34,10
2026-06-05T09:38:00Z,1.09800,1.09800,1.09780,1.09795,43,9
2026-06-05T09:39:00Z,1.09795,1.09795,1.09768,1.09786,42,9
2026-06-05T09:40:00Z,1.09786,1.09815,1.09778,1.09785,34,10
2026-06-05T09:41:00Z,1.09785,1.09785,1.09718,1.09718,39,11
2026-06-05T09:42:00Z,1.09718,1.09737,1.09700,1.09700,44,11
2026-06-05T09:43:00Z,1.09700,1.09708,1.09688,1.09689,33,8
2026-06-05T09:44:00Z,1.09689,1.09689,1.09657,1.09657,32,12
2026-06-05T09:45:00Z,1.09657,1.09659,1.09641,1.09655,40,10
2026-06-05T09:46:00Z,1.09655,1.09709,1.09655,1.09680,44,12
2026-06-05T09:47:00Z,1.09680,1.09700,1.09666,1.09700,39,10
2026-06-05T09:48:00Z,1.09700,1.09736,1.09689,1.09736,39,12
2026-06-05T09:49:00Z,1.09736,1.09736,1.09701,1.09701,30,8
2026-06-05T09:50:00Z,1.09701,1.09701,1.09680,1.09694,42,10
2026-06-05T09:51:00Z,1.09694,1.09709,1.09679,1.09691,39,10
2026-06-05T09:52:00Z,1.09691,1.09691,1.09638,1.09638,27,12
2026-06-05T09:53:00Z,1.09638,1.09651,1.09629,1.09638,41,8
2026-06-05T09:54:00Z,1.09638,1.09667,1.09635,1.09642,38,8
2026-06-05T09:55:00Z,1.09642,1.09670,1.09642,1.09670,31,10
2026-06-05T09:56:00Z,1.09670,1.09726,1.09668,1.09726,31,10
2026-06-05T09:57:00Z,1.09726,1.09726,1.09696,1.09709,37,10
2026-06-05T09:58:00Z,1.09709,1.09715,1.09691,1.09715,38,11
2026-06-05T09:59:00Z,1.09715,1.09724,1.09691,1.09712,32,8
2026-06-05T10:00:00Z,1.09712,1.09749,1.09706,1.09721,30,8
2026-06-05T10:01:00Z,1.09721,1.09733,1.09707,1.09707,38,10
2026-06-05T10:02:00Z,1.09707,1.09754,1.09702,1.09754,25,9
2026-06-05T10:03:00Z,1.09754,1.09754,1.09720,1.09720,38,10
2026-06-05T10:04:00Z,1.09720,1.09741,1.09714,1.09726,27,10
2026-06-05T10:05:00Z,1.09726,1.09726,1.09697,1.09703,24,9
2026-06-05T10:06:00Z,1.09703,1.09703,1.09675,1.09680,32,11
2026-06-05T10:07:00Z,1.09680,1.09699,1.09680,1.09687,33,11
2026-06-05T10:08:00Z,1.09687,1.09690,1.09669,1.09686,38,9
2026-06-05T10:09:00Z,1.09686,1.09692,1.09664,1.09679,35,10
2026-06-05T10:10:00Z,1.09679,1.09711,1.09679,1.09698,27,12
2026-06-05T10:11:00Z,1.09698,1.09698,1.09674,1.09692,34,11
2026-06-05T10:12:00Z,1.09692,1.09692,1.09647,1.09647,34,11
2026-06-05T10:13:00Z,1.09647,1.09659,1.09625,1.09659,29,8
2026-06-05T10:14:00Z,1.09659,1.09682,1.09641,1.09677,25,10
2026-06-05T10:15:00Z,1.09677,1.09686,1.09672,1.09673,27,10
2026-06-05T10:16:00Z,1.09673,1.09686,1.09655,1.09686,27,9
2026-06-05T10:17:00Z,1.09686,1.09708,1.09670,1.09670,24,9
2026-06-05T10:18:00Z,1.09670,1.09674,1.09642,1.09674,28,11
2026-06-05T10:19:00Z,1.09674,1.09674,1.09663,1.09674,36,12
2026-06-05T10:20:00Z,1.09674,1.09676,1.09592,1.09592,30,9
2026-06-05T10:21:00Z,1.09592,1.09592,1.09538,1.09556,36,8
2026-06-05T10:22:00Z,1.09556,1.09579,1.09556,1.09559,21,11
2026-06-05T10:23:00Z,1.09559,1.09603,1.09559,1.09594,30,12
2026-06-05T10:24:00Z,1.09594,1.09594,1.09539,1.09541,35,8
2026-06-05T10:25:00Z,1.09541,1.09562,1.09513,1.09513,24,8
2026-06-05T10:26:00Z,1.09513,1.09518,1.09503,1.09510,20,11
2026-06-05T10:27:00Z,1.09510,1.09529,1.09506,1.09515,20,9
2026-06-05T10:28:00Z,1.09515,1.09525,1.09501,1.09502,19,11
2026-06-05T10:29:00Z,1.09502,1.09517,1.09489,1.09515,30,10
2026-06-05T10:30:00Z,1.09515,1.09552,1.09499,1.09546,20,8
2026-06-05T10:31:00Z,1.09546,1.09582,1.09540,1.09570,31,11
2026-06-05T10:32:00Z,1.09570,1.09597,1.09544,1.09597,19,9
2026-06-05T10:33:00Z,1.09597,1.09608,1.09591,1.09608,26,12
2026-06-05T10:34:00Z,1.09608,1.09612,1.09592,1.09600,23,10
2026-06-05T10:35:00Z,1.09600,1.09609,1.09584,1.09603,20,10
2026-06-05T10:36:00Z,1.09603,1.09613,1.09577,1.09577,21,10
2026-06-05T10:37:00Z,1.09577,1.09590,1.09574,1.09586,22,8
2026-06-05T10:38:00Z,1.09586,1.09599,1.09575,1.09575,21,11
2026-06-05T10:39:00Z,1.09575,1.09575,1.09560,1.09571,30,10
2026-06-05T10:40:00Z,1.09571,1.09579,1.09529,1.09529,26,10
2026-06-05T10:41:00Z,1.09529,1.09569,1.09524,1.09564,17,8
2026-06-05T10:42:00Z,1.09564,1.09564,1.09526,1.09540,18,12
2026-06-05T10:43:00Z,1.09540,1.09553,1.09533,1.09552,28,12
2026-06-05T10:44:00Z,1.09552,1.09567,1.09551,1.09563,30,9
2026-06-05T10:45:00Z,1.09563,1.09607,1.09563,1.09580,28,10
2026-06-05T10:46:00Z,1.09580,1.09588,1.09548,1.09568,31,8
2026-06-05T10:47:00Z,1.09568,1.09568,1.09543,1.09553,22,11
2026-06-05T10:48:00Z,1.09553,1.09561,1.09544,1.09560,20,9
2026-06-05T10:49:00Z,1.09560,1.09562,1.09542,1.09542,22,12
2026-06-05T10:50:00Z,1.09542,1.09542,1.09504,1.09504,32,12
2026-06-05T10:51:00Z,1.09504,1.09560,1.09502,1.09552,26,12
2026-06-05T10:52:00Z,1.09552,1.09600,1.09539,1.09600,20,12
2026-06-05T10:53:00Z,1.09600,1.09605,1.09580,1.09594,22,11
2026-06-05T10:54:00Z,1.09594,1.09594,1.09549,1.09549,22,11
2026-06-05T10:55:00Z,1.09549,1.09562,1.09525,1.09532,33,10
2026-06-05T10:56:00Z,1.09532,1.09542,1.09518,1.09527,17,11
2026-06-05T10:57:00Z,1.09527,1.09530,1.09492,1.09495,30,10
2026-06-05T10:58:00Z,1.09495,1.09495,1.09411,1.09411,31,10
2026-06-05T10:59:00Z,1.09411,1.09425,1.09400,1.09403,32,9
2026-06-05T11:00:00Z,1.09403,1.09421,1.09400,1.09418,23,11
2026-06-05T11:01:00Z,1.09418,1.09436,1.09411,1.09436,21,12
2026-06-05T11:02:00Z,1.09436,1.09453,1.09431,1.09434,26,8
2026-06-05T11:03:00Z,1.09434,1.09444,1.09414,1.09444,19,8
2026-06-05T11:04:00Z,1.09444,1.09444,1.09425,1.09430,23,8
2026-06-05T11:05:00Z,1.09430,1.09461,1.09430,1.09450,22,9
2026-06-05T11:06:00Z,1.09450,1.09461,1.09438,1.09461,28,8
2026-06-05T11:07:00Z,1.09461,1.09497,1.09456,1.09494,22,10
2026-06-05T11:08:00Z,1.09494,1.09494,1.09459,1.09475,29,8
2026-06-05T11:09:00Z,1.09475,1.09480,1.09452,1.09457,20,10
2026-06-05T11:10:00Z,1.09457,1.09460,1.09422,1.09424,27,9
2026-06-05T11:11:00Z,1.09424,1.09442,1.09419,1.09437,29,8
2026-06-05T11:12:00Z,1.09437,1.09461,1.09433,1.09433,23,8
2026-06-05T11:13:00Z,1.09433,1.09433,1.09409,1.09415,29,12
2026-06-05T11:14:00Z,1.09415,1.09440,1.09412,1.09418,17,12
2026-06-05T11:15:00Z,1.09418,1.09443,1.09418,1.09422,21,11
2026-06-05T11:16:00Z,1.09422,1.09430,1.09410,1.09413,27,8
2026-06-05T11:17:00Z,1.09413,1.09417,1.09383,1.09389,20,10
2026-06-05T11:18:00Z,1.09389,1.09422,1.09388,1.09422,23,11
2026-06-05T11:19:00Z,1.09422,1.09431,1.09392,1.09409,33,10
2026-06-05T11:20:00Z,1.09409,1.09420,1.09389,1.09414,33,9
2026-06-05T11:21:00Z,1.09414,1.09433,1.09414,1.09431,24,8
2026-06-05T11:22:00Z,1.09431,1.09431,1.09391,1.09397,29,10
2026-06-05T11:23:00Z,1.09397,1.09402,1.09380,1.09380,27,11
2026-06-05T11:24:00Z,1.09380,1.09389,1.09369,1.09383,31,9
2026-06-05T11:25:00Z,1.09383,1.09383,1.09355,1.09363,30,11
2026-06-05T11:26:00Z,1.09363,1.09363,1.09315,1.09315,18,12
2026-06-05T11:27:00Z,1.09315,1.09315,1.09260,1.09268,27,11
2026-06-05T11:28:00Z,1.09268,1.09285,1.09264,1.09264,27,12
2026-06-05T11:29:00Z,1.09264,1.09276,1.09252,1.09255,20,12
2026-06-05T11:30:00Z,1.09255,1.09258,1.09241,1.09258,26,8
2026-06-05T11:31:00Z,1.09258,1.09258,1.09210,1.09226,20,8
2026-06-05T11:32:00Z,1.09226,1.09238,1.09215,1.09221,21,10
2026-06-05T11:33:00Z,1.09221,1.09240,1.09217,1.09221,24,11
2026-06-05T11:34:00Z,1.09221,1.09241,1.09218,1.09241,28,10
2026-06-05T11:35:00Z,1.09241,1.09244,1.09219,1.09219,33,12
2026-06-05T11:36:00Z,1.09219,1.09269,1.09217,1.09269,23,12
2026-06-05T11:37:00Z,1.09269,1.09282,1.09247,1.09281,28,10
2026-06-05T11:38:00Z,1.09281,1.09289,1.09272,1.09289,32,9
2026-06-05T11:39:00Z,1.09289,1.09300,1.09277,1.09285,36,10
2026-06-05T11:40:00Z,1.09285,1.09288,1.09261,1.09280,28,10
2026-06-05T11:41:00Z,1.09280,1.09309,1.09273,1.09294,30,11
2026-06-05T11:42:00Z,1.09294,1.09330,1.09294,1.09304,23,9
2026-06-05T11:43:00Z,1.09304,1.09308,1.09266,1.09267,24,9
2026-06-05T11:44:00Z,1.09267,1.09291,1.09267,1.09285,35,9
2026-06-05T11:45:00Z,1.09285,1.09285,1.09241,1.09241,25,9
2026-06-05T11:46:00Z,1.09241,1.09256,1.09230,1.09252,35,12
2026-06-05T11:47:00Z,1.09252,1.09299,1.09252,1.09299,33,11
2026-06-05T11:48:00Z,1.09299,1.09323,1.09299,1.09305,21,9
2026-06-05T11:49:00Z,1.09305,1.09322,1.09299,1.09322,25,9
2026-06-05T11:50:00Z,1.09322,1.09352,1.09303,1.09350,30,8
2026-06-05T11:51:00Z,1.09350,1.09391,1.09341,1.09389,37,12
2026-06-05T11:52:00Z,1.09389,1.09393,1.09338,1.09338,25,10
2026-06-05T11:53:00Z,1.09338,1.09356,1.09320,1.09326,36,11
2026-06-05T11:54:00Z,1.09326,1.09356,1.09319,1.09350,30,9
2026-06-05T11:55:00Z,1.09350,1.09369,1.09350,1.09353,34,9
2026-06-05T11:56:00Z,1.09353,1.09358,1.09327,1.09341,34,9
2026-06-05T11:57:00Z,1.09341,1.09354,1.09306,1.09324,36,8
2026-06-05T11:58:00Z,1.09324,1.09345,1.09324,1.09326,28,9
2026-06-05T11:59:00Z,1.09326,1.09357,1.09324,1.09357,29,12
2026-06-05T12:00:00Z,1.09357,1.09384,1.09357,1.09382,36,9
2026-06-05T12:01:00Z,1.09382,1.09403,1.09363,1.09396,24,9
2026-06-05T12:02:00Z,1.09396,1.09419,1.09374,1.09419,34,10
2026-06-05T12:03:00Z,1.09419,1.09419,1.09394,1.09394,37,8
2026-06-05T12:04:00Z,1.09394,1.09412,1.09382,1.09398,30,9
2026-06-05T12:05:00Z,1.09398,1.09408,1.09395,1.09395,34,8
2026-06-05T12:06:00Z,1.09395,1.09409,1.09378,1.09402,26,12
2026-06-05T12:07:00Z,1.09402,1.09403,1.09356,1.09356,35,8
2026-06-05T12:08:00Z,1.09356,1.09394,1.09356,1.09392,41,11
2026-06-05T12:09:00Z,1.09392,1.09434,1.09386,1.09421,30,11
2026-06-05T12:10:00Z,1.09421,1.09438,1.09396,1.09438,31,10
2026-06-05T12:11:00Z,1.09438,1.09438,1.09409,1.09432,36,9
2026-06-05T12:12:00Z,1.09432,1.09461,1.09422,1.09435,33,12
2026-06-05T12:13:00Z,1.09435,1.09441,1.09412,1.09441,38,12
2026-06-05T12:14:00Z,1.09441,1.09451,1.09395,1.09395,40,8
2026-06-05T12:15:00Z,1.09395,1.09414,1.09384,1.09387,44,8
2026-06-05T12:16:00Z,1.09387,1.09419,1.09387,1.09413,43,11
2026-06-05T12:17:00Z,1.09413,1.09416,1.09388,1.09416,34,9
2026-06-05T12:18:00Z,1.09416,1.09416,1.09383,1.09405,35,10
2026-06-05T12:19:00Z,1.09405,1.09420,1.09400,1.09409,35,9
2026-06-05T12:20:00Z,1.09409,1.09440,1.09409,1.09440,31,11
2026-06-05T12:21:00Z,1.09440,1.09444,1.09418,1.09422,41,12
2026-06-05T12:22:00Z,1.09422,1.09449,1.09404,1.09448,43,12
2026-06-05T12:23:00Z,1.09448,1.09497,1.09443,1.09497,38,10
2026-06-05T12:24:00Z,1.09497,1.09516,1.09481,1.09496,45,10
2026-06-05T12:25:00Z,1.09496,1.09502,1.09481,1.09481,35,9
2026-06-05T12:26:00Z,1.09481,1.09481,1.09429,1.09429,33,12
2026-06-05T12:27:00Z,1.09429,1.09449,1.09426,1.09439,43,12
2026-06-05T12:28:00Z,1.09439,1.09460,1.09437,1.09454,45,11
2026-06-05T12:29:00Z,1.09454,1.09489,1.09454,1.09458,47,12
2026-06-05T12:30:00Z,1.09458,1.09473,1.09423,1.09426,41,8
2026-06-05T12:31:00Z,1.09426,1.09465,1.09426,1.09434,40,9
2026-06-05T12:32:00Z,1.09434,1.09450,1.09424,1.09450,47,12
2026-06-05T12:33:00Z,1.09450,1.09460,1.09443,1.09460,39,9
2026-06-05T12:34:00Z,1.09460,1.09486,1.09460,1.09472,50,9
2026-06-05T12:35:00Z,1.09472,1.09487,1.09458,1.09487,51,8
2026-06-05T12:36:00Z,1.09487,1.09494,1.09469,1.09479,35,12
2026-06-05T12:37:00Z,1.09479,1.09511,1.09475,1.09492,48,9
2026-06-05T12:38:00Z,1.09492,1.09492,1.09456,1.09478,49,9
2026-06-05T12:39:00Z,1.09478,1.09497,1.09445,1.09445,51,11
2026-06-05T12:40:00Z,1.09445,1.09464,1.09440,1.09456,43,8
2026-06-05T12:41:00Z,1.09456,1.09456,1.09437,1.09441,47,10
2026-06-05T12:42:00Z,1.09441,1.09455,1.09425,1.09448,38,12
2026-06-05T12:43:00Z,1.09448,1.09448,1.09416,1.09418,38,9
2026-06-05T12:44:00Z,1.09418,1.09418,1.09395,1.09395,39,8
2026-06-05T12:45:00Z,1.09395,1.09422,1.09395,1.09402,46,10
2026-06-05T12:46:00Z,1.09402,1.09420,1.09401,1.09407,39,8
2026-06-05T12:47:00Z,1.09407,1.09424,1.09369,1.09369,45,9
2026-06-05T12:48:00Z,1.09369,1.09394,1.09364,1.09385,43,10
2026-06-05T12:49:00Z,1.09385,1.09445,1.09382,1.09439,44,10
2026-06-05T12:50:00Z,1.09439,1.09460,1.09418,1.09460,44,10
2026-06-05T12:51:00Z,1.09460,1.09463,1.09436,1.09441,54,8
2026-06-05T12:52:00Z,1.09441,1.09466,1.09441,1.09449,42,11
2026-06-05T12:53:00Z,1.09449,1.09460,1.09423,1.09438,53,9
2026-06-05T12:54:00Z,1.09438,1.09438,1.09417,1.09430,45,11
2026-06-05T12:55:00Z,1.09430,1.09457,1.09430,1.09454,48,10
2026-06-05T12:56:00Z,1.09454,1.09454,1.09432,1.09440,56,8
2026-06-05T12:57:00Z,1.09440,1.09443,1.09419,1.09422,45,11
2026-06-05T12:58:00Z,1.09422,1.09439,1.09408,1.09424,48,11
2026-06-05T12:59:00Z,1.09424,1.09436,1.09383,1.09383,47,8
2026-06-05T13:00:00Z,1.09383,1.09416,1.09375,1.09396,48,10
2026-06-05T13:01:00Z,1.09396,1.09404,1.09344,1.09353,57,10
2026-06-05T13:02:00Z,1.09353,1.09359,1.09326,1.09326,56,12
2026-06-05T13:03:00Z,1.09326,1.09336,1.09295,1.09298,62,11
2026-06-05T13:04:00Z,1.09298,1.09307,1.09288,1.09292,64,9
2026-06-05T13:05:00Z,1.09292,1.09299,1.09281,1.09295,55,11
2026-06-05T13:06:00Z,1.09295,1.09322,1.09295,1.09322,63,11
2026-06-05T13:07:00Z,1.09322,1.09327,1.09309,1.09318,55,9
2026-06-05T13:08:00Z,1.09318,1.09348,1.09314,1.09348,62,9
2026-06-05T13:09:00Z,1.09348,1.09365,1.09335,1.09342,52,12
2026-06-05T13:10:00Z,1.09342,1.09362,1.09339,1.09358,58,12
2026-06-05T13:11:00Z,1.09358,1.09358,1.09329,1.09349,67,10
2026-06-05T13:12:00Z,1.09349,1.09357,1.09335,1.09335,59,11
2026-06-05T13:13:00Z,1.09335,1.09350,1.09327,1.09334,58,9
2026-06-05T13:14:00Z,1.09334,1.09351,1.09331,1.09351,66,12
2026-06-05T13:15:00Z,1.09351,1.09383,1.09351,1.09377,63,8
2026-06-05T13:16:00Z,1.09377,1.09416,1.09373,1.09415,69,8
2026-06-05T13:17:00Z,1.09415,1.09442,1.09410,1.09410,68,11
2026-06-05T13:18:00Z,1.09410,1.09410,1.09378,1.09384,67,10
2026-06-05T13:19:00Z,1.09384,1.09405,1.09382,1.09394,69,10
2026-06-05T13:20:00Z,1.09394,1.09394,1.09361,1.09366,58,11
2026-06-05T13:21:00Z,1.09366,1.09400,1.09366,1.09392,67,8
2026-06-05T13:22:00Z,1.09392,1.09397,1.09365,1.09379,65,9
2026-06-05T13:23:00Z,1.09379,1.09388,1.09366,1.09366,73,8
2026-06-05T13:24:00Z,1.09366,1.09394,1.09366,1.09394,60,11
2026-06-05T13:25:00Z,1.09394,1.09422,1.09394,1.09405,68,11
2026-06-05T13:26:00Z,1.09405,1.09414,1.09401,1.09408,76,12
2026-06-05T13:27:00Z,1.09408,1.09443,1.09401,1.09431,72,12
2026-06-05T13:28:00Z,1.09431,1.09462,1.09411,1.09411,66,11
2026-06-05T13:29:00Z,1.09411,1.09411,1.09386,1.09395,71,10
2026-06-05T13:30:00Z,1.09395,1.09445,1.09395,1.09428,66,9
2026-06-05T13:31:00Z,1.09428,1.09459,1.09418,1.09434,75,8
2026-06-05T13:32:00Z,1.09434,1.09438,1.09425,1.09435,69,9
2026-06-05T13:33:00Z,1.09435,1.09470,1.09435,1.09453,71,9
2026-06-05T13:34:00Z,1.09453,1.09477,1.09448,1.09477,76,8
2026-06-05T13:35:00Z,1.09477,1.09477,1.09443,1.09466,66,10
2026-06-05T13:36:00Z,1.09466,1.09485,1.09455,1.09485,73,11
2026-06-05T13:37:00Z,1.09485,1.09497,1.09470,1.09497,72,12
2026-06-05T13:38:00Z,1.09497,1.09498,1.09471,1.09471,71,8
2026-06-05T13:39:00Z,1.09471,1.09503,1.09471,1.09495,77,8
2026-06-05T13:40:00Z,1.09495,1.09495,1.09455,1.09455,80,9
2026-06-05T13:41:00Z,1.09455,1.09501,1.09453,1.09501,72,11
2026-06-05T13:42:00Z,1.09501,1.09515,1.09496,1.09509,80,11
2026-06-05T13:43:00Z,1.09509,1.09512,1.09474,1.09475,85,10
2026-06-05T13:44:00Z,1.09475,1.09491,1.09467,1.09487,73,10
2026-06-05T13:45:00Z,1.09487,1.09487,1.09449,1.09449,76,8
2026-06-05T13:46:00Z,1.09449,1.09459,1.09435,1.09455,76,11
2026-06-05T13:47:00Z,1.09455,1.09478,1.09455,1.09466,81,10
2026-06-05T13:48:00Z,1.09466,1.09466,1.09442,1.09443,90,11
2026-06-05T13:49:00Z,1.09443,1.09455,1.09431,1.09455,75,11
2026-06-05T13:50:00Z,1.09455,1.09496,1.09444,1.09488,76,10
2026-06-05T13:51:00Z,1.09488,1.09498,1.09470,1.09492,87,8
2026-06-05T13:52:00Z,1.09492,1.09519,1.09481,1.09481,81,11
2026-06-05T13:53:00Z,1.09481,1.09485,1.09457,1.09457,91,8
2026-06-05T13:54:00Z,1.09457,1.09469,1.09445,1.09457,81,8
2026-06-05T13:55:00Z,1.09457,1.09465,1.09443,1.09443,85,11
2026-06-05T13:56:00Z,1.09443,1.09463,1.09439,1.09441,79,9
2026-06-05T13:57:00Z,1.09441,1.09441,1.09412,1.09423,86,10
2026-06-05T13:58:00Z,1.09423,1.09429,1.09404,1.09409,92,10
2026-06-05T13:59:00Z,1.09409,1.09431,1.09406,1.09413,81,11
2026-06-08T08:00:00Z,1.10217,1.10217,1.10195,1.10202,94,38
2026-06-08T08:01:00Z,1.10202,1.10212,1.10197,1.10206,82,27
2026-06-08T08:02:00Z,1.10206,1.10216,1.10193,1.10212,85,26
2026-06-08T08:03:00Z,1.10212,1.10276,1.10212,1.10276,89,27
2026-06-08T08:04:00Z,1.10276,1.10276,1.10249,1.10259,82,23
2026-06-08T08:05:00Z,1.10259,1.10299,1.10259,1.10291,80,25
2026-06-08T08:06:00Z,1.10291,1.10320,1.10291,1.10304,78,23
2026-06-08T08:07:00Z,1.10304,1.10304,1.10281,1.10281,79,18
2026-06-08T08:08:00Z,1.10281,1.10281,1.10249,1.10264,81,23
2026-06-08T08:09:00Z,1.10264,1.10269,1.10247,1.10247,86,24
2026-06-08T08:10:00Z,1.10247,1.10278,1.10241,1.10265,88,16
2026-06-08T08:11:00Z,1.10265,1.10304,1.10262,1.10302,76,19
2026-06-08T08:12:00Z,1.10302,1.10320,1.10281,1.10315,74,16
2026-06-08T08:13:00Z,1.10315,1.10327,1.10286,1.10286,79,19
2026-06-08T08:14:00Z,1.10286,1.10286,1.10232,1.10232,80,13
2026-06-08T08:15:00Z,1.10232,1.10240,1.10219,1.10219,85,18
2026-06-08T08:16:00Z,1.10219,1.10233,1.10212,1.10229,82,14
2026-06-08T08:17:00Z,1.10229,1.10266,1.10218,1.10266,76,14
2026-06-08T08:18:00Z,1.10266,1.10286,1.10263,1.10263,70,15
2026-06-08T08:19:00Z,1.10263,1.10309,1.10259,1.10309,85,16
2026-06-08T08:20:00Z,1.10309,1.10336,1.10301,1.10305,77,17
2026-06-08T08:21:00Z,1.10305,1.10306,1.10282,1.10303,84,17
2026-06-08T08:22:00Z,1.10303,1.10324,1.10302,1.10324,83,15
2026-06-08T08:23:00Z,1.10324,1.10331,1.10307,1.10316,81,12
2026-06-08T08:24:00Z,1.10316,1.10352,1.10311,1.10311,79,14
2026-06-08T08:25:00Z,1.10311,1.10320,1.10302,1.10310,73,15
2026-06-08T08:26:00Z,1.10310,1.10351,1.10310,1.10349,70,11
2026-06-08T08:27:00Z,1.10349,1.10360,1.10342,1.10346,78,10
2026-06-08T08:28:00Z,1.10346,1.10367,1.10346,1.10367,68,11
2026-06-08T08:29:00Z,1.10367,1.10386,1.10352,1.10352,67,14
2026-06-08T08:30:00Z,1.10352,1.10352,1.10304,1.10304,72,12
2026-06-08T08:31:00Z,1.10304,1.10336,1.10304,1.10314,70,10
2026-06-08T08:32:00Z,1.10314,1.10333,1.10305,1.10331,68,13
2026-06-08T08:33:00Z,1.10331,1.10337,1.10308,1.10324,74,13
2026-06-08T08:34:00Z,1.10324,1.10376,1.10324,1.10372,72,11
2026-06-08T08:35:00Z,1.10372,1.10393,1.10369,1.10393,62,10
2026-06-08T08:36:00Z,1.10393,1.10409,1.10376,1.10378,63,10
2026-06-08T08:37:00Z,1.10378,1.10451,1.10378,1.10451,72,13
2026-06-08T08:38:00Z,1.10451,1.10467,1.10450,1.10455,68,9
2026-06-08T08:39:00Z,1.10455,1.10483,1.10447,1.10474,60,11
2026-06-08T08:40:00Z,1.10474,1.10475,1.10447,1.10448,68,10
2026-06-08T08:41:00Z,1.10448,1.10452,1.10433,1.10441,59,13
2026-06-08T08:42:00Z,1.10441,1.10453,1.10438,1.10441,68,10
2026-06-08T08:43:00Z,1.10441,1.10456,1.10430,1.10456,69,12
2026-06-08T08:44:00Z,1.10456,1.10456,1.10423,1.10442,65,8
2026-06-08T08:45:00Z,1.10442,1.10472,1.10431,1.10459,65,12
2026-06-08T08:46:00Z,1.10459,1.10483,1.10459,1.10474,55,13
2026-06-08T08:47:00Z,1.10474,1.10474,1.10451,1.10470,64,9
2026-06-08T08:48:00Z,1.10470,1.10495,1.10465,1.10465,54,12
2026-06-08T08:49:00Z,1.10465,1.10496,1.10465,1.10488,64,11
2026-06-08T08:50:00Z,1.10488,1.10493,1.10482,1.10482,59,10
2026-06-08T08:51:00Z,1.10482,1.10517,1.10478,1.10516,53,9
2026-06-08T08:52:00Z,1.10516,1.10530,1.10499,1.10530,66,10
2026-06-08T08:53:00Z,1.10530,1.10540,1.10504,1.10504,54,11
2026-06-08T08:54:00Z,1.10504,1.10517,1.10486,1.10513,63,12
2026-06-08T08:55:00Z,1.10513,1.10543,1.10507,1.10538,49,11
2026-06-08T08:56:00Z,1.10538,1.10618,1.10538,1.10618,60,11
2026-06-08T08:57:00Z,1.10618,1.10624,1.10576,1.10576,57,9
2026-06-08T08:58:00Z,1.10576,1.10585,1.10572,1.10573,63,12
2026-06-08T08:59:00Z,1.10573,1.10621,1.10560,1.10621,55,12
2026-06-08T09:00:00Z,1.10621,1.10629,1.10603,1.10609,49,12
2026-06-08T09:01:00Z,1.10609,1.10629,1.10598,1.10615,46,10
2026-06-08T09:02:00Z,1.10615,1.10638,1.10610,1.10628,45,8
2026-06-08T09:03:00Z,1.10628,1.10658,1.10628,1.10639,45,9
2026-06-08T09:04:00Z,1.10639,1.10659,1.10625,1.10625,47,12
2026-06-08T09:05:00Z,1.10625,1.10677,1.10625,1.10664,53,12
2026-06-08T09:06:00Z,1.10664,1.10693,1.10648,1.10693,55,9
2026-06-08T09:07:00Z,1.10693,1.10703,1.10670,1.10671,53,9
2026-06-08T09:08:00Z,1.10671,1.10717,1.10670,1.10707,56,11
2026-06-08T09:09:00Z,1.10707,1.10707,1.10636,1.10636,49,12
2026-06-08T09:10:00Z,1.10636,1.10649,1.10616,1.10649,41,12
2026-06-08T09:11:00Z,1.10649,1.10649,1.10636,1.10638,50,8
2026-06-08T09:12:00Z,1.10638,1.10639,1.10617,1.10617,47,8
2026-06-08T09:13:00Z,1.10617,1.10624,1.10605,1.10622,42,10
2026-06-08T09:14:00Z,1.10622,1.10657,1.10618,1.10647,44,8
2026-06-08T09:15:00Z,1.10647,1.10675,1.10647,1.10663,53,8
2026-06-08T09:16:00Z,1.10663,1.10667,1.10645,1.10667,48,10
2026-06-08T09:17:00Z,1.10667,1.10667,1.10649,1.10664,54,10
2026-06-08T09:18:00Z,1.10664,1.10695,1.10664,1.10692,39,12
2026-06-08T09:19:00Z,1.10692,1.10694,1.10669,1.10687,40,10
2026-06-08T09:20:00Z,1.10687,1.10708,1.10687,1.10699,43,9
2026-06-08T09:21:00Z,1.10699,1.10729,1.10699,1.10705,36,10
2026-06-08T09:22:00Z,1.10705,1.10705,1.10662,1.10662,39,8
2026-06-08T09:23:00Z,1.10662,1.10662,1.10625,1.10625,51,8
2026-06-08T09:24:00Z,1.10625,1.10698,1.10625,1.10698,49,12
2026-06-08T09:25:00Z,1.10698,1.10706,1.10693,1.10695,39,8
2026-06-08T09:26:00Z,1.10695,1.10697,1.10663,1.10664,40,11
2026-06-08T09:27:00Z,1.10664,1.10680,1.10659,1.10667,46,10
2026-06-08T09:28:00Z,1.10667,1.10679,1.10656,1.10662,45,12
2026-06-08T09:29:00Z,1.10662,1.10672,1.10625,1.10625,37,10
2026-06-08T09:30:00Z,1.10625,1.10642,1.10599,1.10599,47,11
2026-06-08T09:31:00Z,1.10599,1.10600,1.10563,1.10563,45,8
2026-06-08T09:32:00Z,1.10563,1.10565,1.10514,1.10519,38,10
2026-06-08T09:33:00Z,1.10519,1.10535,1.10514,1.10518,39,10
2026-06-08T09:34:00Z,1.10518,1.10543,1.10507,1.10530,47,9
2026-06-08T09:35:00Z,1.10530,1.10537,1.10514,1.10514,43,9
2026-06-08T09:36:00Z,1.10514,1.10541,1.10512,1.10529,36,10
2026-06-08T09:37:00Z,1.10529,1.10561,1.10527,1.10527,39,8
2026-06-08T09:38:00Z,1.10527,1.10568,1.10527,1.10568,30,8
2026-06-08T09:39:00Z,1.10568,1.10595,1.10567,1.10578,30,11
2026-06-08T09:40:00Z,1.10578,1.10581,1.10547,1.10577,41,8
2026-06-08T09:41:00Z,1.10577,1.10577,1.10567,1.10567,36,8
2026-06-08T09:42:00Z,1.10567,1.10568,1.10548,1.10559,37,10
2026-06-08T09:43:00Z,1.10559,1.10599,1.10556,1.10576,29,10
2026-06-08T09:44:00Z,1.10576,1.10577,1.10544,1.10544,34,9
2026-06-08T09:45:00Z,1.10544,1.10546,1.10515,1.10525,44,8
2026-06-08T09:46:00Z,1.10525,1.10535,1.10522,1.10522,31,10
2026-06-08T09:47:00Z,1.10522,1.10537,1.10522,1.10526,27,10
2026-06-08T09:48:00Z,1.10526,1.10578,1.10519,1.10578,36,9
2026-06-08T09:49:00Z,1.10578,1.10578,1.10549,1.10574,36,9
2026-06-08T09:50:00Z,1.10574,1.10574,1.10540,1.10542,36,8
2026-06-08T09:51:00Z,1.10542,1.10542,1.10494,1.10501,42,11
2026-06-08T09:52:00Z,1.10501,1.10537,1.10489,1.10537,26,12
2026-06-08T09:53:00Z,1.10537,1.10545,1.10495,1.10495,30,10
2026-06-08T09:54:00Z,1.10495,1.10521,1.10488,1.10497,41,11
2026-06-08T09:55:00Z,1.10497,1.10501,1.10474,1.10474,29,9
2026-06-08T09:56:00Z,1.10474,1.10485,1.10457,1.10483,34,8
2026-06-08T09:57:00Z,1.10483,1.10494,1.10470,1.10494,26,11
2026-06-08T09:58:00Z,1.10494,1.10504,1.10474,1.10474,35,12
2026-06-08T09:59:00Z,1.10474,1.10481,1.10454,1.10481,29,8
2026-06-08T10:00:00Z,1.10481,1.10481,1.10445,1.10467,38,9
2026-06-08T10:01:00Z,1.10467,1.10467,1.10408,1.10410,27,11
2026-06-08T10:02:00Z,1.10410,1.10410,1.10373,1.10386,29,8
2026-06-08T10:03:00Z,1.10386,1.10389,1.10351,1.10382,23,12
2026-06-08T10:04:00Z,1.10382,1.10387,1.10376,1.10376,31,8
2026-06-08T10:05:00Z,1.10376,1.10380,1.10312,1.10312,34,10
2026-06-08T10:06:00Z,1.10312,1.10321,1.10301,1.10312,27,10
2026-06-08T10:07:00Z,1.10312,1.10364,1.10312,1.10364,23,8
2026-06-08T10:08:00Z,1.10364,1.10398,1.10364,1.10389,32,8
2026-06-08T10:09:00Z,1.10389,1.10468,1.10389,1.10468,36,8
2026-06-08T10:10:00Z,1.10468,1.10474,1.10450,1.10468,25,10
2026-06-08T10:11:00Z,1.10468,1.10470,1.10422,1.10422,23,10
2026-06-08T10:12:00Z,1.10422,1.10451,1.10420,1.10448,34,12
2026-06-08T10:13:00Z,1.10448,1.10452,1.10421,1.10442,23,11
2026-06-08T10:14:00Z,1.10442,1.10470,1.10438,1.10453,24,11
2026-06-08T10:15:00Z,1.10453,1.10488,1.10453,1.10466,23,12
2026-06-08T10:16:00Z,1.10466,1.10504,1.10466,1.10504,34,12
2026-06-08T10:17:00Z,1.10504,1.10527,1.10504,1.10527,33,11
2026-06-08T10:18:00Z,1.10527,1.10527,1.10473,1.10473,31,12
2026-06-08T10:19:00Z,1.10473,1.10473,1.10421,1.10421,26,8
2026-06-08T10:20:00Z,1.10421,1.10425,1.10404,1.10406,26,12
2026-06-08T10:21:00Z,1.10406,1.10411,1.10377,1.10381,20,12
2026-06-08T10:22:00Z,1.10381,1.10397,1.10372,1.10375,31,8
2026-06-08T10:23:00Z,1.10375,1.10376,1.10303,1.10307,30,12
2026-06-08T10:24:00Z,1.10307,1.10325,1.10295,1.10316,19,10
2026-06-08T10:25:00Z,1.10316,1.10332,1.10307,1.10320,28,11
2026-06-08T10:26:00Z,1.10320,1.10326,1.10309,1.10324,30,11
2026-06-08T10:27:00Z,1.10324,1.10342,1.10324,1.10336,22,10
2026-06-08T10:28:00Z,1.10336,1.10353,1.10322,1.10331,23,12
2026-06-08T10:29:00Z,1.10331,1.10342,1.10324,1.10340,27,10
2026-06-08T10:30:00Z,1.10340,1.10375,1.10340,1.10364,27,11
2026-06-08T10:31:00Z,1.10364,1.10412,1.10364,1.10401,28,9
2026-06-08T10:32:00Z,1.10401,1.10401,1.10384,1.10384,18,8
2026-06-08T10:33:00Z,1.10384,1.10406,1.10380,1.10400,34,8
2026-06-08T10:34:00Z,1.10400,1.10401,1.10383,1.10395,21,9
2026-06-08T10:35:00Z,1.10395,1.10421,1.10395,1.10421,29,8
2026-06-08T10:36:00Z,1.10421,1.10463,1.10401,1.10463,34,10
2026-06-08T10:37:00Z,1.10463,1.10474,1.10440,1.10440,24,8
2026-06-08T10:38:00Z,1.10440,1.10467,1.10440,1.10467,24,9
2026-06-08T10:39:00Z,1.10467,1.10498,1.10467,1.10489,19,11
2026-06-08T10:40:00Z,1.10489,1.10503,1.10479,1.10495,22,12
2026-06-08T10:41:00Z,1.10495,1.10516,1.10487,1.10508,22,10
2026-06-08T10:42:00Z,1.10508,1.10520,1.10499,1.10501,27,10
2026-06-08T10:43:00Z,1.10501,1.10504,1.10474,1.10504,32,8
2026-06-08T10:44:00Z,1.10504,1.10524,1.10498,1.10503,27,10
2026-06-08T10:45:00Z,1.10503,1.10503,1.10471,1.10491,27,12
2026-06-08T10:46:00Z,1.10491,1.10511,1.10487,1.10497,19,11
2026-06-08T10:47:00Z,1.10497,1.10571,1.10497,1.10555,18,8
2026-06-08T10:48:00Z,1.10555,1.10555,1.10515,1.10532,22,10
2026-06-08T10:49:00Z,1.10532,1.10546,1.10532,1.10544,22,8
2026-06-08T10:50:00Z,1.10544,1.10544,1.10513,1.10518,17,10
2026-06-08T10:51:00Z,1.10518,1.10526,1.10511,1.10522,21,9
2026-06-08T10:52:00Z,1.10522,1.10531,1.10506,1.10511,25,8
2026-06-08T10:53:00Z,1.10511,1.10511,1.10457,1.10457,30,11
2026-06-08T10:54:00Z,1.10457,1.10475,1.10452,1.10452,30,12
2026-06-08T10:55:00Z,1.10452,1.10459,1.10425,1.10455,20,11
2026-06-08T10:56:00Z,1.10455,1.10457,1.10414,1.10420,22,12
2026-06-08T10:57:00Z,1.10420,1.10422,1.10384,1.10402,22,12
2026-06-08T10:58:00Z,1.10402,1.10409,1.10388,1.10406,26,9
2026-06-08T10:59:00Z,1.10406,1.10431,1.10391,1.10409,25,12
2026-06-08T11:00:00Z,1.10409,1.10452,1.10402,1.10452,33,8
2026-06-08T11:01:00Z,1.10452,1.10484,1.10435,1.10476,30,12
2026-06-08T11:02:00Z,1.10476,1.10494,1.10471,1.10494,27,10
2026-06-08T11:03:00Z,1.10494,1.10495,1.10477,1.10490,20,11
2026-06-08T11:04:00Z,1.10490,1.10502,1.10473,1.10479,26,10
2026-06-08T11:05:00Z,1.10479,1.10479,1.10449,1.10449,26,11
2026-06-08T11:06:00Z,1.10449,1.10461,1.10422,1.10431,27,11
2026-06-08T11:07:00Z,1.10431,1.10431,1.10410,1.10427,21,9
2026-06-08T11:08:00Z,1.10427,1.10428,1.10377,1.10382,28,11
2026-06-08T11:09:00Z,1.10382,1.10407,1.10375,1.10407,28,10
2026-06-08T11:10:00Z,1.10407,1.10423,1.10393,1.10423,21,10
2026-06-08T11:11:00Z,1.10423,1.10426,1.10382,1.10403,32,9
2026-06-08T11:12:00Z,1.10403,1.10403,1.10387,1.10403,32,9
2026-06-08T11:13:00Z,1.10403,1.10411,1.10367,1.10411,21,11
2026-06-08T11:14:00Z,1.10411,1.10452,1.10404,1.10443,31,11
2026-06-08T11:15:00Z,1.10443,1.10458,1.10426,1.10454,20,8
2026-06-08T11:16:00Z,1.10454,1.10475,1.10454,1.10460,28,10
2026-06-08T11:17:00Z,1.10460,1.10463,1.10440,1.10458,31,8
2026-06-08T11:18:00Z,1.10458,1.10458,1.10444,1.10453,33,12
2026-06-08T11:19:00Z,1.10453,1.10487,1.10443,1.10481,28,11
2026-06-08T11:20:00Z,1.10481,1.10486,1.10432,1.10432,29,9
2026-06-08T11:21:00Z,1.10432,1.10454,1.10422,1.10439,24,8
2026-06-08T11:22:00Z,1.10439,1.10439,1.10412,1.10415,25,8
2026-06-08T11:23:00Z,1.10415,1.10457,1.10415,1.10429,34,11
2026-06-08T11:24:00Z,1.10429,1.10436,1.10419,1.10436,24,9
2026-06-08T11:25:00Z,1.10436,1.10436,1.10408,1.10427,19,12
2026-06-08T11:26:00Z,1.10427,1.10430,1.10395,1.10405,34,11
2026-06-08T11:27:00Z,1.10405,1.10422,1.10405,1.10420,23,12
2026-06-08T11:28:00Z,1.10420,1.10441,1.10418,1.10441,31,11
2026-06-08T11:29:00Z,1.10441,1.10443,1.10398,1.10405,28,10
2026-06-08T11:30:00Z,1.10405,1.10407,1.10372,1.10375,26,8
2026-06-08T11:31:00Z,1.10375,1.10420,1.10359,1.10418,23,11
2026-06-08T11:32:00Z,1.10418,1.10454,1.10407,1.10454,33,11
2026-06-08T11:33:00Z,1.10454,1.10463,1.10439,1.10460,27,8
2026-06-08T11:34:00Z,1.10460,1.10472,1.10447,1.10461,22,11
2026-06-08T11:35:00Z,1.10461,1.10513,1.10460,1.10513,24,12
2026-06-08T11:36:00Z,1.10513,1.10524,1.10505,1.10519,22,9
2026-06-08T11:37:00Z,1.10519,1.10519,1.10492,1.10503,21,11
2026-06-08T11:38:00Z,1.10503,1.10514,1.10477,1.10486,34,8
2026-06-08T11:39:00Z,1.10486,1.10486,1.10421,1.10421,31,12
2026-06-08T11:40:00Z,1.10421,1.10421,1.10375,1.10387,21,8
2026-06-08T11:41:00Z,1.10387,1.10390,1.10378,1.10390,33,11
2026-06-08T11:42:00Z,1.10390,1.10392,1.10357,1.10357,22,8
2026-06-08T11:43:00Z,1.10357,1.10365,1.10345,1.10345,35,9
2026-06-08T11:44:00Z,1.10345,1.10361,1.10337,1.10361,35,11
2026-06-08T11:45:00Z,1.10361,1.10367,1.10340,1.10340,37,11
2026-06-08T11:46:00Z,1.10340,1.10348,1.10327,1.10329,24,8
2026-06-08T11:47:00Z,1.10329,1.10345,1.10324,1.10341,27,10
2026-06-08T11:48:00Z,1.10341,1.10365,1.10340,1.10354,29,11
2026-06-08T11:49:00Z,1.10354,1.10354,1.10315,1.10324,30,12
2026-06-08T11:50:00Z,1.10324,1.10324,1.10281,1.10281,30,10
2026-06-08T11:51:00Z,1.10281,1.10287,1.10252,1.10272,33,12
2026-06-08T11:52:00Z,1.10272,1.10272,1.10244,1.10254,23,12
2026-06-08T11:53:00Z,1.10254,1.10300,1.10245,1.10300,33,10
2026-06-08T11:54:00Z,1.10300,1.10306,1.10281,1.10306,31,8
2026-06-08T11:55:00Z,1.10306,1.10309,1.10285,1.10301,38,9
2026-06-08T11:56:00Z,1.10301,1.10346,1.10299,1.10346,36,11
2026-06-08T11:57:00Z,1.10346,1.10346,1.10312,1.10334,29,9
2026-06-08T11:58:00Z,1.10334,1.10340,1.10309,1.10309,29,8
2026-06-08T11:59:00Z,1.10309,1.10332,1.10294,1.10329,28,11
2026-06-08T12:00:00Z,1.10329,1.10343,1.10323,1.10333,29,12
2026-06-08T12:01:00Z,1.10333,1.10333,1.10290,1.10290,33,9
2026-06-08T12:02:00Z,1.10290,1.10330,1.10290,1.10330,32,12
2026-06-08T12:03:00Z,1.10330,1.10343,1.10319,1.10343,30,10
2026-06-08T12:04:00Z,1.10343,1.10343,1.10314,1.10314,34,9
2026-06-08T12:05:00Z,1.10314,1.10331,1.10311,1.10316,41,12
2026-06-08T12:06:00Z,1.10316,1.10331,1.10316,1.10318,27,10
2026-06-08T12:07:00Z,1.10318,1.10329,1.10312,1.10321,41,11
2026-06-08T12:08:00Z,1.10321,1.10324,1.10310,1.10321,34,8
2026-06-08T12:09:00Z,1.10321,1.10321,1.10282,1.10282,26,12
2026-06-08T12:10:00Z,1.10282,1.10321,1.10282,1.10290,41,11
2026-06-08T12:11:00Z,1.10290,1.10323,1.10286,1.10300,31,8
2026-06-08T12:12:00Z,1.10300,1.10323,1.10294,1.10312,30,10
2026-06-08T12:13:00Z,1.10312,1.10328,1.10312,1.10316,42,10
2026-06-08T12:14:00Z,1.10316,1.10353,1.10312,1.10353,34,8
2026-06-08T12:15:00Z,1.10353,1.10353,1.10325,1.10325,34,8
2026-06-08T12:16:00Z,1.10325,1.10326,1.10309,1.10309,33,8
2026-06-08T12:17:00Z,1.10309,1.10329,1.10302,1.10305,31,8
2026-06-08T12:18:00Z,1.10305,1.10323,1.10295,1.10297,34,9
2026-06-08T12:19:00Z,1.10297,1.10328,1.10297,1.10319,43,11
2026-06-08T12:20:00Z,1.10319,1.10332,1.10319,1.10328,37,10
2026-06-08T12:21:00Z,1.10328,1.10375,1.10328,1.10375,43,8
2026-06-08T12:22:00Z,1.10375,1.10390,1.10356,1.10356,45,9
2026-06-08T12:23:00Z,1.10356,1.10365,1.10348,1.10360,46,9
2026-06-08T12:24:00Z,1.10360,1.10381,1.10351,1.10381,45,9
2026-06-08T12:25:00Z,1.10381,1.10389,1.10372,1.10389,39,10
2026-06-08T12:26:00Z,1.10389,1.10411,1.10365,1.10411,48,9
2026-06-08T12:27:00Z,1.10411,1.10415,1.10359,1.10375,32,10
2026-06-08T12:28:00Z,1.10375,1.10393,1.10355,1.10357,32,12
2026-06-08T12:29:00Z,1.10357,1.10357,1.10305,1.10305,36,12
2026-06-08T12:30:00Z,1.10305,1.10310,1.10280,1.10281,41,8
2026-06-08T12:31:00Z,1.10281,1.10317,1.10276,1.10276,45,11
2026-06-08T12:32:00Z,1.10276,1.10322,1.10276,1.10312,50,9
2026-06-08T12:33:00Z,1.10312,1.10312,1.10265,1.10265,45,8
2026-06-08T12:34:00Z,1.10265,1.10265,1.10253,1.10253,38,9
2026-06-08T12:35:00Z,1.10253,1.10257,1.10247,1.10256,36,10
2026-06-08T12:36:00Z,1.10256,1.10258,1.10237,1.10242,38,8
2026-06-08T12:37:00Z,1.10242,1.10246,1.10201,1.10201,49,9
2026-06-08T12:38:00Z,1.10201,1.10210,1.10191,1.10205,41,11
2026-06-08T12:39:00Z,1.10205,1.10205,1.10140,1.10142,39,8
2026-06-08T12:40:00Z,1.10142,1.10153,1.10121,1.10130,46,10
2026-06-08T12:41:00Z,1.10130,1.10160,1.10120,1.10120,50,10
2026-06-08T12:42:00Z,1.10120,1.10128,1.10111,1.10126,44,9
2026-06-08T12:43:00Z,1.10126,1.10126,1.10094,1.10111,45,10
2026-06-08T12:44:00Z,1.10111,1.10111,1.10073,1.10083,51,12
2026-06-08T12:45:00Z,1.10083,1.10092,1.10035,1.10047,49,8
2026-06-08T12:46:00Z,1.10047,1.10054,1.10033,1.10046,43,11
2026-06-08T12:47:00Z,1.10046,1.10046,1.10021,1.10030,52,11
2026-06-08T12:48:00Z,1.10030,1.10041,1.10014,1.10037,50,11
2026-06-08T12:49:00Z,1.10037,1.10047,1.10003,1.10003,57,10
2026-06-08T12:50:00Z,1.10003,1.10015,1.09979,1.09987,54,12
2026-06-08T12:51:00Z,1.09987,1.10001,1.09974,1.09974,46,8
2026-06-08T12:52:00Z,1.09974,1.09990,1.09969,1.09979,52,8
2026-06-08T12:53:00Z,1.09979,1.09993,1.09968,1.09968,45,10
2026-06-08T12:54:00Z,1.09968,1.09968,1.09937,1.09959,59,8
2026-06-08T12:55:00Z,1.09959,1.09959,1.09931,1.09931,57,8
2026-06-08T12:56:00Z,1.09931,1.09935,1.09913,1.09923,54,8
2026-06-08T12:57:00Z,1.09923,1.09935,1.09904,1.09912,49,8
2026-06-08T12:58:00Z,1.09912,1.09912,1.09872,1.09872,58,11
2026-06-08T12:59:00Z,1.09872,1.09883,1.09853,1.09868,57,11
2026-06-08T13:00:00Z,1.09868,1.09874,1.09838,1.09871,48,10
2026-06-08T13:01:00Z,1.09871,1.09923,1.09871,1.09912,62,12
2026-06-08T13:02:00Z,1.09912,1.09931,1.09897,1.09931,47,9
2026-06-08T13:03:00Z,1.09931,1.09932,1.09900,1.09900,51,9
2026-06-08T13:04:00Z,1.09900,1.09914,1.09883,1.09887,64,11
2026-06-08T13:05:00Z,1.09887,1.09903,1.09883,1.09903,59,11
2026-06-08T13:06:00Z,1.09903,1.09904,1.09879,1.09884,65,9
2026-06-08T13:07:00Z,1.09884,1.09933,1.09884,1.09932,53,8
2026-06-08T13:08:00Z,1.09932,1.09933,1.09909,1.09909,56,11
2026-06-08T13:09:00Z,1.09909,1.09909,1.09892,1.09902,61,8
2026-06-08T13:10:00Z,1.09902,1.09902,1.09882,1.09901,51,8
2026-06-08T13:11:00Z,1.09901,1.09912,1.09862,1.09862,62,12
2026-06-08T13:12:00Z,1.09862,1.09862,1.09825,1.09825,55,9
2026-06-08T13:13:00Z,1.09825,1.09892,1.09820,1.09879,52,8
2026-06-08T13:14:00Z,1.09879,1.09879,1.09844,1.09844,69,12
2026-06-08T13:15:00Z,1.09844,1.09859,1.09838,1.09856,67,11
2026-06-08T13:16:00Z,1.09856,1.09901,1.09856,1.09896,66,9
2026-06-08T13:17:00Z,1.09896,1.09924,1.09888,1.09915,65,9
2026-06-08T13:18:00Z,1.09915,1.09989,1.09915,1.09989,63,11
2026-06-08T13:19:00Z,1.09989,1.09995,1.09976,1.09976,60,10
2026-06-08T13:20:00Z,1.09976,1.10021,1.09968,1.10004,57,8
2026-06-08T13:21:00Z,1.10004,1.10014,1.09985,1.09985,65,12
2026-06-08T13:22:00Z,1.09985,1.10037,1.09984,1.10032,61,12
2026-06-08T13:23:00Z,1.10032,1.10051,1.10017,1.10025,60,9
2026-06-08T13:24:00Z,1.10025,1.10025,1.09989,1.10019,68,11
2026-06-08T13:25:00Z,1.10019,1.10051,1.10019,1.10045,69,9
2026-06-08T13:26:00Z,1.10045,1.10052,1.10033,1.10047,61,9
2026-06-08T13:27:00Z,1.10047,1.10064,1.10034,1.10034,70,10
2026-06-08T13:28:00Z,1.10034,1.10090,1.10034,1.10090,65,9
2026-06-08T13:29:00Z,1.10090,1.10104,1.10078,1.10104,72,11
2026-06-08T13:30:00Z,1.10104,1.10111,1.10089,1.10096,74,10
2026-06-08T13:31:00Z,1.10096,1.10117,1.10093,1.10107,64,9
2026-06-08T13:32:00Z,1.10107,1.10115,1.10097,1.10109,64,11
2026-06-08T13:33:00Z,1.10109,1.10138,1.10094,1.10138,80,9
2026-06-08T13:34:00Z,1.10138,1.10138,1.10098,1.10098,74,11
2026-06-08T13:35:00Z,1.10098,1.10098,1.10019,1.10023,69,9
2026-06-08T13:36:00Z,1.10023,1.10043,1.10008,1.10008,70,10
2026-06-08T13:37:00Z,1.10008,1.10033,1.10008,1.10031,78,8
2026-06-08T13:38:00Z,1.10031,1.10062,1.10028,1.10038,83,11
2026-06-08T13:39:00Z,1.10038,1.10038,1.10021,1.10021,84,8
2026-06-08T13:40:00Z,1.10021,1.10051,1.10016,1.10050,77,8
2026-06-08T13:41:00Z,1.10050,1.10050,1.10032,1.10035,79,8
2026-06-08T13:42:00Z,1.10035,1.10045,1.10035,1.10045,76,10
2026-06-08T13:43:00Z,1.10045,1.10048,1.10010,1.10030,71,9
2026-06-08T13:44:00Z,1.10030,1.10062,1.10030,1.10056,80,10
2026-06-08T13:45:00Z,1.10056,1.10061,1.10030,1.10030,74,12
2026-06-08T13:46:00Z,1.10030,1.10059,1.10019,1.10019,80,8
2026-06-08T13:47:00Z,1.10019,1.10019,1.10001,1.10004,81,11
2026-06-08T13:48:00Z,1.10004,1.10047,1.10004,1.10036,79,11
2026-06-08T13:49:00Z,1.10036,1.10041,1.10025,1.10035,80,10
2026-06-08T13:50:00Z,1.10035,1.10044,1.10015,1.10043,88,12
2026-06-08T13:51:00Z,1.10043,1.10043,1.10017,1.10035,81,11
2026-06-08T13:52:00Z,1.10035,1.10073,1.10035,1.10057,89,9
2026-06-08T13:53:00Z,1.10057,1.10066,1.10050,1.10050,85,12
2026-06-08T13:54:00Z,1.10050,1.10070,1.10014,1.10028,88,12
2026-06-08T13:55:00Z,1.10028,1.10028,1.09975,1.09980,86,8
2026-06-08T13:56:00Z,1.09980,1.09980,1.09919,1.09930,84,12
2026-06-08T13:57:00Z,1.09930,1.09930,1.09910,1.09910,91,10
2026-06-08T13:58:00Z,1.09910,1.09912,1.09886,1.09908,87,12
2026-06-08T13:59:00Z,1.09908,1.09925,1.09904,1.09925,94,10
2026-06-09T08:00:00Z,1.09890,1.09896,1.09865,1.09870,98,29
2026-06-09T08:01:00Z,1.09870,1.09878,1.09851,1.09854,88,33
2026-06-09T08:02:00Z,1.09854,1.09863,1.09828,1.09840,97,29
2026-06-09T08:03:00Z,1.09840,1.09872,1.09840,1.09842,96,30
2026-06-09T08:04:00Z,1.09842,1.09859,1.09838,1.09852,85,31
2026-06-09T08:05:00Z,1.09852,1.09857,1.09817,1.09833,81,27
2026-06-09T08:06:00Z,1.09833,1.09855,1.09822,1.09855,89,23
2026-06-09T08:07:00Z,1.09855,1.09855,1.09810,1.09812,92,27
2026-06-09T08:08:00Z,1.09812,1.09858,1.09812,1.09842,88,26
2026-06-09T08:09:00Z,1.09842,1.09842,1.09787,1.09787,79,22
2026-06-09T08:10:00Z,1.09787,1.09816,1.09779,1.09816,91,18
2026-06-09T08:11:00Z,1.09816,1.09826,1.09806,1.09812,82,19
2026-06-09T08:12:00Z,1.09812,1.09821,1.09803,1.09805,84,18
2026-06-09T08:13:00Z,1.09805,1.09805,1.09787,1.09800,82,16
2026-06-09T08:14:00Z,1.09800,1.09830,1.09783,1.09819,72,20
2026-06-09T08:15:00Z,1.09819,1.09845,1.09815,1.09825,73,20
2026-06-09T08:16:00Z,1.09825,1.09836,1.09815,1.09836,80,17
2026-06-09T08:17:00Z,1.09836,1.09849,1.09826,1.09836,79,15
2026-06-09T08:18:00Z,1.09836,1.09836,1.09817,1.09822,72,16
2026-06-09T08:19:00Z,1.09822,1.09837,1.09810,1.09832,76,16
2026-06-09T08:20:00Z,1.09832,1.09837,1.09820,1.09824,71,13
2026-06-09T08:21:00Z,1.09824,1.09827,1.09771,1.09785,68,17
2026-06-09T08:22:00Z,1.09785,1.09793,1.09769,1.09776,68,14
2026-06-09T08:23:00Z,1.09776,1.09777,1.09760,1.09765,70,16
2026-06-09T08:24:00Z,1.09765,1.09776,1.09734,1.09734,76,10
2026-06-09T08:25:00Z,1.09734,1.09766,1.09734,1.09763,72,10
2026-06-09T08:26:00Z,1.09763,1.09782,1.09751,1.09758,68,14
2026-06-09T08:27:00Z,1.09758,1.09777,1.09749,1.09749,74,11
2026-06-09T08:28:00Z,1.09749,1.09759,1.09713,1.09718,70,10
2026-06-09T08:29:00Z,1.09718,1.09733,1.09706,1.09733,73,11
2026-06-09T08:30:00Z,1.09733,1.09772,1.09733,1.09772,67,14
2026-06-09T08:31:00Z,1.09772,1.09772,1.09722,1.09737,72,14
2026-06-09T08:32:00Z,1.09737,1.09769,1.09729,1.09761,71,9
2026-06-09T08:33:00Z,1.09761,1.09761,1.09731,1.09761,62,11
2026-06-09T08:34:00Z,1.09761,1.09791,1.09761,1.09788,71,14
2026-06-09T08:35:00Z,1.09788,1.09817,1.09770,1.09817,70,10
2026-06-09T08:36:00Z,1.09817,1.09830,1.09798,1.09821,70,9
2026-06-09T08:37:00Z,1.09821,1.09827,1.09806,1.09827,69,10
2026-06-09T08:38:00Z,1.09827,1.09835,1.09811,1.09818,70,11
2026-06-09T08:39:00Z,1.09818,1.09819,1.09801,1.09801,59,12
2026-06-09T08:40:00Z,1.09801,1.09807,1.09778,1.09788,72,10
2026-06-09T08:41:00Z,1.09788,1.09807,1.09780,1.09789,69,10
2026-06-09T08:42:00Z,1.09789,1.09807,1.09779,1.09779,68,10
2026-06-09T08:43:00Z,1.09779,1.09802,1.09777,1.09802,58,11
2026-06-09T08:44:00Z,1.09802,1.09808,1.09784,1.09804,55,10
2026-06-09T08:45:00Z,1.09804,1.09830,1.09804,1.09809,54,11
2026-06-09T08:46:00Z,1.09809,1.09819,1.09777,1.09787,65,8
2026-06-09T08:47:00Z,1.09787,1.09812,1.09785,1.09805,55,8
2026-06-09T08:48:00Z,1.09805,1.09817,1.09789,1.09813,60,11
2026-06-09T08:49:00Z,1.09813,1.09831,1.09798,1.09815,61,11
2026-06-09T08:50:00Z,1.09815,1.09831,1.09813,1.09828,63,10
2026-06-09T08:51:00Z,1.09828,1.09891,1.09828,1.09887,62,9
2026-06-09T08:52:00Z,1.09887,1.09915,1.09887,1.09912,66,9
2026-06-09T08:53:00Z,1.09912,1.09920,1.09885,1.09885,65,8
2026-06-09T08:54:00Z,1.09885,1.09896,1.09874,1.09878,56,9
2026-06-09T08:55:00Z,1.09878,1.09927,1.09877,1.09927,63,10
2026-06-09T08:56:00Z,1.09927,1.09933,1.09900,1.09900,57,11
2026-06-09T08:57:00Z,1.09900,1.09905,1.09845,1.09845,57,11
2026-06-09T08:58:00Z,1.09845,1.09853,1.09835,1.09847,52,10
2026-06-09T08:59:00Z,1.09847,1.09847,1.09837,1.09837,56,11
2026-06-09T09:00:00Z,1.09837,1.09837,1.09782,1.09782,62,11
2026-06-09T09:01:00Z,1.09782,1.09783,1.09736,1.09736,48,8
2026-06-09T09:02:00Z,1.09736,1.09740,1.09686,1.09694,61,11
2026-06-09T09:03:00Z,1.09694,1.09696,1.09673,1.09694,58,9
2026-06-09T09:04:00Z,1.09694,1.09706,1.09678,1.09706,59,10
2026-06-09T09:05:00Z,1.09706,1.09737,1.09694,1.09718,47,10
2026-06-09T09:06:00Z,1.09718,1.09748,1.09703,1.09741,57,12
2026-06-09T09:07:00Z,1.09741,1.09757,1.09722,1.09722,51,9
2026-06-09T09:08:00Z,1.09722,1.09725,1.09711,1.09720,42,12
2026-06-09T09:09:00Z,1.09720,1.09732,1.09702,1.09732,50,10
2026-06-09T09:10:00Z,1.09732,1.09753,1.09732,1.09740,46,11
2026-06-09T09:11:00Z,1.09740,1.09782,1.09738,1.09782,49,9
2026-06-09T09:12:00Z,1.09782,1.09803,1.09773,1.09781,42,8
2026-06-09T09:13:00Z,1.09781,1.09781,1.09739,1.09748,40,9
2026-06-09T09:14:00Z,1.09748,1.09748,1.09715,1.09717,39,8
2026-06-09T09:15:00Z,1.09717,1.09729,1.09696,1.09696,43,11
2026-06-09T09:16:00Z,1.09696,1.09705,1.09669,1.09704,40,8
2026-06-09T09:17:00Z,1.09704,1.09707,1.09657,1.09657,42,8
2026-06-09T09:18:00Z,1.09657,1.09667,1.09628,1.09667,52,11
2026-06-09T09:19:00Z,1.09667,1.09685,1.09653,1.09672,41,11
2026-06-09T09:20:00Z,1.09672,1.09672,1.09595,1.09595,45,8
2026-06-09T09:21:00Z,1.09595,1.09632,1.09588,1.09626,38,11
2026-06-09T09:22:00Z,1.09626,1.09626,1.09595,1.09595,42,12
2026-06-09T09:23:00Z,1.09595,1.09637,1.09595,1.09637,41,12
2026-06-09T09:24:00Z,1.09637,1.09704,1.09631,1.09703,48,11
2026-06-09T09:25:00Z,1.09703,1.09713,1.09693,1.09693,41,11
2026-06-09T09:26:00Z,1.09693,1.09693,1.09652,1.09652,45,9
2026-06-09T09:27:00Z,1.09652,1.09652,1.09596,1.09599,34,10
2026-06-09T09:28:00Z,1.09599,1.09624,1.09596,1.09602,46,9
2026-06-09T09:29:00Z,1.09602,1.09611,1.09578,1.09601,48,8
2026-06-09T09:30:00Z,1.09601,1.09610,1.09589,1.09603,49,10
2026-06-09T09:31:00Z,1.09603,1.09622,1.09600,1.09622,45,10
2026-06-09T09:32:00Z,1.09622,1.09642,1.09619,1.09632,45,10
2026-06-09T09:33:00Z,1.09632,1.09654,1.09627,1.09627,33,11
2026-06-09T09:34:00Z,1.09627,1.09663,1.09627,1.09660,42,9
2026-06-09T09:35:00Z,1.09660,1.09662,1.09646,1.09659,33,9
2026-06-09T09:36:00Z,1.09659,1.09669,1.09630,1.09630,36,11
2026-06-09T09:37:00Z,1.09630,1.09630,1.09605,1.09618,46,11
2026-06-09T09:38:00Z,1.09618,1.09647,1.09618,1.09642,38,8
2026-06-09T09:39:00Z,1.09642,1.09656,1.09639,1.09643,38,8
2026-06-09T09:40:00Z,1.09643,1.09643,1.09623,1.09628,32,9
2026-06-09T09:41:00Z,1.09628,1.09628,1.09578,1.09607,43,10
2026-06-09T09:42:00Z,1.09607,1.09607,1.09548,1.09548,38,8
2026-06-09T09:43:00Z,1.09548,1.09551,1.09504,1.09504,31,9
2026-06-09T09:44:00Z,1.09504,1.09507,1.09480,1.09480,31,12
2026-06-09T09:45:00Z,1.09480,1.09496,1.09461,1.09467,32,11
2026-06-09T09:46:00Z,1.09467,1.09473,1.09451,1.09463,31,12
2026-06-09T09:47:00Z,1.09463,1.09471,1.09437,1.09471,30,11
2026-06-09T09:48:00Z,1.09471,1.09498,1.09471,1.09498,41,11
2026-06-09T09:49:00Z,1.09498,1.09502,1.09456,1.09458,27,10
2026-06-09T09:50:00Z,1.09458,1.09458,1.09422,1.09435,30,9
2026-06-09T09:51:00Z,1.09435,1.09487,1.09435,1.09465,34,9
2026-06-09T09:52:00Z,1.09465,1.09465,1.09438,1.09445,26,8
2026-06-09T09:53:00Z,1.09445,1.09452,1.09427,1.09452,37,10
2026-06-09T09:54:00Z,1.09452,1.09452,1.09417,1.09419,34,11
2026-06-09T09:55:00Z,1.09419,1.09429,1.09409,1.09420,35,9
2026-06-09T09:56:00Z,1.09420,1.09436,1.09411,1.09436,41,12
2026-06-09T09:57:00Z,1.09436,1.09458,1.09430,1.09436,37,8
2026-06-09T09:58:00Z,1.09436,1.09450,1.09427,1.09440,38,11
2026-06-09T09:59:00Z,1.09440,1.09454,1.09432,1.09439,35,10
2026-06-09T10:00:00Z,1.09439,1.09477,1.09439,1.09477,32,9
2026-06-09T10:01:00Z,1.09477,1.09479,1.09448,1.09449,31,8
2026-06-09T10:02:00Z,1.09449,1.09461,1.09446,1.09449,30,11
2026-06-09T10:03:00Z,1.09449,1.09450,1.09405,1.09420,35,10
2026-06-09T10:04:00Z,1.09420,1.09437,1.09406,1.09423,26,8
2026-06-09T10:05:00Z,1.09423,1.09437,1.09405,1.09427,39,11
2026-06-09T10:06:00Z,1.09427,1.09445,1.09411,1.09430,30,9
2026-06-09T10:07:00Z,1.09430,1.09439,1.09421,1.09430,25,10
2026-06-09T10:08:00Z,1.09430,1.09432,1.09414,1.09415,35,10
2026-06-09T10:09:00Z,1.09415,1.09426,1.09397,1.09402,23,8
2026-06-09T10:10:00Z,1.09402,1.09402,1.09370,1.09393,30,11
2026-06-09T10:11:00Z,1.09393,1.09429,1.09391,1.09429,34,11
2026-06-09T10:12:00Z,1.09429,1.09442,1.09421,1.09422,25,10
2026-06-09T10:13:00Z,1.09422,1.09446,1.09409,1.09433,33,12
2026-06-09T10:14:00Z,1.09433,1.09451,1.09430,1.09430,24,11
2026-06-09T10:15:00Z,1.09430,1.09440,1.09422,1.09433,34,11
2026-06-09T10:16:00Z,1.09433,1.09443,1.09408,1.09420,21,8
2026-06-09T10:17:00Z,1.09420,1.09421,1.09400,1.09417,27,8
2026-06-09T10:18:00Z,1.09417,1.09421,1.09385,1.09388,28,10
2026-06-09T10:19:00Z,1.09388,1.09388,1.09356,1.09366,33,10
2026-06-09T10:20:00Z,1.09366,1.09367,1.09346,1.09353,31,9
2026-06-09T10:21:00Z,1.09353,1.09363,1.09339,1.09339,27,11
2026-06-09T10:22:00Z,1.09339,1.09367,1.09338,1.09342,31,11
2026-06-09T10:23:00Z,1.09342,1.09352,1.09325,1.09325,26,12
2026-06-09T10:24:00Z,1.09325,1.09337,1.09291,1.09291,28,9
2026-06-09T10:25:00Z,1.09291,1.09310,1.09276,1.09276,30,12
2026-06-09T10:26:00Z,1.09276,1.09293,1.09276,1.09289,22,12
2026-06-09T10:27:00Z,1.09289,1.09305,1.09268,1.09305,25,10
2026-06-09T10:28:00Z,1.09305,1.09335,1.09296,1.09304,35,9
2026-06-09T10:29:00Z,1.09304,1.09325,1.09295,1.09311,21,11
2026-06-09T10:30:00Z,1.09311,1.09330,1.09309,1.09320,20,9
2026-06-09T10:31:00Z,1.09320,1.09357,1.09320,1.09337,31,12
2026-06-09T10:32:00Z,1.09337,1.09350,1.09323,1.09350,18,10
2026-06-09T10:33:00Z,1.09350,1.09358,1.09336,1.09339,28,11
2026-06-09T10:34:00Z,1.09339,1.09339,1.09306,1.09306,30,10
2026-06-09T10:35:00Z,1.09306,1.09306,1.09268,1.09292,19,9
2026-06-09T10:36:00Z,1.09292,1.09310,1.09279,1.09310,18,11
2026-06-09T10:37:00Z,1.09310,1.09321,1.09283,1.09283,24,8
2026-06-09T10:38:00Z,1.09283,1.09311,1.09278,1.09301,30,9
2026-06-09T10:39:00Z,1.09301,1.09303,1.09270,1.09286,24,8
2026-06-09T10:40:00Z,1.09286,1.09295,1.09281,1.09290,27,12
2026-06-09T10:41:00Z,1.09290,1.09299,1.09264,1.09273,17,11
2026-06-09T10:42:00Z,1.09273,1.09303,1.09273,1.09293,30,8
2026-06-09T10:43:00Z,1.09293,1.09293,1.09236,1.09244,18,12
2026-06-09T10:44:00Z,1.09244,1.09313,1.09225,1.09313,22,10
2026-06-09T10:45:00Z,1.09313,1.09324,1.09297,1.09298,29,11
2026-06-09T10:46:00Z,1.09298,1.09331,1.09298,1.09327,28,11
2026-06-09T10:47:00Z,1.09327,1.09328,1.09302,1.09316,25,12
2026-06-09T10:48:00Z,1.09316,1.09330,1.09312,1.09312,28,12
2026-06-09T10:49:00Z,1.09312,1.09312,1.09287,1.09297,24,10
2026-06-09T10:50:00Z,1.09297,1.09313,1.09287,1.09305,28,12
2026-06-09T10:51:00Z,1.09305,1.09317,1.09285,1.09290,22,8
2026-06-09T10:52:00Z,1.09290,1.09299,1.09271,1.09278,25,12
2026-06-09T10:53:00Z,1.09278,1.09278,1.09265,1.09273,19,10
2026-06-09T10:54:00Z,1.09273,1.09283,1.09261,1.09261,18,10
2026-06-09T10:55:00Z,1.09261,1.09294,1.09259,1.09269,30,10
2026-06-09T10:56:00Z,1.09269,1.09270,1.09249,1.09268,31,10
2026-06-09T10:57:00Z,1.09268,1.09272,1.09257,1.09258,24,8
2026-06-09T10:58:00Z,1.09258,1.09305,1.09251,1.09305,23,9
2026-06-09T10:59:00Z,1.09305,1.09327,1.09299,1.09317,29,9
2026-06-09T11:00:00Z,1.09317,1.09344,1.09317,1.09338,18,9
2026-06-09T11:01:00Z,1.09338,1.09364,1.09338,1.09357,20,9
2026-06-09T11:02:00Z,1.09357,1.09376,1.09349,1.09376,20,11
2026-06-09T11:03:00Z,1.09376,1.09404,1.09362,1.09392,20,8
2026-06-09T11:04:00Z,1.09392,1.09392,1.09356,1.09370,28,12
2026-06-09T11:05:00Z,1.09370,1.09377,1.09344,1.09345,27,11
2026-06-09T11:06:00Z,1.09345,1.09360,1.09340,1.09346,27,9
2026-06-09T11:07:00Z,1.09346,1.09352,1.09327,1.09333,20,9
2026-06-09T11:08:00Z,1.09333,1.09377,1.09332,1.09377,22,9
2026-06-09T11:09:00Z,1.09377,1.09380,1.09355,1.09374,19,10
2026-06-09T11:10:00Z,1.09374,1.09417,1.09374,1.09417,29,11
2026-06-09T11:11:00Z,1.09417,1.09435,1.09411,1.09430,18,8
2026-06-09T11:12:00Z,1.09430,1.09452,1.09396,1.09451,18,12
2026-06-09T11:13:00Z,1.09451,1.09498,1.09451,1.09478,21,8
2026-06-09T11:14:00Z,1.09478,1.09480,1.09411,1.09415,26,9
2026-06-09T11:15:00Z,1.09415,1.09416,1.09399,1.09399,24,8
2026-06-09T11:16:00Z,1.09399,1.09411,1.09373,1.09379,27,9
2026-06-09T11:17:00Z,1.09379,1.09404,1.09379,1.09393,17,10
2026-06-09T11:18:00Z,1.09393,1.09393,1.09349,1.09356,21,11
2026-06-09T11:19:00Z,1.09356,1.09391,1.09354,1.09383,33,9
2026-06-09T11:20:00Z,1.09383,1.09386,1.09348,1.09348,19,10
2026-06-09T11:21:00Z,1.09348,1.09389,1.09344,1.09389,29,11
2026-06-09T11:22:00Z,1.09389,1.09397,1.09365,1.09397,33,11
2026-06-09T11:23:00Z,1.09397,1.09397,1.09378,1.09381,27,11
2026-06-09T11:24:00Z,1.09381,1.09424,1.09381,1.09419,31,12
2026-06-09T11:25:00Z,1.09419,1.09419,1.09388,1.09388,23,10
2026-06-09T11:26:00Z,1.09388,1.09388,1.09355,1.09355,19,8
2026-06-09T11:27:00Z,1.09355,1.09363,1.09334,1.09359,28,12
2026-06-09T11:28:00Z,1.09359,1.09365,1.09340,1.09363,34,12
2026-06-09T11:29:00Z,1.09363,1.09403,1.09349,1.09403,27,11
2026-06-09T11:30:00Z,1.09403,1.09412,1.09394,1.09394,28,11
2026-06-09T11:31:00Z,1.09394,1.09423,1.09389,1.09423,32,11
2026-06-09T11:32:00Z,1.09423,1.09430,1.09383,1.09399,21,8
2026-06-09T11:33:00Z,1.09399,1.09403,1.09347,1.09354,31,9
2026-06-09T11:34:00Z,1.09354,1.09413,1.09354,1.09413,20,8
2026-06-09T11:35:00Z,1.09413,1.09438,1.09394,1.09409,19,12
2026-06-09T11:36:00Z,1.09409,1.09409,1.09384,1.09393,29,12
2026-06-09T11:37:00Z,1.09393,1.09401,1.09390,1.09391,27,12
2026-06-09T11:38:00Z,1.09391,1.09413,1.09380,1.09408,34,11
2026-06-09T11:39:00Z,1.09408,1.09420,1.09402,1.09402,22,11
2026-06-09T11:40:00Z,1.09402,1.09402,1.09371,1.09379,34,9
2026-06-09T11:41:00Z,1.09379,1.09407,1.09369,1.09382,34,10
2026-06-09T11:42:00Z,1.09382,1.09403,1.09374,1.09392,24,12
2026-06-09T11:43:00Z,1.09392,1.09395,1.09372,1.09395,29,11
2026-06-09T11:44:00Z,1.09395,1.09405,1.09389,1.09405,23,8
2026-06-09T11:45:00Z,1.09405,1.09426,1.09404,1.09411,21,11
2026-06-09T11:46:00Z,1.09411,1.09438,1.09396,1.09438,25,12
2026-06-09T11:47:00Z,1.09438,1.09453,1.09414,1.09452,34,9
2026-06-09T11:48:00Z,1.09452,1.09455,1.09424,1.09428,28,11
2026-06-09T11:49:00Z,1.09428,1.09452,1.09412,1.09439,35,10
2026-06-09T11:50:00Z,1.09439,1.09447,1.09410,1.09413,23,10
2026-06-09T11:51:00Z,1.09413,1.09413,1.09372,1.09372,24,9
2026-06-09T11:52:00Z,1.09372,1.09385,1.09367,1.09372,37,9
2026-06-09T11:53:00Z,1.09372,1.09377,1.09330,1.09330,34,11
2026-06-09T11:54:00Z,1.09330,1.09374,1.09309,1.09356,32,11
2026-06-09T11:55:00Z,1.09356,1.09364,1.09337,1.09337,33,12
2026-06-09T11:56:00Z,1.09337,1.09356,1.09324,1.09324,23,11
2026-06-09T11:57:00Z,1.09324,1.09368,1.09324,1.09366,26,10
2026-06-09T11:58:00Z,1.09366,1.09385,1.09363,1.09373,28,10
2026-06-09T11:59:00Z,1.09373,1.09408,1.09373,1.09395,33,8
2026-06-09T12:00:00Z,1.09395,1.09410,1.09364,1.09410,25,8
2026-06-09T12:01:00Z,1.09410,1.09425,1.09405,1.09422,34,9
2026-06-09T12:02:00Z,1.09422,1.09469,1.09422,1.09466,24,12
2026-06-09T12:03:00Z,1.09466,1.09475,1.09448,1.09448,27,10
2026-06-09T12:04:00Z,1.09448,1.09456,1.09440,1.09450,35,11
2026-06-09T12:05:00Z,1.09450,1.09460,1.09436,1.09436,34,9
2026-06-09T12:06:00Z,1.09436,1.09436,1.09357,1.09357,29,11
2026-06-09T12:07:00Z,1.09357,1.09414,1.09357,1.09404,39,9
2026-06-09T12:08:00Z,1.09404,1.09405,1.09377,1.09390,35,9
2026-06-09T12:09:00Z,1.09390,1.09393,1.09370,1.09372,42,8
2026-06-09T12:10:00Z,1.09372,1.09402,1.09363,1.09368,30,8
2026-06-09T12:11:00Z,1.09368,1.09405,1.09368,1.09389,38,8
2026-06-09T12:12:00Z,1.09389,1.09389,1.09348,1.09367,31,12
2026-06-09T12:13:00Z,1.09367,1.09384,1.09367,1.09384,41,9
2026-06-09T12:14:00Z,1.09384,1.09384,1.09348,1.09354,37,9
2026-06-09T12:15:00Z,1.09354,1.09354,1.09327,1.09338,43,8
2026-06-09T12:16:00Z,1.09338,1.09360,1.09331,1.09360,33,10
2026-06-09T12:17:00Z,1.09360,1.09401,1.09360,1.09401,35,9
2026-06-09T12:18:00Z,1.09401,1.09412,1.09397,1.09405,41,8
2026-06-09T12:19:00Z,1.09405,1.09460,1.09405,1.09460,29,10
2026-06-09T12:20:00Z,1.09460,1.09489,1.09449,1.09472,35,11
2026-06-09T12:21:00Z,1.09472,1.09494,1.09464,1.09489,42,9
2026-06-09T12:22:00Z,1.09489,1.09503,1.09481,1.09484,37,10
2026-06-09T12:23:00Z,1.09484,1.09484,1.09425,1.09425,39,8
2026-06-09T12:24:00Z,1.09425,1.09456,1.09418,1.09429,32,9
2026-06-09T12:25:00Z,1.09429,1.09430,1.09411,1.09420,40,9
2026-06-09T12:26:00Z,1.09420,1.09423,1.09405,1.09410,36,11
2026-06-09T12:27:00Z,1.09410,1.09422,1.09391,1.09422,39,8
2026-06-09T12:28:00Z,1.09422,1.09425,1.09391,1.09391,33,9
2026-06-09T12:29:00Z,1.09391,1.09442,1.09391,1.09435,41,10
2026-06-09T12:30:00Z,1.09435,1.09457,1.09435,1.09442,43,12
2026-06-09T12:31:00Z,1.09442,1.09483,1.09442,1.09483,41,11
2026-06-09T12:32:00Z,1.09483,1.09496,1.09471,1.09476,46,10
2026-06-09T12:33:00Z,1.09476,1.09507,1.09476,1.09503,47,12
2026-06-09T12:34:00Z,1.09503,1.09503,1.09461,1.09464,50,12
2026-06-09T12:35:00Z,1.09464,1.09495,1.09448,1.09491,37,8
2026-06-09T12:36:00Z,1.09491,1.09525,1.09484,1.09503,45,12
2026-06-09T12:37:00Z,1.09503,1.09511,1.09487,1.09488,48,11
2026-06-09T12:38:00Z,1.09488,1.09488,1.09438,1.09450,41,12
2026-06-09T12:39:00Z,1.09450,1.09472,1.09414,1.09426,48,9
2026-06-09T12:40:00Z,1.09426,1.09457,1.09423,1.09442,48,12
2026-06-09T12:41:00Z,1.09442,1.09463,1.09437,1.09437,42,10
2026-06-09T12:42:00Z,1.09437,1.09452,1.09421,1.09440,48,9
2026-06-09T12:43:00Z,1.09440,1.09442,1.09401,1.09401,46,12
2026-06-09T12:44:00Z,1.09401,1.09415,1.09378,1.09399,49,9
2026-06-09T12:45:00Z,1.09399,1.09452,1.09399,1.09447,47,11
2026-06-09T12:46:00Z,1.09447,1.09447,1.09431,1.09431,39,10
2026-06-09T12:47:00Z,1.09431,1.09454,1.09431,1.09432,56,12
2026-06-09T12:48:00Z,1.09432,1.09432,1.09416,1.09421,42,11
2026-06-09T12:49:00Z,1.09421,1.09462,1.09421,1.09441,41,12
2026-06-09T12:50:00Z,1.09441,1.09443,1.09379,1.09384,45,8
2026-06-09T12:51:00Z,1.09384,1.09407,1.09381,1.09407,50,9
2026-06-09T12:52:00Z,1.09407,1.09407,1.09389,1.09392,42,12
2026-06-09T12:53:00Z,1.09392,1.09435,1.09386,1.09435,54,11
2026-06-09T12:54:00Z,1.09435,1.09442,1.09411,1.09411,50,12
2026-06-09T12:55:00Z,1.09411,1.09411,1.09366,1.09366,56,9
2026-06-09T12:56:00Z,1.09366,1.09370,1.09346,1.09349,60,8
2026-06-09T12:57:00Z,1.09349,1.09349,1.09328,1.09339,59,8
2026-06-09T12:58:00Z,1.09339,1.09368,1.09339,1.09359,59,9
2026-06-09T12:59:00Z,1.09359,1.09392,1.09359,1.09392,53,9
2026-06-09T13:00:00Z,1.09392,1.09404,1.09376,1.09391,50,10
2026-06-09T13:01:00Z,1.09391,1.09398,1.09372,1.09396,46,8
2026-06-09T13:02:00Z,1.09396,1.09419,1.09395,1.09403,52,10
2026-06-09T13:03:00Z,1.09403,1.09430,1.09382,1.09382,63,12
2026-06-09T13:04:00Z,1.09382,1.09382,1.09340,1.09356,62,8
2026-06-09T13:05:00Z,1.09356,1.09390,1.09356,1.09361,56,12
2026-06-09T13:06:00Z,1.09361,1.09362,1.09335,1.09340,60,11
2026-06-09T13:07:00Z,1.09340,1.09350,1.09328,1.09341,53,8
2026-06-09T13:08:00Z,1.09341,1.09386,1.09328,1.09386,52,11
2026-06-09T13:09:00Z,1.09386,1.09399,1.09379,1.09399,60,12
2026-06-09T13:10:00Z,1.09399,1.09458,1.09399,1.09458,53,10
2026-06-09T13:11:00Z,1.09458,1.09472,1.09449,1.09449,63,9
2026-06-09T13:12:00Z,1.09449,1.09484,1.09449,1.09461,68,9
2026-06-09T13:13:00Z,1.09461,1.09462,1.09443,1.09454,62,12
2026-06-09T13:14:00Z,1.09454,1.09494,1.09454,1.09486,58,10
2026-06-09T13:15:00Z,1.09486,1.09486,1.09451,1.09458,65,12
2026-06-09T13:16:00Z,1.09458,1.09458,1.09432,1.09450,69,9
2026-06-09T13:17:00Z,1.09450,1.09450,1.09426,1.09437,57,9
2026-06-09T13:18:00Z,1.09437,1.09459,1.09436,1.09436,60,8
2026-06-09T13:19:00Z,1.09436,1.09437,1.09421,1.09428,67,8
2026-06-09T13:20:00Z,1.09428,1.09456,1.09427,1.09431,72,11
2026-06-09T13:21:00Z,1.09431,1.09472,1.09431,1.09471,66,11
2026-06-09T13:22:00Z,1.09471,1.09515,1.09469,1.09515,58,11
2026-06-09T13:23:00Z,1.09515,1.09586,1.09514,1.09570,74,10
2026-06-09T13:24:00Z,1.09570,1.09587,1.09570,1.09571,66,12
2026-06-09T13:25:00Z,1.09571,1.09601,1.09568,1.09568,59,10
2026-06-09T13:26:00Z,1.09568,1.09568,1.09541,1.09541,74,12
2026-06-09T13:27:00Z,1.09541,1.09543,1.09525,1.09526,66,9
2026-06-09T13:28:00Z,1.09526,1.09532,1.09506,1.09506,65,10
2026-06-09T13:29:00Z,1.09506,1.09528,1.09487,1.09491,67,12
2026-06-09T13:30:00Z,1.09491,1.09527,1.09491,1.09525,74,9
2026-06-09T13:31:00Z,1.09525,1.09525,1.09492,1.09495,74,8
2026-06-09T13:32:00Z,1.09495,1.09497,1.09464,1.09477,72,11
2026-06-09T13:33:00Z,1.09477,1.09486,1.09451,1.09451,64,12
2026-06-09T13:34:00Z,1.09451,1.09451,1.09431,1.09431,79,11
2026-06-09T13:35:00Z,1.09431,1.09437,1.09410,1.09412,66,9
2026-06-09T13:36:00Z,1.09412,1.09415,1.09371,1.09373,78,9
2026-06-09T13:37:00Z,1.09373,1.09413,1.09373,1.09386,72,10
2026-06-09T13:38:00Z,1.09386,1.09408,1.09382,1.09383,73,12
2026-06-09T13:39:00Z,1.09383,1.09412,1.09379,1.09394,68,10
2026-06-09T13:40:00Z,1.09394,1.09403,1.09386,1.09400,75,12
2026-06-09T13:41:00Z,1.09400,1.09414,1.09399,1.09413,75,11
2026-06-09T13:42:00Z,1.09413,1.09425,1.09395,1.09395,81,8
2026-06-09T13:43:00Z,1.09395,1.09412,1.09386,1.09397,80,9
2026-06-09T13:44:00Z,1.09397,1.09408,1.09387,1.09387,82,9
2026-06-09T13:45:00Z,1.09387,1.09407,1.09336,1.09336,85,10
2026-06-09T13:46:00Z,1.09336,1.09336,1.09302,1.09317,85,8
2026-06-09T13:47:00Z,1.09317,1.09317,1.09292,1.09307,86,9
2026-06-09T13:48:00Z,1.09307,1.09316,1.09282,1.09284,79,9
2026-06-09T13:49:00Z,1.09284,1.09322,1.09280,1.09310,83,10
2026-06-09T13:50:00Z,1.09310,1.09326,1.09307,1.09326,91,9
2026-06-09T13:51:00Z,1.09326,1.09326,1.09299,1.09299,91,8
2026-06-09T13:52:00Z,1.09299,1.09319,1.09292,1.09317,76,9
2026-06-09T13:53:00Z,1.09317,1.09333,1.09304,1.09311,86,11
2026-06-09T13:54:00Z,1.09311,1.09325,1.09305,1.09324,87,11
2026-06-09T13:55:00Z,1.09324,1.09344,1.09320,1.09344,94,8
2026-06-09T13:56:00Z,1.09344,1.09365,1.09333,1.09365,92,8
2026-06-09T13:57:00Z,1.09365,1.09390,1.09353,1.09390,88,11
2026-06-09T13:58:00Z,1.09390,1.09403,1.09382,1.09397,85,11
2026-06-09T13:59:00Z,1.09397,1.09403,1.09380,1.09397,89,9
2026-06-10T08:00:00Z,1.09097,1.09127,1.09095,1.09101,91,32
2026-06-10T08:01:00Z,1.09101,1.09125,1.09100,1.09101,82,24
2026-06-10T08:02:00Z,1.09101,1.09101,1.09080,1.09080,87,23
2026-06-10T08:03:00Z,1.09080,1.09130,1.09078,1.09130,87,22
2026-06-10T08:04:00Z,1.09130,1.09144,1.09120,1.09120,90,31
2026-06-10T08:05:00Z,1.09120,1.09120,1.09067,1.09072,94,27
2026-06-10T08:06:00Z,1.09072,1.09098,1.09072,1.09076,86,26
2026-06-10T08:07:00Z,1.09076,1.09089,1.09069,1.09077,86,27
2026-06-10T08:08:00Z,1.09077,1.09087,1.09060,1.09060,90,19
2026-06-10T08:09:00Z,1.09060,1.09060,1.09047,1.09052,80,16
2026-06-10T08:10:00Z,1.09052,1.09052,1.09035,1.09038,75,18
2026-06-10T08:11:00Z,1.09038,1.09040,1.09024,1.09028,85,19
2026-06-10T08:12:00Z,1.09028,1.09059,1.09028,1.09054,74,18
2026-06-10T08:13:00Z,1.09054,1.09085,1.09053,1.09076,80,16
2026-06-10T08:14:00Z,1.09076,1.09115,1.09068,1.09115,88,13
2026-06-10T08:15:00Z,1.09115,1.09149,1.09115,1.09148,85,20
2026-06-10T08:16:00Z,1.09148,1.09154,1.09115,1.09125,82,16
2026-06-10T08:17:00Z,1.09125,1.09125,1.09096,1.09105,81,18
2026-06-10T08:18:00Z,1.09105,1.09113,1.09096,1.09096,77,12
2026-06-10T08:19:00Z,1.09096,1.09121,1.09096,1.09116,70,15
2026-06-10T08:20:00Z,1.09116,1.09116,1.09044,1.09044,76,17
2026-06-10T08:21:00Z,1.09044,1.09070,1.09044,1.09070,72,12
2026-06-10T08:22:00Z,1.09070,1.09071,1.09020,1.09020,77,15
2026-06-10T08:23:00Z,1.09020,1.09020,1.08985,1.08985,73,16
2026-06-10T08:24:00Z,1.08985,1.09006,1.08970,1.08972,73,10
2026-06-10T08:25:00Z,1.08972,1.08977,1.08930,1.08954,81,10
2026-06-10T08:26:00Z,1.08954,1.08954,1.08916,1.08923,67,13
2026-06-10T08:27:00Z,1.08923,1.08941,1.08905,1.08919,73,14
2026-06-10T08:28:00Z,1.08919,1.08919,1.08893,1.08902,67,11
2026-06-10T08:29:00Z,1.08902,1.08907,1.08879,1.08879,74,12
2026-06-10T08:30:00Z,1.08879,1.08916,1.08879,1.08903,77,11
2026-06-10T08:31:00Z,1.08903,1.08908,1.08884,1.08898,64,9
2026-06-10T08:32:00Z,1.08898,1.08907,1.08883,1.08885,72,9
2026-06-10T08:33:00Z,1.08885,1.08889,1.08873,1.08876,72,11
2026-06-10T08:34:00Z,1.08876,1.08876,1.08850,1.08864,71,12
2026-06-10T08:35:00Z,1.08864,1.08891,1.08845,1.08853,67,13
2026-06-10T08:36:00Z,1.08853,1.08863,1.08817,1.08817,71,9
2026-06-10T08:37:00Z,1.08817,1.08822,1.08809,1.08815,60,13
2026-06-10T08:38:00Z,1.08815,1.08861,1.08815,1.08852,69,11
2026-06-10T08:39:00Z,1.08852,1.08854,1.08833,1.08841,57,13
2026-06-10T08:40:00Z,1.08841,1.08846,1.08828,1.08846,61,11
2026-06-10T08:41:00Z,1.08846,1.08876,1.08837,1.08876,65,11
2026-06-10T08:42:00Z,1.08876,1.08906,1.08862,1.08862,68,12
2026-06-10T08:43:00Z,1.08862,1.08887,1.08862,1.08865,60,8
2026-06-10T08:44:00Z,1.08865,1.08871,1.08819,1.08819,55,12
2026-06-10T08:45:00Z,1.08819,1.08824,1.08772,1.08783,58,12
2026-06-10T08:46:00Z,1.08783,1.08783,1.08746,1.08746,55,9
2026-06-10T08:47:00Z,1.08746,1.08786,1.08746,1.08783,54,11
2026-06-10T08:48:00Z,1.08783,1.08799,1.08770,1.08779,54,10
2026-06-10T08:49:00Z,1.08779,1.08798,1.08779,1.08798,51,9
2026-06-10T08:50:00Z,1.08798,1.08809,1.08796,1.08806,59,12
2026-06-10T08:51:00Z,1.08806,1.08818,1.08771,1.08781,66,12
2026-06-10T08:52:00Z,1.08781,1.08795,1.08755,1.08755,64,12
2026-06-10T08:53:00Z,1.08755,1.08759,1.08724,1.08744,51,12
2026-06-10T08:54:00Z,1.08744,1.08762,1.08744,1.08751,63,11
2026-06-10T08:55:00Z,1.08751,1.08778,1.08748,1.08775,64,12
2026-06-10T08:56:00Z,1.08775,1.08775,1.08740,1.08756,60,10
2026-06-10T08:57:00Z,1.08756,1.08758,1.08747,1.08747,51,11
2026-06-10T08:58:00Z,1.08747,1.08754,1.08725,1.08734,50,8
2026-06-10T08:59:00Z,1.08734,1.08743,1.08716,1.08718,51,12
2026-06-10T09:00:00Z,1.08718,1.08718,1.08655,1.08673,57,12
2026-06-10T09:01:00Z,1.08673,1.08677,1.08659,1.08661,50,11
2026-06-10T09:02:00Z,1.08661,1.08665,1.08655,1.08664,53,11
2026-06-10T09:03:00Z,1.08664,1.08672,1.08645,1.08652,56,9
2026-06-10T09:04:00Z,1.08652,1.08653,1.08635,1.08637,55,10
2026-06-10T09:05:00Z,1.08637,1.08640,1.08605,1.08609,49,8
2026-06-10T09:06:00Z,1.08609,1.08623,1.08581,1.08599,48,9
2026-06-10T09:07:00Z,1.08599,1.08602,1.08570,1.08570,43,8
2026-06-10T09:08:00Z,1.08570,1.08595,1.08565,1.08582,48,10
2026-06-10T09:09:00Z,1.08582,1.08591,1.08577,1.08586,49,8
2026-06-10T09:10:00Z,1.08586,1.08586,1.08549,1.08550,56,10
2026-06-10T09:11:00Z,1.08550,1.08570,1.08548,1.08568,54,12
2026-06-10T09:12:00Z,1.08568,1.08568,1.08473,1.08473,53,8
2026-06-10T09:13:00Z,1.08473,1.08479,1.08457,1.08466,40,10
2026-06-10T09:14:00Z,1.08466,1.08481,1.08455,1.08473,46,8
2026-06-10T09:15:00Z,1.08473,1.08481,1.08459,1.08465,49,12
2026-06-10T09:16:00Z,1.08465,1.08465,1.08432,1.08442,46,8
2026-06-10T09:17:00Z,1.08442,1.08470,1.08438,1.08470,52,12
2026-06-10T09:18:00Z,1.08470,1.08475,1.08441,1.08441,51,10
2026-06-10T09:19:00Z,1.08441,1.08441,1.08408,1.08412,49,11
2026-06-10T09:20:00Z,1.08412,1.08416,1.08377,1.08379,51,10
2026-06-10T09:21:00Z,1.08379,1.08379,1.08348,1.08373,50,11
2026-06-10T09:22:00Z,1.08373,1.08373,1.08340,1.08357,39,10
2026-06-10T09:23:00Z,1.08357,1.08389,1.08357,1.08380,43,9
2026-06-10T09:24:00Z,1.08380,1.08388,1.08357,1.08360,37,11
2026-06-10T09:25:00Z,1.08360,1.08381,1.08360,1.08381,43,10
2026-06-10T09:26:00Z,1.08381,1.08414,1.08381,1.08414,39,8
2026-06-10T09:27:00Z,1.08414,1.08423,1.08375,1.08386,37,12
2026-06-10T09:28:00Z,1.08386,1.08411,1.08383,1.08407,47,9
2026-06-10T09:29:00Z,1.08407,1.08407,1.08378,1.08378,43,12
2026-06-10T09:30:00Z,1.08378,1.08396,1.08362,1.08362,33,10
2026-06-10T09:31:00Z,1.08362,1.08371,1.08351,1.08366,33,10
2026-06-10T09:32:00Z,1.08366,1.08375,1.08327,1.08331,43,10
2026-06-10T09:33:00Z,1.08331,1.08339,1.08308,1.08311,46,11
2026-06-10T09:34:00Z,1.08311,1.08354,1.08307,1.08350,40,10
2026-06-10T09:35:00Z,1.08350,1.08358,1.08323,1.08323,38,11
2026-06-10T09:36:00Z,1.08323,1.08348,1.08314,1.08331,47,11
2026-06-10T09:37:00Z,1.08331,1.08331,1.08300,1.08300,41,9
2026-06-10T09:38:00Z,1.08300,1.08323,1.08293,1.08317,38,11
2026-06-10T09:39:00Z,1.08317,1.08343,1.08315,1.08336,44,8
2026-06-10T09:40:00Z,1.08336,1.08385,1.08336,1.08375,36,11
2026-06-10T09:41:00Z,1.08375,1.08403,1.08367,1.08403,38,9
2026-06-10T09:42:00Z,1.08403,1.08413,1.08390,1.08413,42,12
2026-06-10T09:43:00Z,1.08413,1.08424,1.08380,1.08392,34,12
2026-06-10T09:44:00Z,1.08392,1.08435,1.08383,1.08435,40,10
2026-06-10T09:45:00Z,1.08435,1.08440,1.08412,1.08440,33,9
2026-06-10T09:46:00Z,1.08440,1.08452,1.08432,1.08452,34,11
2026-06-10T09:47:00Z,1.08452,1.08466,1.08446,1.08458,32,8
2026-06-10T09:48:00Z,1.08458,1.08480,1.08449,1.08480,40,8
2026-06-10T09:49:00Z,1.08480,1.08484,1.08402,1.08424,41,10
2026-06-10T09:50:00Z,1.08424,1.08451,1.08417,1.08451,36,11
2026-06-10T09:51:00Z,1.08451,1.08455,1.08439,1.08439,39,8
2026-06-10T09:52:00Z,1.08439,1.08461,1.08427,1.08461,26,8
2026-06-10T09:53:00Z,1.08461,1.08483,1.08461,1.08469,36,12
2026-06-10T09:54:00Z,1.08469,1.08494,1.08465,1.08486,37,12
2026-06-10T09:55:00Z,1.08486,1.08492,1.08444,1.08455,31,12
2026-06-10T09:56:00Z,1.08455,1.08461,1.08444,1.08445,32,9
2026-06-10T09:57:00Z,1.08445,1.08449,1.08399,1.08401,28,10
2026-06-10T09:58:00Z,1.08401,1.08412,1.08383,1.08402,24,12
2026-06-10T09:59:00Z,1.08402,1.08439,1.08402,1.08435,36,12
2026-06-10T10:00:00Z,1.08435,1.08472,1.08435,1.08446,36,11
2026-06-10T10:01:00Z,1.08446,1.08456,1.08437,1.08447,25,11
2026-06-10T10:02:00Z,1.08447,1.08470,1.08433,1.08459,28,11
2026-06-10T10:03:00Z,1.08459,1.08485,1.08459,1.08474,35,10
2026-06-10T10:04:00Z,1.08474,1.08478,1.08462,1.08462,39,10
2026-06-10T10:05:00Z,1.08462,1.08477,1.08462,1.08473,39,9
2026-06-10T10:06:00Z,1.08473,1.08496,1.08473,1.08491,27,11
2026-06-10T10:07:00Z,1.08491,1.08494,1.08437,1.08456,24,9
2026-06-10T10:08:00Z,1.08456,1.08474,1.08438,1.08470,35,8
2026-06-10T10:09:00Z,1.08470,1.08471,1.08448,1.08471,23,11
2026-06-10T10:10:00Z,1.08471,1.08471,1.08423,1.08423,30,11
2026-06-10T10:11:00Z,1.08423,1.08439,1.08416,1.08439,27,11
2026-06-10T10:12:00Z,1.08439,1.08443,1.08389,1.08389,30,12
2026-06-10T10:13:00Z,1.08389,1.08400,1.08375,1.08375,33,10
2026-06-10T10:14:00Z,1.08375,1.08400,1.08373,1.08380,25,11
2026-06-10T10:15:00Z,1.08380,1.08381,1.08367,1.08370,37,11
2026-06-10T10:16:00Z,1.08370,1.08412,1.08364,1.08399,28,10
2026-06-10T10:17:00Z,1.08399,1.08399,1.08380,1.08393,33,12
2026-06-10T10:18:00Z,1.08393,1.08455,1.08393,1.08455,23,9
2026-06-10T10:19:00Z,1.08455,1.08464,1.08438,1.08448,35,8
2026-06-10T10:20:00Z,1.08448,1.08465,1.08445,1.08465,23,8
2026-06-10T10:21:00Z,1.08465,1.08469,1.08456,1.08462,30,10
2026-06-10T10:22:00Z,1.08462,1.08470,1.08434,1.08434,35,9
2026-06-10T10:23:00Z,1.08434,1.08459,1.08434,1.08453,33,10
2026-06-10T10:24:00Z,1.08453,1.08455,1.08435,1.08445,20,10
2026-06-10T10:25:00Z,1.08445,1.08488,1.08445,1.08479,30,10
2026-06-10T10:26:00Z,1.08479,1.08489,1.08474,1.08483,35,12
2026-06-10T10:27:00Z,1.08483,1.08483,1.08455,1.08469,22,11
2026-06-10T10:28:00Z,1.08469,1.08530,1.08468,1.08519,31,12
2026-06-10T10:29:00Z,1.08519,1.08519,1.08504,1.08509,23,8
2026-06-10T10:30:00Z,1.08509,1.08531,1.08506,1.08531,34,9
2026-06-10T10:31:00Z,1.08531,1.08531,1.08477,1.08477,18,11
2026-06-10T10:32:00Z,1.08477,1.08477,1.08453,1.08453,22,11
2026-06-10T10:33:00Z,1.08453,1.08483,1.08452,1.08481,24,12
2026-06-10T10:34:00Z,1.08481,1.08513,1.08476,1.08499,24,12
2026-06-10T10:35:00Z,1.08499,1.08504,1.08469,1.08469,33,9
2026-06-10T10:36:00Z,1.08469,1.08479,1.08417,1.08417,31,11
2026-06-10T10:37:00Z,1.08417,1.08417,1.08392,1.08401,26,9
2026-06-10T10:38:00Z,1.08401,1.08401,1.08378,1.08385,18,9
2026-06-10T10:39:00Z,1.08385,1.08438,1.08385,1.08438,20,11
2026-06-10T10:40:00Z,1.08438,1.08453,1.08429,1.08439,24,9
2026-06-10T10:41:00Z,1.08439,1.08439,1.08383,1.08394,21,8
2026-06-10T10:42:00Z,1.08394,1.08400,1.08384,1.08400,29,12
2026-06-10T10:43:00Z,1.08400,1.08408,1.08391,1.08404,28,11
2026-06-10T10:44:00Z,1.08404,1.08460,1.08399,1.08459,30,8
2026-06-10T10:45:00Z,1.08459,1.08466,1.08386,1.08387,23,11
2026-06-10T10:46:00Z,1.08387,1.08399,1.08355,1.08355,19,8
2026-06-10T10:47:00Z,1.08355,1.08398,1.08348,1.08398,30,8
2026-06-10T10:48:00Z,1.08398,1.08432,1.08398,1.08432,24,12
2026-06-10T10:49:00Z,1.08432,1.08472,1.08432,1.08451,21,12
2026-06-10T10:50:00Z,1.08451,1.08468,1.08438,1.08439,17,12
2026-06-10T10:51:00Z,1.08439,1.08441,1.08423,1.08424,18,11
2026-06-10T10:52:00Z,1.08424,1.08442,1.08420,1.08442,33,10
2026-06-10T10:53:00Z,1.08442,1.08442,1.08400,1.08415,27,12
2026-06-10T10:54:00Z,1.08415,1.08435,1.08413,1.08426,23,8
2026-06-10T10:55:00Z,1.08426,1.08447,1.08418,1.08428,30,9
2026-06-10T10:56:00Z,1.08428,1.08456,1.08428,1.08440,22,10
2026-06-10T10:57:00Z,1.08440,1.08475,1.08425,1.08454,30,9
2026-06-10T10:58:00Z,1.08454,1.08465,1.08445,1.08463,18,8
2026-06-10T10:59:00Z,1.08463,1.08474,1.08447,1.08471,18,12
2026-06-10T11:00:00Z,1.08471,1.08471,1.08421,1.08439,22,9
2026-06-10T11:01:00Z,1.08439,1.08499,1.08439,1.08499,19,11
2026-06-10T11:02:00Z,1.08499,1.08528,1.08499,1.08516,28,9
2026-06-10T11:03:00Z,1.08516,1.08545,1.08516,1.08545,32,12
2026-06-10T11:04:00Z,1.08545,1.08571,1.08522,1.08570,32,11
2026-06-10T11:05:00Z,1.08570,1.08570,1.08543,1.08568,21,8
2026-06-10T11:06:00Z,1.08568,1.08580,1.08536,1.08575,24,11
2026-06-10T11:07:00Z,1.08575,1.08580,1.08523,1.08523,29,8
2026-06-10T11:08:00Z,1.08523,1.08541,1.08504,1.08530,23,12
2026-06-10T11:09:00Z,1.08530,1.08530,1.08461,1.08476,25,11
2026-06-10T11:10:00Z,1.08476,1.08476,1.08451,1.08452,19,11
2026-06-10T11:11:00Z,1.08452,1.08493,1.08452,1.08493,28,12
2026-06-10T11:12:00Z,1.08493,1.08500,1.08469,1.08488,27,10
2026-06-10T11:13:00Z,1.08488,1.08516,1.08479,1.08514,24,10
2026-06-10T11:14:00Z,1.08514,1.08517,1.08489,1.08492,23,11
2026-06-10T11:15:00Z,1.08492,1.08493,1.08455,1.08463,18,10
2026-06-10T11:16:00Z,1.08463,1.08463,1.08447,1.08454,23,12
2026-06-10T11:17:00Z,1.08454,1.08460,1.08437,1.08437,27,10
2026-06-10T11:18:00Z,1.08437,1.08472,1.08437,1.08472,22,8
2026-06-10T11:19:00Z,1.08472,1.08478,1.08460,1.08467,18,11
2026-06-10T11:20:00Z,1.08467,1.08497,1.08456,1.08489,24,10
2026-06-10T11:21:00Z,1.08489,1.08489,1.08457,1.08457,26,10
2026-06-10T11:22:00Z,1.08457,1.08523,1.08457,1.08513,29,9
2026-06-10T11:23:00Z,1.08513,1.08521,1.08488,1.08503,24,12
2026-06-10T11:24:00Z,1.08503,1.08503,1.08450,1.08459,32,9
2026-06-10T11:25:00Z,1.08459,1.08464,1.08421,1.08421,24,10
2026-06-10T11:26:00Z,1.08421,1.08461,1.08413,1.08461,20,11
2026-06-10T11:27:00Z,1.08461,1.08490,1.08461,1.08485,25,11
2026-06-10T11:28:00Z,1.08485,1.08498,1.08485,1.08488,21,8
2026-06-10T11:29:00Z,1.08488,1.08490,1.08468,1.08490,34,12
2026-06-10T11:30:00Z,1.08490,1.08504,1.08482,1.08495,25,8
2026-06-10T11:31:00Z,1.08495,1.08505,1.08484,1.08484,23,8
2026-06-10T11:32:00Z,1.08484,1.08506,1.08462,1.08506,25,11
2026-06-10T11:33:00Z,1.08506,1.08506,1.08437,1.08437,19,11
2026-06-10T11:34:00Z,1.08437,1.08510,1.08437,1.08508,34,11
2026-06-10T11:35:00Z,1.08508,1.08518,1.08498,1.08498,26,12
2026-06-10T11:36:00Z,1.08498,1.08498,1.08439,1.08450,31,8
2026-06-10T11:37:00Z,1.08450,1.08465,1.08419,1.08422,35,10
2026-06-10T11:38:00Z,1.08422,1.08438,1.08419,1.08438,22,12
2026-06-10T11:39:00Z,1.08438,1.08448,1.08414,1.08420,33,9
2026-06-10T11:40:00Z,1.08420,1.08421,1.08397,1.08404,30,8
2026-06-10T11:41:00Z,1.08404,1.08423,1.08403,1.08418,21,8
2026-06-10T11:42:00Z,1.08418,1.08442,1.08410,1.08433,28,9
2026-06-10T11:43:00Z,1.08433,1.08433,1.08405,1.08414,25,12
2026-06-10T11:44:00Z,1.08414,1.08427,1.08370,1.08370,31,11
2026-06-10T11:45:00Z,1.08370,1.08407,1.08368,1.08407,29,8
2026-06-10T11:46:00Z,1.08407,1.08438,1.08407,1.08438,29,12
2026-06-10T11:47:00Z,1.08438,1.08475,1.08429,1.08456,32,8
2026-06-10T11:48:00Z,1.08456,1.08485,1.08455,1.08477,29,9
2026-06-10T11:49:00Z,1.08477,1.08509,1.08477,1.08492,32,8
2026-06-10T11:50:00Z,1.08492,1.08492,1.08433,1.08440,22,9
2026-06-10T11:51:00Z,1.08440,1.08440,1.08404,1.08404,25,11
2026-06-10T11:52:00Z,1.08404,1.08404,1.08380,1.08391,31,10
2026-06-10T11:53:00Z,1.08391,1.08391,1.08365,1.08370,30,8
2026-06-10T11:54:00Z,1.08370,1.08419,1.08370,1.08414,24,10
2026-06-10T11:55:00Z,1.08414,1.08432,1.08414,1.08430,39,12
2026-06-10T11:56:00Z,1.08430,1.08430,1.08411,1.08415,28,9
2026-06-10T11:57:00Z,1.08415,1.08415,1.08359,1.08363,32,11
2026-06-10T11:58:00Z,1.08363,1.08363,1.08335,1.08335,31,11
2026-06-10T11:59:00Z,1.08335,1.08363,1.08335,1.08345,32,11
2026-06-10T12:00:00Z,1.08345,1.08362,1.08325,1.08362,37,8
2026-06-10T12:01:00Z,1.08362,1.08418,1.08361,1.08418,33,9
2026-06-10T12:02:00Z,1.08418,1.08449,1.08418,1.08437,25,11
2026-06-10T12:03:00Z,1.08437,1.08445,1.08417,1.08441,34,9
2026-06-10T12:04:00Z,1.08441,1.08480,1.08422,1.08480,32,10
2026-06-10T12:05:00Z,1.08480,1.08496,1.08472,1.08472,28,12
2026-06-10T12:06:00Z,1.08472,1.08480,1.08459,1.08468,33,10
2026-06-10T12:07:00Z,1.08468,1.08484,1.08451,1.08467,35,9
2026-06-10T12:08:00Z,1.08467,1.08484,1.08466,1.08478,26,12
2026-06-10T12:09:00Z,1.08478,1.08506,1.08478,1.08506,27,12
2026-06-10T12:10:00Z,1.08506,1.08542,1.08502,1.08542,40,11
2026-06-10T12:11:00Z,1.08542,1.08542,1.08499,1.08505,27,11
2026-06-10T12:12:00Z,1.08505,1.08547,1.08505,1.08547,32,11
2026-06-10T12:13:00Z,1.08547,1.08567,1.08547,1.08552,31,12
2026-06-10T12:14:00Z,1.08552,1.08553,1.08525,1.08530,31,10
2026-06-10T12:15:00Z,1.08530,1.08543,1.08524,1.08541,41,9
2026-06-10T12:16:00Z,1.08541,1.08554,1.08523,1.08551,32,9
2026-06-10T12:17:00Z,1.08551,1.08579,1.08546,1.08572,40,11
2026-06-10T12:18:00Z,1.08572,1.08591,1.08560,1.08560,45,8
2026-06-10T12:19:00Z,1.08560,1.08583,1.08560,1.08583,29,12
2026-06-10T12:20:00Z,1.08583,1.08603,1.08567,1.08567,46,11
2026-06-10T12:21:00Z,1.08567,1.08595,1.08565,1.08579,41,10
2026-06-10T12:22:00Z,1.08579,1.08582,1.08563,1.08575,41,11
2026-06-10T12:23:00Z,1.08575,1.08575,1.08543,1.08544,37,11
2026-06-10T12:24:00Z,1.08544,1.08544,1.08491,1.08491,46,11
2026-06-10T12:25:00Z,1.08491,1.08505,1.08476,1.08484,34,8
2026-06-10T12:26:00Z,1.08484,1.08525,1.08483,1.08493,42,12
2026-06-10T12:27:00Z,1.08493,1.08499,1.08443,1.08443,48,9
2026-06-10T12:28:00Z,1.08443,1.08475,1.08442,1.08461,35,11
2026-06-10T12:29:00Z,1.08461,1.08471,1.08449,1.08465,33,9
2026-06-10T12:30:00Z,1.08465,1.08500,1.08465,1.08483,42,10
2026-06-10T12:31:00Z,1.08483,1.08483,1.08467,1.08483,37,12
2026-06-10T12:32:00Z,1.08483,1.08498,1.08475,1.08477,44,11
2026-06-10T12:33:00Z,1.08477,1.08477,1.08442,1.08453,40,12
2026-06-10T12:34:00Z,1.08453,1.08456,1.08431,1.08452,37,8
2026-06-10T12:35:00Z,1.08452,1.08452,1.08401,1.08401,37,11
2026-06-10T12:36:00Z,1.08401,1.08425,1.08387,1.08421,41,10
2026-06-10T12:37:00Z,1.08421,1.08440,1.08415,1.08431,52,8
2026-06-10T12:38:00Z,1.08431,1.08438,1.08387,1.08387,48,10
2026-06-10T12:39:00Z,1.08387,1.08404,1.08377,1.08391,44,11
2026-06-10T12:40:00Z,1.08391,1.08416,1.08388,1.08412,38,12
2026-06-10T12:41:00Z,1.08412,1.08440,1.08412,1.08432,52,12
2026-06-10T12:42:00Z,1.08432,1.08458,1.08428,1.08436,44,9
2026-06-10T12:43:00Z,1.08436,1.08469,1.08424,1.08466,41,8
2026-06-10T12:44:00Z,1.08466,1.08476,1.08463,1.08470,39,12
2026-06-10T12:45:00Z,1.08470,1.08470,1.08413,1.08416,44,9
2026-06-10T12:46:00Z,1.08416,1.08416,1.08391,1.08403,45,12
2026-06-10T12:47:00Z,1.08403,1.08430,1.08394,1.08419,48,12
2026-06-10T12:48:00Z,1.08419,1.08465,1.08419,1.08455,51,10
2026-06-10T12:49:00Z,1.08455,1.08472,1.08444,1.08449,57,9
2026-06-10T12:50:00Z,1.08449,1.08490,1.08449,1.08490,56,9
2026-06-10T12:51:00Z,1.08490,1.08537,1.08490,1.08510,47,12
2026-06-10T12:52:00Z,1.08510,1.08537,1.08510,1.08530,45,10
2026-06-10T12:53:00Z,1.08530,1.08536,1.08513,1.08525,45,9
2026-06-10T12:54:00Z,1.08525,1.08533,1.08505,1.08505,43,8
2026-06-10T12:55:00Z,1.08505,1.08518,1.08500,1.08500,59,11
2026-06-10T12:56:00Z,1.08500,1.08500,1.08455,1.08460,48,11
2026-06-10T12:57:00Z,1.08460,1.08463,1.08407,1.08414,49,10
2026-06-10T12:58:00Z,1.08414,1.08414,1.08369,1.08381,54,10
2026-06-10T12:59:00Z,1.08381,1.08398,1.08370,1.08370,61,12
2026-06-10T13:00:00Z,1.08370,1.08377,1.08351,1.08361,58,10
2026-06-10T13:01:00Z,1.08361,1.08361,1.08334,1.08344,54,12
2026-06-10T13:02:00Z,1.08344,1.08372,1.08336,1.08358,63,12
2026-06-10T13:03:00Z,1.08358,1.08363,1.08330,1.08333,58,12
2026-06-10T13:04:00Z,1.08333,1.08333,1.08282,1.08294,63,11
2026-06-10T13:05:00Z,1.08294,1.08294,1.08278,1.08288,61,9
2026-06-10T13:06:00Z,1.08288,1.08299,1.08285,1.08296,62,12
2026-06-10T13:07:00Z,1.08296,1.08301,1.08284,1.08301,58,9
2026-06-10T13:08:00Z,1.08301,1.08327,1.08290,1.08291,60,8
2026-06-10T13:09:00Z,1.08291,1.08291,1.08259,1.08266,54,8
2026-06-10T13:10:00Z,1.08266,1.08266,1.08232,1.08253,67,8
2026-06-10T13:11:00Z,1.08253,1.08300,1.08253,1.08293,57,10
2026-06-10T13:12:00Z,1.08293,1.08307,1.08288,1.08292,52,12
2026-06-10T13:13:00Z,1.08292,1.08292,1.08249,1.08265,59,12
2026-06-10T13:14:00Z,1.08265,1.08265,1.08226,1.08228,59,11
2026-06-10T13:15:00Z,1.08228,1.08228,1.08194,1.08200,64,9
2026-06-10T13:16:00Z,1.08200,1.08200,1.08177,1.08195,56,8
2026-06-10T13:17:00Z,1.08195,1.08200,1.08150,1.08150,65,9
2026-06-10T13:18:00Z,1.08150,1.08150,1.08113,1.08127,65,8
2026-06-10T13:19:00Z,1.08127,1.08134,1.08113,1.08124,63,12
2026-06-10T13:20:00Z,1.08124,1.08150,1.08110,1.08150,64,9
2026-06-10T13:21:00Z,1.08150,1.08150,1.08131,1.08150,66,9
2026-06-10T13:22:00Z,1.08150,1.08178,1.08145,1.08178,68,12
2026-06-10T13:23:00Z,1.08178,1.08180,1.08162,1.08176,74,8
2026-06-10T13:24:00Z,1.08176,1.08181,1.08147,1.08158,69,12
2026-06-10T13:25:00Z,1.08158,1.08165,1.08144,1.08165,68,10
2026-06-10T13:26:00Z,1.08165,1.08177,1.08158,1.08173,65,11
2026-06-10T13:27:00Z,1.08173,1.08184,1.08170,1.08175,73,10
2026-06-10T13:28:00Z,1.08175,1.08192,1.08159,1.08190,75,12
2026-06-10T13:29:00Z,1.08190,1.08218,1.08190,1.08210,72,12
2026-06-10T13:30:00Z,1.08210,1.08227,1.08182,1.08188,74,11
2026-06-10T13:31:00Z,1.08188,1.08198,1.08153,1.08191,74,11
2026-06-10T13:32:00Z,1.08191,1.08191,1.08162,1.08162,63,8
2026-06-10T13:33:00Z,1.08162,1.08182,1.08157,1.08181,65,11
2026-06-10T13:34:00Z,1.08181,1.08197,1.08168,1.08178,68,10
2026-06-10T13:35:00Z,1.08178,1.08221,1.08174,1.08195,78,10
2026-06-10T13:36:00Z,1.08195,1.08198,1.08160,1.08160,71,10
2026-06-10T13:37:00Z,1.08160,1.08195,1.08155,1.08175,73,12
2026-06-10T13:38:00Z,1.08175,1.08196,1.08169,1.08196,71,8
2026-06-10T13:39:00Z,1.08196,1.08196,1.08164,1.08164,70,11
2026-06-10T13:40:00Z,1.08164,1.08205,1.08155,1.08205,82,10
2026-06-10T13:41:00Z,1.08205,1.08205,1.08180,1.08194,73,12
2026-06-10T13:42:00Z,1.08194,1.08194,1.08176,1.08190,84,11
2026-06-10T13:43:00Z,1.08190,1.08209,1.08166,1.08170,86,9
2026-06-10T13:44:00Z,1.08170,1.08178,1.08155,1.08177,84,9
2026-06-10T13:45:00Z,1.08177,1.08177,1.08152,1.08163,85,11
2026-06-10T13:46:00Z,1.08163,1.08163,1.08142,1.08154,81,8
2026-06-10T13:47:00Z,1.08154,1.08171,1.08145,1.08162,75,12
2026-06-10T13:48:00Z,1.08162,1.08175,1.08125,1.08129,74,11
2026-06-10T13:49:00Z,1.08129,1.08203,1.08129,1.08203,87,10
2026-06-10T13:50:00Z,1.08203,1.08249,1.08203,1.08210,77,8
2026-06-10T13:51:00Z,1.08210,1.08235,1.08207,1.08209,92,9
2026-06-10T13:52:00Z,1.08209,1.08247,1.08209,1.08241,89,12
2026-06-10T13:53:00Z,1.08241,1.08254,1.08238,1.08243,82,12
2026-06-10T13:54:00Z,1.08243,1.08258,1.08233,1.08233,85,8
2026-06-10T13:55:00Z,1.08233,1.08263,1.08233,1.08247,80,12
2026-06-10T13:56:00Z,1.08247,1.08258,1.08228,1.08234,91,9
2026-06-10T13:57:00Z,1.08234,1.08273,1.08234,1.08268,92,10
2026-06-10T13:58:00Z,1.08268,1.08287,1.08266,1.08278,87,8
2026-06-10T13:59:00Z,1.08278,1.08278,1.08244,1.08256,81,11
2026-06-11T08:00:00Z,1.08156,1.08157,1.08130,1.08139,85,38
2026-06-11T08:01:00Z,1.08139,1.08143,1.08100,1.08101,81,30
2026-06-11T08:02:00Z,1.08101,1.08138,1.08085,1.08134,85,34
2026-06-11T08:03:00Z,1.08134,1.08142,1.08120,1.08127,93,27
2026-06-11T08:04:00Z,1.08127,1.08141,1.08092,1.08092,85,21
2026-06-11T08:05:00Z,1.08092,1.08147,1.08092,1.08143,79,25
2026-06-11T08:06:00Z,1.08143,1.08158,1.08124,1.08158,83,19
2026-06-11T08:07:00Z,1.08158,1.08165,1.08135,1.08144,90,25
2026-06-11T08:08:00Z,1.08144,1.08149,1.08115,1.08115,86,17
2026-06-11T08:09:00Z,1.08115,1.08118,1.08100,1.08101,81,20
2026-06-11T08:10:00Z,1.08101,1.08120,1.08079,1.08079,82,16
2026-06-11T08:11:00Z,1.08079,1.08096,1.08065,1.08080,90,21
2026-06-11T08:12:00Z,1.08080,1.08094,1.08070,1.08084,74,16
2026-06-11T08:13:00Z,1.08084,1.08092,1.08047,1.08051,79,14
2026-06-11T08:14:00Z,1.08051,1.08071,1.08042,1.08055,75,15
2026-06-11T08:15:00Z,1.08055,1.08078,1.08052,1.08078,82,13
2026-06-11T08:16:00Z,1.08078,1.08089,1.08073,1.08082,77,19
2026-06-11T08:17:00Z,1.08082,1.08090,1.08056,1.08090,83,12
2026-06-11T08:18:00Z,1.08090,1.08090,1.08060,1.08074,83,12
2026-06-11T08:19:00Z,1.08074,1.08093,1.08067,1.08076,80,15
2026-06-11T08:20:00Z,1.08076,1.08076,1.08033,1.08034,71,13
2026-06-11T08:21:00Z,1.08034,1.08043,1.08024,1.08027,78,11
2026-06-11T08:22:00Z,1.08027,1.08042,1.08017,1.08017,71,11
2026-06-11T08:23:00Z,1.08017,1.08054,1.08013,1.08044,67,13
2026-06-11T08:24:00Z,1.08044,1.08081,1.08044,1.08061,69,12
2026-06-11T08:25:00Z,1.08061,1.08070,1.08029,1.08053,76,15
2026-06-11T08:26:00Z,1.08053,1.08061,1.08031,1.08041,73,15
2026-06-11T08:27:00Z,1.08041,1.08075,1.08041,1.08075,68,15
2026-06-11T08:28:00Z,1.08075,1.08075,1.08029,1.08037,67,10
2026-06-11T08:29:00Z,1.08037,1.08037,1.07993,1.07993,70,11
2026-06-11T08:30:00Z,1.07993,1.07998,1.07956,1.07960,69,9
2026-06-11T08:31:00Z,1.07960,1.07995,1.07952,1.07994,75,12
2026-06-11T08:32:00Z,1.07994,1.08009,1.07983,1.08009,74,10
2026-06-11T08:33:00Z,1.08009,1.08020,1.07982,1.07990,65,13
2026-06-11T08:34:00Z,1.07990,1.08020,1.07990,1.08002,66,14
2026-06-11T08:35:00Z,1.08002,1.08005,1.07981,1.07981,72,13
2026-06-11T08:36:00Z,1.07981,1.07981,1.07960,1.07960,60,13
2026-06-11T08:37:00Z,1.07960,1.07964,1.07937,1.07958,61,12
2026-06-11T08:38:00Z,1.07958,1.07958,1.07888,1.07888,66,10
2026-06-11T08:39:00Z,1.07888,1.07930,1.07888,1.07930,65,11
2026-06-11T08:40:00Z,1.07930,1.07947,1.07928,1.07938,59,10
2026-06-11T08:41:00Z,1.07938,1.07961,1.07931,1.07958,62,12
2026-06-11T08:42:00Z,1.07958,1.07963,1.07935,1.07963,60,9
2026-06-11T08:43:00Z,1.07963,1.07964,1.07942,1.07942,62,11
2026-06-11T08:44:00Z,1.07942,1.07949,1.07939,1.07939,70,10
2026-06-11T08:45:00Z,1.07939,1.07953,1.07925,1.07953,55,8
2026-06-11T08:46:00Z,1.07953,1.07971,1.07946,1.07946,61,9
2026-06-11T08:47:00Z,1.07946,1.07963,1.07930,1.07963,68,10
2026-06-11T08:48:00Z,1.07963,1.07976,1.07930,1.07930,55,12
2026-06-11T08:49:00Z,1.07930,1.07945,1.07920,1.07923,55,11
2026-06-11T08:50:00Z,1.07923,1.07955,1.07923,1.07955,66,10
2026-06-11T08:51:00Z,1.07955,1.07962,1.07943,1.07943,64,11
2026-06-11T08:52:00Z,1.07943,1.07976,1.07935,1.07976,54,11
2026-06-11T08:53:00Z,1.07976,1.07980,1.07946,1.07946,51,11
2026-06-11T08:54:00Z,1.07946,1.07980,1.07942,1.07957,60,12
2026-06-11T08:55:00Z,1.07957,1.07979,1.07950,1.07971,62,10
2026-06-11T08:56:00Z,1.07971,1.07984,1.07968,1.07978,55,11
2026-06-11T08:57:00Z,1.07978,1.08008,1.07978,1.07993,53,11
2026-06-11T08:58:00Z,1.07993,1.08030,1.07991,1.08029,63,11
2026-06-11T08:59:00Z,1.08029,1.08061,1.08029,1.08061,60,9
2026-06-11T09:00:00Z,1.08061,1.08066,1.08028,1.08032,48,10
2026-06-11T09:01:00Z,1.08032,1.08036,1.07989,1.07989,56,12
2026-06-11T09:02:00Z,1.07989,1.07989,1.07940,1.07940,48,10
2026-06-11T09:03:00Z,1.07940,1.07961,1.07936,1.07952,54,11
2026-06-11T09:04:00Z,1.07952,1.07986,1.07952,1.07986,59,12
2026-06-11T09:05:00Z,1.07986,1.08044,1.07986,1.08027,52,10
2026-06-11T09:06:00Z,1.08027,1.08045,1.07985,1.07996,48,11
2026-06-11T09:07:00Z,1.07996,1.08021,1.07984,1.08015,51,12
2026-06-11T09:08:00Z,1.08015,1.08069,1.08015,1.08060,47,8
2026-06-11T09:09:00Z,1.08060,1.08062,1.08014,1.08014,58,8
2026-06-11T09:10:00Z,1.08014,1.08014,1.07968,1.07968,55,10
2026-06-11T09:11:00Z,1.07968,1.07980,1.07955,1.07964,50,10
2026-06-11T09:12:00Z,1.07964,1.07964,1.07918,1.07922,45,11
2026-06-11T09:13:00Z,1.07922,1.07925,1.07907,1.07909,49,9
2026-06-11T09:14:00Z,1.07909,1.07936,1.07907,1.07923,50,8
2026-06-11T09:15:00Z,1.07923,1.07945,1.07909,1.07909,48,12
2026-06-11T09:16:00Z,1.07909,1.07909,1.07888,1.07893,45,8
2026-06-11T09:17:00Z,1.07893,1.07898,1.07879,1.07893,45,11
2026-06-11T09:18:00Z,1.07893,1.07939,1.07892,1.07939,50,9
2026-06-11T09:19:00Z,1.07939,1.07939,1.07908,1.07909,42,9
2026-06-11T09:20:00Z,1.07909,1.07926,1.07897,1.07912,42,9
2026-06-11T09:21:00Z,1.07912,1.07930,1.07912,1.07930,51,9
2026-06-11T09:22:00Z,1.07930,1.07934,1.07912,1.07926,48,8
2026-06-11T09:23:00Z,1.07926,1.07933,1.07865,1.07868,38,11
2026-06-11T09:24:00Z,1.07868,1.07895,1.07867,1.07871,50,12
2026-06-11T09:25:00Z,1.07871,1.07883,1.07860,1.07880,50,8
2026-06-11T09:26:00Z,1.07880,1.07889,1.07868,1.07876,51,12
2026-06-11T09:27:00Z,1.07876,1.07896,1.07866,1.07896,43,8
2026-06-11T09:28:00Z,1.07896,1.07913,1.07867,1.07867,38,11
2026-06-11T09:29:00Z,1.07867,1.07867,1.07844,1.07852,39,8
2026-06-11T09:30:00Z,1.07852,1.07883,1.07833,1.07833,41,10
2026-06-11T09:31:00Z,1.07833,1.07850,1.07826,1.07847,36,8
2026-06-11T09:32:00Z,1.07847,1.07847,1.07814,1.07814,38,10
2026-06-11T09:33:00Z,1.07814,1.07821,1.07795,1.07806,35,8
2026-06-11T09:34:00Z,1.07806,1.07806,1.07784,1.07793,36,11
2026-06-11T09:35:00Z,1.07793,1.07816,1.07793,1.07816,43,12
2026-06-11T09:36:00Z,1.07816,1.07825,1.07782,1.07782,40,10
2026-06-11T09:37:00Z,1.07782,1.07782,1.07764,1.07769,45,10
2026-06-11T09:38:00Z,1.07769,1.07786,1.07753,1.07770,37,9
2026-06-11T09:39:00Z,1.07770,1.07785,1.07770,1.07783,46,9
2026-06-11T09:40:00Z,1.07783,1.07806,1.07783,1.07787,39,10
2026-06-11T09:41:00Z,1.07787,1.07793,1.07766,1.07787,34,11
2026-06-11T09:42:00Z,1.07787,1.07797,1.07772,1.07772,32,9
2026-06-11T09:43:00Z,1.07772,1.07845,1.07772,1.07845,32,11
2026-06-11T09:44:00Z,1.07845,1.07878,1.07845,1.07863,42,10
2026-06-11T09:45:00Z,1.07863,1.07883,1.07854,1.07883,40,11
2026-06-11T09:46:00Z,1.07883,1.07906,1.07876,1.07892,28,12
2026-06-11T09:47:00Z,1.07892,1.07898,1.07870,1.07884,37,11
2026-06-11T09:48:00Z,1.07884,1.07895,1.07870,1.07884,31,9
2026-06-11T09:49:00Z,1.07884,1.07913,1.07875,1.07887,43,8
2026-06-11T09:50:00Z,1.07887,1.07887,1.07861,1.07877,40,8
2026-06-11T09:51:00Z,1.07877,1.07908,1.07877,1.07897,38,11
2026-06-11T09:52:00Z,1.07897,1.07912,1.07881,1.07909,28,10
2026-06-11T09:53:00Z,1.07909,1.07915,1.07899,1.07915,40,11
2026-06-11T09:54:00Z,1.07915,1.07915,1.07875,1.07875,37,10
2026-06-11T09:55:00Z,1.07875,1.07881,1.07852,1.07867,29,11
2026-06-11T09:56:00Z,1.07867,1.07898,1.07867,1.07898,34,11
2026-06-11T09:57:00Z,1.07898,1.07914,1.07890,1.07903,33,11
2026-06-11T09:58:00Z,1.07903,1.07911,1.07888,1.07888,29,10
2026-06-11T09:59:00Z,1.07888,1.07888,1.07869,1.07869,27,9
2026-06-11T10:00:00Z,1.07869,1.07877,1.07861,1.07866,25,8
2026-06-11T10:01:00Z,1.07866,1.07893,1.07853,1.07893,24,9
2026-06-11T10:02:00Z,1.07893,1.07893,1.07839,1.07839,40,9
2026-06-11T10:03:00Z,1.07839,1.07845,1.07823,1.07823,36,9
2026-06-11T10:04:00Z,1.07823,1.07883,1.07823,1.07883,39,8
2026-06-11T10:05:00Z,1.07883,1.07899,1.07881,1.07889,25,12
2026-06-11T10:06:00Z,1.07889,1.07893,1.07867,1.07867,24,12
2026-06-11T10:07:00Z,1.07867,1.07879,1.07854,1.07855,38,10
2026-06-11T10:08:00Z,1.07855,1.07871,1.07841,1.07871,37,12
2026-06-11T10:09:00Z,1.07871,1.07874,1.07848,1.07874,25,11
2026-06-11T10:10:00Z,1.07874,1.07905,1.07868,1.07905,36,12
2026-06-11T10:11:00Z,1.07905,1.07905,1.07874,1.07874,32,9
2026-06-11T10:12:00Z,1.07874,1.07880,1.07840,1.07869,25,8
2026-06-11T10:13:00Z,1.07869,1.07879,1.07853,1.07879,28,9
2026-06-11T10:14:00Z,1.07879,1.07895,1.07852,1.07871,29,9
2026-06-11T10:15:00Z,1.07871,1.07908,1.07862,1.07904,37,11
2026-06-11T10:16:00Z,1.07904,1.07914,1.07877,1.07883,35,12
2026-06-11T10:17:00Z,1.07883,1.07902,1.07877,1.07894,32,11
2026-06-11T10:18:00Z,1.07894,1.07919,1.07888,1.07899,28,9
2026-06-11T10:19:00Z,1.07899,1.07902,1.07879,1.07887,34,8
2026-06-11T10:20:00Z,1.07887,1.07890,1.07871,1.07874,29,12
2026-06-11T10:21:00Z,1.07874,1.07881,1.07844,1.07849,29,8
2026-06-11T10:22:00Z,1.07849,1.07870,1.07840,1.07870,23,9
2026-06-11T10:23:00Z,1.07870,1.07922,1.07869,1.07921,20,12
2026-06-11T10:24:00Z,1.07921,1.07960,1.07921,1.07938,26,9
2026-06-11T10:25:00Z,1.07938,1.07939,1.07915,1.07935,23,8
2026-06-11T10:26:00Z,1.07935,1.07935,1.07899,1.07899,31,11
2026-06-11T10:27:00Z,1.07899,1.07902,1.07880,1.07880,25,12
2026-06-11T10:28:00Z,1.07880,1.07881,1.07872,1.07881,30,8
2026-06-11T10:29:00Z,1.07881,1.07911,1.07881,1.07911,26,11
2026-06-11T10:30:00Z,1.07911,1.07911,1.07844,1.07845,25,10
2026-06-11T10:31:00Z,1.07845,1.07852,1.07819,1.07849,30,12
2026-06-11T10:32:00Z,1.07849,1.07865,1.07842,1.07855,27,9
2026-06-11T10:33:00Z,1.07855,1.07855,1.07804,1.07814,28,8
2026-06-11T10:34:00Z,1.07814,1.07864,1.07801,1.07860,22,10
2026-06-11T10:35:00Z,1.07860,1.07864,1.07829,1.07829,23,10
2026-06-11T10:36:00Z,1.07829,1.07854,1.07795,1.07854,19,8
2026-06-11T10:37:00Z,1.07854,1.07859,1.07805,1.07805,31,8
2026-06-11T10:38:00Z,1.07805,1.07839,1.07803,1.07839,34,9
2026-06-11T10:39:00Z,1.07839,1.07849,1.07814,1.07814,30,12
2026-06-11T10:40:00Z,1.07814,1.07830,1.07776,1.07776,20,10
2026-06-11T10:41:00Z,1.07776,1.07776,1.07742,1.07755,33,12
2026-06-11T10:42:00Z,1.07755,1.07776,1.07734,1.07741,32,8
2026-06-11T10:43:00Z,1.07741,1.07741,1.07706,1.07731,28,10
2026-06-11T10:44:00Z,1.07731,1.07759,1.07731,1.07750,17,9
2026-06-11T10:45:00Z,1.07750,1.07767,1.07743,1.07751,24,11
2026-06-11T10:46:00Z,1.07751,1.07751,1.07719,1.07741,33,9
2026-06-11T10:47:00Z,1.07741,1.07764,1.07737,1.07737,22,10
2026-06-11T10:48:00Z,1.07737,1.07739,1.07700,1.07731,22,10
2026-06-11T10:49:00Z,1.07731,1.07783,1.07717,1.07779,23,12
2026-06-11T10:50:00Z,1.07779,1.07779,1.07756,1.07759,22,8
2026-06-11T10:51:00Z,1.07759,1.07769,1.07749,1.07749,28,10
2026-06-11T10:52:00Z,1.07749,1.07749,1.07708,1.07733,33,12
2026-06-11T10:53:00Z,1.07733,1.07744,1.07729,1.07729,17,10
2026-06-11T10:54:00Z,1.07729,1.07734,1.07714,1.07721,17,8
2026-06-11T10:55:00Z,1.07721,1.07737,1.07707,1.07736,29,11
2026-06-11T10:56:00Z,1.07736,1.07736,1.07715,1.07715,17,8
2026-06-11T10:57:00Z,1.07715,1.07717,1.07688,1.07695,33,10
2026-06-11T10:58:00Z,1.07695,1.07695,1.07666,1.07687,19,10
2026-06-11T10:59:00Z,1.07687,1.07693,1.07648,1.07652,25,8
2026-06-11T11:00:00Z,1.07652,1.07661,1.07638,1.07650,22,11
2026-06-11T11:01:00Z,1.07650,1.07657,1.07631,1.07637,17,10
2026-06-11T11:02:00Z,1.07637,1.07668,1.07637,1.07654,33,12
2026-06-11T11:03:00Z,1.07654,1.07671,1.07654,1.07662,32,11
2026-06-11T11:04:00Z,1.07662,1.07703,1.07662,1.07702,29,11
2026-06-11T11:05:00Z,1.07702,1.07702,1.07673,1.07673,28,8
2026-06-11T11:06:00Z,1.07673,1.07696,1.07671,1.07696,33,11
2026-06-11T11:07:00Z,1.07696,1.07718,1.07690,1.07716,25,10
2026-06-11T11:08:00Z,1.07716,1.07723,1.07698,1.07698,27,9
2026-06-11T11:09:00Z,1.07698,1.07733,1.07698,1.07720,19,9
2026-06-11T11:10:00Z,1.07720,1.07730,1.07707,1.07707,17,11
2026-06-11T11:11:00Z,1.07707,1.07711,1.07683,1.07702,20,11
2026-06-11T11:12:00Z,1.07702,1.07740,1.07697,1.07733,29,9
2026-06-11T11:13:00Z,1.07733,1.07734,1.07702,1.07713,24,10
2026-06-11T11:14:00Z,1.07713,1.07746,1.07713,1.07746,19,12
2026-06-11T11:15:00Z,1.07746,1.07774,1.07742,1.07751,24,10
2026-06-11T11:16:00Z,1.07751,1.07751,1.07723,1.07740,23,10
2026-06-11T11:17:00Z,1.07740,1.07767,1.07740,1.07763,23,8
2026-06-11T11:18:00Z,1.07763,1.07812,1.07763,1.07802,28,8
2026-06-11T11:19:00Z,1.07802,1.07833,1.07801,1.07823,29,11
2026-06-11T11:20:00Z,1.07823,1.07833,1.07804,1.07807,27,10
2026-06-11T11:21:00Z,1.07807,1.07832,1.07807,1.07828,22,9
2026-06-11T11:22:00Z,1.07828,1.07843,1.07811,1.07820,24,9
2026-06-11T11:23:00Z,1.07820,1.07827,1.07807,1.07820,34,8
2026-06-11T11:24:00Z,1.07820,1.07833,1.07807,1.07828,23,8
2026-06-11T11:25:00Z,1.07828,1.07869,1.07828,1.07869,21,12
2026-06-11T11:26:00Z,1.07869,1.07869,1.07846,1.07853,29,9
2026-06-11T11:27:00Z,1.07853,1.07859,1.07839,1.07847,21,9
2026-06-11T11:28:00Z,1.07847,1.07863,1.07831,1.07863,20,9
2026-06-11T11:29:00Z,1.07863,1.07870,1.07845,1.07851,22,12
2026-06-11T11:30:00Z,1.07851,1.07860,1.07837,1.07837,35,12
2026-06-11T11:31:00Z,1.07837,1.07856,1.07830,1.07856,27,11
2026-06-11T11:32:00Z,1.07856,1.07856,1.07810,1.07817,25,9
2026-06-11T11:33:00Z,1.07817,1.07855,1.07815,1.07826,34,9
2026-06-11T11:34:00Z,1.07826,1.07890,1.07823,1.07877,28,8
2026-06-11T11:35:00Z,1.07877,1.07899,1.07870,1.07870,32,8
2026-06-11T11:36:00Z,1.07870,1.07872,1.07848,1.07862,28,9
2026-06-11T11:37:00Z,1.07862,1.07879,1.07862,1.07874,21,9
2026-06-11T11:38:00Z,1.07874,1.07878,1.07833,1.07837,20,10
2026-06-11T11:39:00Z,1.07837,1.07883,1.07820,1.07875,29,9
2026-06-11T11:40:00Z,1.07875,1.07893,1.07866,1.07893,34,11
2026-06-11T11:41:00Z,1.07893,1.07909,1.07877,1.07877,36,11
2026-06-11T11:42:00Z,1.07877,1.07877,1.07843,1.07847,22,11
2026-06-11T11:43:00Z,1.07847,1.07852,1.07809,1.07809,24,10
2026-06-11T11:44:00Z,1.07809,1.07809,1.07784,1.07784,31,11
2026-06-11T11:45:00Z,1.07784,1.07814,1.07784,1.07814,22,9
2026-06-11T11:46:00Z,1.07814,1.07848,1.07813,1.07835,25,11
2026-06-11T11:47:00Z,1.07835,1.07845,1.07831,1.07837,36,10
2026-06-11T11:48:00Z,1.07837,1.07854,1.07828,1.07850,24,12
2026-06-11T11:49:00Z,1.07850,1.07867,1.07836,1.07867,37,12
2026-06-11T11:50:00Z,1.07867,1.07895,1.07861,1.07884,38,11
2026-06-11T11:51:00Z,1.07884,1.07921,1.07881,1.07907,32,11
2026-06-11T11:52:00Z,1.07907,1.07926,1.07907,1.07926,32,11
2026-06-11T11:53:00Z,1.07926,1.07935,1.07894,1.07898,35,12
2026-06-11T11:54:00Z,1.07898,1.07928,1.07892,1.07928,32,8
2026-06-11T11:55:00Z,1.07928,1.07934,1.07874,1.07877,33,8
2026-06-11T11:56:00Z,1.07877,1.07891,1.07866,1.07878,33,10
2026-06-11T11:57:00Z,1.07878,1.07888,1.07865,1.07877,30,12
2026-06-11T11:58:00Z,1.07877,1.07900,1.07869,1.07874,28,8
2026-06-11T11:59:00Z,1.07874,1.07913,1.07874,1.07913,32,8
2026-06-11T12:00:00Z,1.07913,1.07957,1.07913,1.07957,36,12
2026-06-11T12:01:00Z,1.07957,1.07972,1.07951,1.07951,38,11
2026-06-11T12:02:00Z,1.07951,1.07989,1.07951,1.07982,34,12
2026-06-11T12:03:00Z,1.07982,1.07991,1.07978,1.07988,26,12
2026-06-11T12:04:00Z,1.07988,1.07992,1.07966,1.07980,36,9
2026-06-11T12:05:00Z,1.07980,1.08004,1.07975,1.07975,36,11
2026-06-11T12:06:00Z,1.07975,1.08019,1.07975,1.08019,30,12
2026-06-11T12:07:00Z,1.08019,1.08045,1.08013,1.08025,42,12
2026-06-11T12:08:00Z,1.08025,1.08050,1.08012,1.08038,34,12
2026-06-11T12:09:00Z,1.08038,1.08061,1.08036,1.08047,32,11
2026-06-11T12:10:00Z,1.08047,1.08047,1.08012,1.08028,28,9
2026-06-11T12:11:00Z,1.08028,1.08056,1.08028,1.08038,36,9
2026-06-11T12:12:00Z,1.08038,1.08055,1.08029,1.08036,42,10
2026-06-11T12:13:00Z,1.08036,1.08046,1.08002,1.08011,35,12
2026-06-11T12:14:00Z,1.08011,1.08011,1.07972,1.07982,31,12
2026-06-11T12:15:00Z,1.07982,1.07997,1.07966,1.07980,37,9
2026-06-11T12:16:00Z,1.07980,1.07991,1.07972,1.07974,39,8
2026-06-11T12:17:00Z,1.07974,1.07978,1.07959,1.07962,45,8
2026-06-11T12:18:00Z,1.07962,1.07962,1.07916,1.07922,41,11
2026-06-11T12:19:00Z,1.07922,1.07926,1.07893,1.07893,38,11
2026-06-11T12:20:00Z,1.07893,1.07923,1.07893,1.07923,33,11
2026-06-11T12:21:00Z,1.07923,1.07951,1.07900,1.07951,37,10
2026-06-11T12:22:00Z,1.07951,1.07967,1.07939,1.07965,44,11
2026-06-11T12:23:00Z,1.07965,1.07996,1.07964,1.07965,36,9
2026-06-11T12:24:00Z,1.07965,1.07976,1.07952,1.07967,45,9
2026-06-11T12:25:00Z,1.07967,1.07982,1.07953,1.07977,37,11
2026-06-11T12:26:00Z,1.07977,1.07979,1.07961,1.07968,48,12
2026-06-11T12:27:00Z,1.07968,1.07999,1.07960,1.07987,33,8
2026-06-11T12:28:00Z,1.07987,1.07997,1.07970,1.07997,43,8
2026-06-11T12:29:00Z,1.07997,1.07997,1.07979,1.07980,44,10
2026-06-11T12:30:00Z,1.07980,1.08018,1.07976,1.08009,47,8
2026-06-11T12:31:00Z,1.08009,1.08026,1.08001,1.08003,33,8
2026-06-11T12:32:00Z,1.08003,1.08012,1.07998,1.08000,48,10
2026-06-11T12:33:00Z,1.08000,1.08027,1.07998,1.08027,36,9
2026-06-11T12:34:00Z,1.08027,1.08027,1.07993,1.08009,45,8
2026-06-11T12:35:00Z,1.08009,1.08009,1.07969,1.07977,40,12
2026-06-11T12:36:00Z,1.07977,1.08005,1.07969,1.08000,47,10
2026-06-11T12:37:00Z,1.08000,1.08022,1.07999,1.07999,36,12
2026-06-11T12:38:00Z,1.07999,1.08008,1.07994,1.07996,44,8
2026-06-11T12:39:00Z,1.07996,1.07998,1.07977,1.07990,40,10
2026-06-11T12:40:00Z,1.07990,1.08003,1.07969,1.07990,48,11
2026-06-11T12:41:00Z,1.07990,1.07990,1.07962,1.07962,52,9
2026-06-11T12:42:00Z,1.07962,1.07979,1.07944,1.07944,39,11
2026-06-11T12:43:00Z,1.07944,1.07997,1.07944,1.07981,40,12
2026-06-11T12:44:00Z,1.07981,1.08014,1.07972,1.08014,51,9
2026-06-11T12:45:00Z,1.08014,1.08032,1.08014,1.08018,52,8
2026-06-11T12:46:00Z,1.08018,1.08029,1.07996,1.08016,52,11
2026-06-11T12:47:00Z,1.08016,1.08018,1.07990,1.07990,52,9
2026-06-11T12:48:00Z,1.07990,1.07999,1.07971,1.07991,49,12
2026-06-11T12:49:00Z,1.07991,1.08023,1.07988,1.08007,55,8
2026-06-11T12:50:00Z,1.08007,1.08022,1.08000,1.08005,41,12
2026-06-11T12:51:00Z,1.08005,1.08023,1.07977,1.07983,50,10
2026-06-11T12:52:00Z,1.07983,1.07990,1.07962,1.07962,48,10
2026-06-11T12:53:00Z,1.07962,1.07992,1.07949,1.07992,42,11
2026-06-11T12:54:00Z,1.07992,1.08015,1.07991,1.07999,50,10
2026-06-11T12:55:00Z,1.07999,1.08026,1.07992,1.07992,55,12
2026-06-11T12:56:00Z,1.07992,1.07997,1.07953,1.07957,52,9
2026-06-11T12:57:00Z,1.07957,1.07967,1.07952,1.07966,53,11
2026-06-11T12:58:00Z,1.07966,1.07966,1.07925,1.07928,52,10
2026-06-11T12:59:00Z,1.07928,1.07931,1.07907,1.07931,58,9
2026-06-11T13:00:00Z,1.07931,1.07933,1.07910,1.07910,58,10
2026-06-11T13:01:00Z,1.07910,1.07910,1.07875,1.07889,59,8
2026-06-11T13:02:00Z,1.07889,1.07917,1.07889,1.07906,53,11
2026-06-11T13:03:00Z,1.07906,1.07938,1.07905,1.07935,55,9
2026-06-11T13:04:00Z,1.07935,1.07935,1.07900,1.07900,50,8
2026-06-11T13:05:00Z,1.07900,1.07911,1.07881,1.07895,49,8
2026-06-11T13:06:00Z,1.07895,1.07912,1.07880,1.07911,55,11
2026-06-11T13:07:00Z,1.07911,1.07915,1.07896,1.07901,56,10
2026-06-11T13:08:00Z,1.07901,1.07912,1.07873,1.07873,50,11
2026-06-11T13:09:00Z,1.07873,1.07879,1.07852,1.07868,61,8
2026-06-11T13:10:00Z,1.07868,1.07890,1.07868,1.07881,56,10
2026-06-11T13:11:00Z,1.07881,1.07887,1.07860,1.07887,67,8
2026-06-11T13:12:00Z,1.07887,1.07901,1.07871,1.07874,58,12
2026-06-11T13:13:00Z,1.07874,1.07908,1.07868,1.07906,66,12
2026-06-11T13:14:00Z,1.07906,1.07908,1.07867,1.07896,55,10
2026-06-11T13:15:00Z,1.07896,1.07896,1.07884,1.07884,55,11
2026-06-11T13:16:00Z,1.07884,1.07885,1.07861,1.07880,54,11
2026-06-11T13:17:00Z,1.07880,1.07916,1.07874,1.07916,67,11
2026-06-11T13:18:00Z,1.07916,1.07931,1.07898,1.07924,69,12
2026-06-11T13:19:00Z,1.07924,1.07924,1.07866,1.07866,69,9
2026-06-11T13:20:00Z,1.07866,1.07878,1.07846,1.07846,69,8
2026-06-11T13:21:00Z,1.07846,1.07878,1.07835,1.07878,69,12
2026-06-11T13:22:00Z,1.07878,1.07878,1.07828,1.07828,66,12
2026-06-11T13:23:00Z,1.07828,1.07828,1.07781,1.07808,60,10
2026-06-11T13:24:00Z,1.07808,1.07828,1.07808,1.07818,67,10
2026-06-11T13:25:00Z,1.07818,1.07827,1.07795,1.07827,68,11
2026-06-11T13:26:00Z,1.07827,1.07840,1.07821,1.07823,76,9
2026-06-11T13:27:00Z,1.07823,1.07838,1.07815,1.07815,74,8
2026-06-11T13:28:00Z,1.07815,1.07817,1.07799,1.07816,75,8
2026-06-11T13:29:00Z,1.07816,1.07821,1.07801,1.07821,62,9
2026-06-11T13:30:00Z,1.07821,1.07845,1.07818,1.07845,63,8
2026-06-11T13:31:00Z,1.07845,1.07888,1.07845,1.07883,67,11
2026-06-11T13:32:00Z,1.07883,1.07898,1.07870,1.07894,71,8
2026-06-11T13:33:00Z,1.07894,1.07894,1.07871,1.07871,76,11
2026-06-11T13:34:00Z,1.07871,1.07880,1.07855,1.07872,74,12
2026-06-11T13:35:00Z,1.07872,1.07874,1.07860,1.07869,81,8
2026-06-11T13:36:00Z,1.07869,1.07895,1.07867,1.07890,74,12
2026-06-11T13:37:00Z,1.07890,1.07912,1.07885,1.07887,76,9
2026-06-11T13:38:00Z,1.07887,1.07887,1.07842,1.07849,83,8
2026-06-11T13:39:00Z,1.07849,1.07849,1.07824,1.07824,69,11
2026-06-11T13:40:00Z,1.07824,1.07852,1.07824,1.07836,73,11
2026-06-11T13:41:00Z,1.07836,1.07854,1.07827,1.07841,76,10
2026-06-11T13:42:00Z,1.07841,1.07856,1.07833,1.07856,79,12
2026-06-11T13:43:00Z,1.07856,1.07884,1.07843,1.07879,86,10
2026-06-11T13:44:00Z,1.07879,1.07884,1.07862,1.07870,80,12
2026-06-11T13:45:00Z,1.07870,1.07887,1.07870,1.07879,85,9
2026-06-11T13:46:00Z,1.07879,1.07902,1.07877,1.07885,82,10
2026-06-11T13:47:00Z,1.07885,1.07885,1.07842,1.07859,89,10
2026-06-11T13:48:00Z,1.07859,1.07874,1.07853,1.07866,90,10
2026-06-11T13:49:00Z,1.07866,1.07921,1.07866,1.07914,89,9
2026-06-11T13:50:00Z,1.07914,1.07943,1.07912,1.07937,87,8
2026-06-11T13:51:00Z,1.07937,1.07962,1.07930,1.07930,91,12
2026-06-11T13:52:00Z,1.07930,1.07930,1.07886,1.07889,89,8
2026-06-11T13:53:00Z,1.07889,1.07910,1.07889,1.07904,81,12
2026-06-11T13:54:00Z,1.07904,1.07923,1.07904,1.07923,91,8
2026-06-11T13:55:00Z,1.07923,1.07932,1.07886,1.07917,81,10
2026-06-11T13:56:00Z,1.07917,1.07949,1.07915,1.07949,92,11
2026-06-11T13:57:00Z,1.07949,1.07962,1.07925,1.07925,83,12
2026-06-11T13:58:00Z,1.07925,1.07932,1.07895,1.07915,97,12
2026-06-11T13:59:00Z,1.07915,1.07928,1.07880,1.07910,89,11
2026-06-12T08:00:00Z,1.07985,1.08026,1.07978,1.08026,84,29
2026-06-12T08:01:00Z,1.08026,1.08045,1.08014,1.08045,82,27
2026-06-12T08:02:00Z,1.08045,1.08066,1.08045,1.08062,95,34
2026-06-12T08:03:00Z,1.08062,1.08074,1.08053,1.08055,96,30
2026-06-12T08:04:00Z,1.08055,1.08062,1.08041,1.08049,88,21
2026-06-12T08:05:00Z,1.08049,1.08079,1.08049,1.08060,84,29
2026-06-12T08:06:00Z,1.08060,1.08124,1.08060,1.08124,78,19
2026-06-12T08:07:00Z,1.08124,1.08133,1.08109,1.08119,88,27
2026-06-12T08:08:00Z,1.08119,1.08136,1.08109,1.08115,88,26
2026-06-12T08:09:00Z,1.08115,1.08151,1.08111,1.08151,77,18
2026-06-12T08:10:00Z,1.08151,1.08160,1.08137,1.08152,76,23
2026-06-12T08:11:00Z,1.08152,1.08181,1.08151,1.08181,87,15
2026-06-12T08:12:00Z,1.08181,1.08189,1.08167,1.08185,88,22
2026-06-12T08:13:00Z,1.08185,1.08185,1.08164,1.08176,83,14
2026-06-12T08:14:00Z,1.08176,1.08223,1.08172,1.08223,75,13
2026-06-12T08:15:00Z,1.08223,1.08231,1.08187,1.08196,78,13
2026-06-12T08:16:00Z,1.08196,1.08196,1.08157,1.08174,74,19
2026-06-12T08:17:00Z,1.08174,1.08179,1.08153,1.08153,84,12
2026-06-12T08:18:00Z,1.08153,1.08157,1.08142,1.08142,82,18
2026-06-12T08:19:00Z,1.08142,1.08145,1.08121,1.08133,74,13
2026-06-12T08:20:00Z,1.08133,1.08145,1.08119,1.08145,75,11
2026-06-12T08:21:00Z,1.08145,1.08148,1.08121,1.08134,81,12
2026-06-12T08:22:00Z,1.08134,1.08140,1.08106,1.08111,80,15
2026-06-12T08:23:00Z,1.08111,1.08131,1.08101,1.08131,75,11
2026-06-12T08:24:00Z,1.08131,1.08131,1.08085,1.08101,69,13
2026-06-12T08:25:00Z,1.08101,1.08110,1.08080,1.08086,72,11
2026-06-12T08:26:00Z,1.08086,1.08138,1.08086,1.08129,68,13
2026-06-12T08:27:00Z,1.08129,1.08197,1.08129,1.08195,75,12
2026-06-12T08:28:00Z,1.08195,1.08195,1.08172,1.08190,67,11
2026-06-12T08:29:00Z,1.08190,1.08225,1.08190,1.08208,74,11
2026-06-12T08:30:00Z,1.08208,1.08213,1.08194,1.08208,68,9
2026-06-12T08:31:00Z,1.08208,1.08215,1.08199,1.08209,74,9
2026-06-12T08:32:00Z,1.08209,1.08209,1.08146,1.08155,74,14
2026-06-12T08:33:00Z,1.08155,1.08176,1.08148,1.08176,74,9
2026-06-12T08:34:00Z,1.08176,1.08176,1.08147,1.08147,72,9
2026-06-12T08:35:00Z,1.08147,1.08171,1.08147,1.08169,65,9
2026-06-12T08:36:00Z,1.08169,1.08169,1.08115,1.08122,63,9
2026-06-12T08:37:00Z,1.08122,1.08127,1.08106,1.08106,66,12
2026-06-12T08:38:00Z,1.08106,1.08142,1.08106,1.08109,68,12
2026-06-12T08:39:00Z,1.08109,1.08117,1.08073,1.08083,71,11
2026-06-12T08:40:00Z,1.08083,1.08114,1.08083,1.08097,63,12
2026-06-12T08:41:00Z,1.08097,1.08097,1.08063,1.08097,56,9
2026-06-12T08:42:00Z,1.08097,1.08108,1.08078,1.08081,63,9
2026-06-12T08:43:00Z,1.08081,1.08098,1.08061,1.08061,69,10
2026-06-12T08:44:00Z,1.08061,1.08079,1.08032,1.08042,57,12
2026-06-12T08:45:00Z,1.08042,1.08068,1.08036,1.08064,53,12
2026-06-12T08:46:00Z,1.08064,1.08104,1.08061,1.08104,61,12
2026-06-12T08:47:00Z,1.08104,1.08104,1.08082,1.08098,56,10
2026-06-12T08:48:00Z,1.08098,1.08118,1.08097,1.08106,65,9
2026-06-12T08:49:00Z,1.08106,1.08129,1.08098,1.08113,57,8
2026-06-12T08:50:00Z,1.08113,1.08152,1.08113,1.08152,51,9
2026-06-12T08:51:00Z,1.08152,1.08190,1.08152,1.08178,64,11
2026-06-12T08:52:00Z,1.08178,1.08180,1.08143,1.08160,66,10
2026-06-12T08:53:00Z,1.08160,1.08171,1.08150,1.08159,57,10
2026-06-12T08:54:00Z,1.08159,1.08167,1.08131,1.08160,55,8
2026-06-12T08:55:00Z,1.08160,1.08191,1.08160,1.08178,50,12
2026-06-12T08:56:00Z,1.08178,1.08178,1.08136,1.08145,52,9
2026-06-12T08:57:00Z,1.08145,1.08158,1.08126,1.08149,58,10
2026-06-12T08:58:00Z,1.08149,1.08174,1.08149,1.08170,58,10
2026-06-12T08:59:00Z,1.08170,1.08170,1.08121,1.08125,54,11
2026-06-12T09:00:00Z,1.08125,1.08158,1.08125,1.08128,49,8
2026-06-12T09:01:00Z,1.08128,1.08132,1.08113,1.08115,54,12
2026-06-12T09:02:00Z,1.08115,1.08138,1.08115,1.08131,46,8
2026-06-12T09:03:00Z,1.08131,1.08140,1.08117,1.08140,59,12
2026-06-12T09:04:00Z,1.08140,1.08176,1.08135,1.08176,48,8
2026-06-12T09:05:00Z,1.08176,1.08178,1.08146,1.08156,52,9
2026-06-12T09:06:00Z,1.08156,1.08172,1.08145,1.08147,43,8
2026-06-12T09:07:00Z,1.08147,1.08192,1.08147,1.08170,50,8
2026-06-12T09:08:00Z,1.08170,1.08208,1.08170,1.08204,43,11
2026-06-12T09:09:00Z,1.08204,1.08212,1.08187,1.08188,43,9
2026-06-12T09:10:00Z,1.08188,1.08211,1.08188,1.08203,45,11
2026-06-12T09:11:00Z,1.08203,1.08211,1.08188,1.08195,52,12
2026-06-12T09:12:00Z,1.08195,1.08254,1.08195,1.08245,42,11
2026-06-12T09:13:00Z,1.08245,1.08270,1.08245,1.08270,48,12
2026-06-12T09:14:00Z,1.08270,1.08274,1.08258,1.08264,45,10
2026-06-12T09:15:00Z,1.08264,1.08290,1.08264,1.08289,49,10
2026-06-12T09:16:00Z,1.08289,1.08301,1.08287,1.08288,51,11
2026-06-12T09:17:00Z,1.08288,1.08300,1.08283,1.08298,52,10
2026-06-12T09:18:00Z,1.08298,1.08324,1.08298,1.08308,48,8
2026-06-12T09:19:00Z,1.08308,1.08309,1.08288,1.08304,40,12
2026-06-12T09:20:00Z,1.08304,1.08304,1.08283,1.08289,48,9
2026-06-12T09:21:00Z,1.08289,1.08341,1.08279,1.08341,44,8
2026-06-12T09:22:00Z,1.08341,1.08347,1.08307,1.08337,52,11
2026-06-12T09:23:00Z,1.08337,1.08384,1.08337,1.08380,38,8
2026-06-12T09:24:00Z,1.08380,1.08427,1.08371,1.08427,47,10
2026-06-12T09:25:00Z,1.08427,1.08430,1.08406,1.08413,44,9
2026-06-12T09:26:00Z,1.08413,1.08431,1.08412,1.08412,48,8
2026-06-12T09:27:00Z,1.08412,1.08427,1.08405,1.08405,46,12
2026-06-12T09:28:00Z,1.08405,1.08408,1.08376,1.08400,50,8
2026-06-12T09:29:00Z,1.08400,1.08430,1.08392,1.08417,49,9
2026-06-12T09:30:00Z,1.08417,1.08422,1.08379,1.08388,36,12
2026-06-12T09:31:00Z,1.08388,1.08388,1.08366,1.08381,48,12
2026-06-12T09:32:00Z,1.08381,1.08386,1.08364,1.08367,41,8
2026-06-12T09:33:00Z,1.08367,1.08386,1.08355,1.08366,36,11
2026-06-12T09:34:00Z,1.08366,1.08366,1.08321,1.08321,41,10
2026-06-12T09:35:00Z,1.08321,1.08321,1.08290,1.08310,41,12
2026-06-12T09:36:00Z,1.08310,1.08343,1.08305,1.08341,33,8
2026-06-12T09:37:00Z,1.08341,1.08342,1.08315,1.08315,39,8
2026-06-12T09:38:00Z,1.08315,1.08347,1.08308,1.08347,44,12
2026-06-12T09:39:00Z,1.08347,1.08347,1.08314,1.08314,41,12
2026-06-12T09:40:00Z,1.08314,1.08363,1.08314,1.08350,31,8
2026-06-12T09:41:00Z,1.08350,1.08392,1.08350,1.08365,31,11
2026-06-12T09:42:00Z,1.08365,1.08389,1.08356,1.08388,39,9
2026-06-12T09:43:00Z,1.08388,1.08402,1.08362,1.08364,45,10
2026-06-12T09:44:00Z,1.08364,1.08394,1.08364,1.08385,32,10
2026-06-12T09:45:00Z,1.08385,1.08401,1.08374,1.08374,28,12
2026-06-12T09:46:00Z,1.08374,1.08386,1.08364,1.08386,36,8
2026-06-12T09:47:00Z,1.08386,1.08406,1.08378,1.08388,29,12
2026-06-12T09:48:00Z,1.08388,1.08408,1.08384,1.08408,27,10
2026-06-12T09:49:00Z,1.08408,1.08422,1.08397,1.08409,43,12
2026-06-12T09:50:00Z,1.08409,1.08438,1.08409,1.08428,38,11
2026-06-12T09:51:00Z,1.08428,1.08440,1.08424,1.08425,26,10
2026-06-12T09:52:00Z,1.08425,1.08428,1.08408,1.08408,36,11
2026-06-12T09:53:00Z,1.08408,1.08408,1.08365,1.08368,34,12
2026-06-12T09:54:00Z,1.08368,1.08368,1.08332,1.08343,40,11
2026-06-12T09:55:00Z,1.08343,1.08346,1.08320,1.08324,25,12
2026-06-12T09:56:00Z,1.08324,1.08331,1.08294,1.08309,36,10
2026-06-12T09:57:00Z,1.08309,1.08315,1.08290,1.08290,38,8
2026-06-12T09:58:00Z,1.08290,1.08299,1.08269,1.08278,38,8
2026-06-12T09:59:00Z,1.08278,1.08324,1.08273,1.08302,24,8
2026-06-12T10:00:00Z,1.08302,1.08334,1.08302,1.08324,29,10
2026-06-12T10:01:00Z,1.08324,1.08337,1.08298,1.08311,30,11
2026-06-12T10:02:00Z,1.08311,1.08357,1.08311,1.08357,37,11
2026-06-12T10:03:00Z,1.08357,1.08371,1.08356,1.08367,28,9
2026-06-12T10:04:00Z,1.08367,1.08371,1.08337,1.08337,34,10
2026-06-12T10:05:00Z,1.08337,1.08369,1.08337,1.08369,27,10
2026-06-12T10:06:00Z,1.08369,1.08369,1.08300,1.08317,39,9
2026-06-12T10:07:00Z,1.08317,1.08357,1.08317,1.08350,24,12
2026-06-12T10:08:00Z,1.08350,1.08378,1.08349,1.08378,33,8
2026-06-12T10:09:00Z,1.08378,1.08378,1.08348,1.08348,24,12
2026-06-12T10:10:00Z,1.08348,1.08351,1.08328,1.08333,37,9
2026-06-12T10:11:00Z,1.08333,1.08375,1.08333,1.08375,26,8
2026-06-12T10:12:00Z,1.08375,1.08383,1.08358,1.08359,34,10
2026-06-12T10:13:00Z,1.08359,1.08359,1.08342,1.08347,36,9
2026-06-12T10:14:00Z,1.08347,1.08382,1.08347,1.08368,28,8
2026-06-12T10:15:00Z,1.08368,1.08377,1.08361,1.08376,37,8
2026-06-12T10:16:00Z,1.08376,1.08376,1.08334,1.08337,26,8
2026-06-12T10:17:00Z,1.08337,1.08355,1.08326,1.08355,27,10
2026-06-12T10:18:00Z,1.08355,1.08362,1.08335,1.08341,33,12
2026-06-12T10:19:00Z,1.08341,1.08370,1.08338,1.08370,20,9
2026-06-12T10:20:00Z,1.08370,1.08370,1.08308,1.08331,34,9
2026-06-12T10:21:00Z,1.08331,1.08339,1.08312,1.08333,24,8
2026-06-12T10:22:00Z,1.08333,1.08374,1.08333,1.08372,34,12
2026-06-12T10:23:00Z,1.08372,1.08382,1.08349,1.08382,26,8
2026-06-12T10:24:00Z,1.08382,1.08414,1.08382,1.08408,33,9
2026-06-12T10:25:00Z,1.08408,1.08415,1.08390,1.08390,27,11
2026-06-12T10:26:00Z,1.08390,1.08390,1.08362,1.08375,21,8
2026-06-12T10:27:00Z,1.08375,1.08395,1.08369,1.08373,28,11
2026-06-12T10:28:00Z,1.08373,1.08381,1.08356,1.08359,23,9
2026-06-12T10:29:00Z,1.08359,1.08369,1.08331,1.08341,20,12
2026-06-12T10:30:00Z,1.08341,1.08360,1.08336,1.08356,29,11
2026-06-12T10:31:00Z,1.08356,1.08368,1.08351,1.08368,22,10
2026-06-12T10:32:00Z,1.08368,1.08406,1.08368,1.08403,26,8
2026-06-12T10:33:00Z,1.08403,1.08425,1.08400,1.08423,21,8
2026-06-12T10:34:00Z,1.08423,1.08423,1.08358,1.08359,19,11
2026-06-12T10:35:00Z,1.08359,1.08368,1.08350,1.08355,26,12
2026-06-12T10:36:00Z,1.08355,1.08390,1.08335,1.08390,34,8
2026-06-12T10:37:00Z,1.08390,1.08406,1.08385,1.08389,19,10
2026-06-12T10:38:00Z,1.08389,1.08399,1.08382,1.08394,20,9
2026-06-12T10:39:00Z,1.08394,1.08394,1.08361,1.08361,20,10
2026-06-12T10:40:00Z,1.08361,1.08361,1.08329,1.08342,30,11
2026-06-12T10:41:00Z,1.08342,1.08383,1.08342,1.08365,32,12
2026-06-12T10:42:00Z,1.08365,1.08374,1.08347,1.08354,20,11
2026-06-12T10:43:00Z,1.08354,1.08356,1.08324,1.08324,28,8
2026-06-12T10:44:00Z,1.08324,1.08358,1.08324,1.08358,24,9
2026-06-12T10:45:00Z,1.08358,1.08386,1.08358,1.08364,25,10
2026-06-12T10:46:00Z,1.08364,1.08370,1.08332,1.08348,32,10
2026-06-12T10:47:00Z,1.08348,1.08365,1.08344,1.08348,24,9
2026-06-12T10:48:00Z,1.08348,1.08351,1.08322,1.08338,31,12
2026-06-12T10:49:00Z,1.08338,1.08374,1.08334,1.08374,23,12
2026-06-12T10:50:00Z,1.08374,1.08375,1.08356,1.08375,30,9
2026-06-12T10:51:00Z,1.08375,1.08402,1.08375,1.08381,31,10
2026-06-12T10:52:00Z,1.08381,1.08412,1.08376,1.08405,25,11
2026-06-12T10:53:00Z,1.08405,1.08435,1.08405,1.08435,17,8
2026-06-12T10:54:00Z,1.08435,1.08435,1.08414,1.08414,29,9
2026-06-12T10:55:00Z,1.08414,1.08439,1.08410,1.08415,18,10
2026-06-12T10:56:00Z,1.08415,1.08415,1.08382,1.08382,30,12
2026-06-12T10:57:00Z,1.08382,1.08395,1.08370,1.08379,33,10
2026-06-12T10:58:00Z,1.08379,1.08388,1.08361,1.08374,26,9
2026-06-12T10:59:00Z,1.08374,1.08377,1.08360,1.08368,20,8
2026-06-12T11:00:00Z,1.08368,1.08395,1.08367,1.08367,18,12
2026-06-12T11:01:00Z,1.08367,1.08369,1.08338,1.08342,32,11
2026-06-12T11:02:00Z,1.08342,1.08377,1.08330,1.08377,17,12
2026-06-12T11:03:00Z,1.08377,1.08377,1.08344,1.08351,19,9
2026-06-12T11:04:00Z,1.08351,1.08351,1.08328,1.08333,33,11
2026-06-12T11:05:00Z,1.08333,1.08336,1.08295,1.08297,24,11
2026-06-12T11:06:00Z,1.08297,1.08297,1.08254,1.08287,21,9
2026-06-12T11:07:00Z,1.08287,1.08300,1.08275,1.08294,23,8
2026-06-12T11:08:00Z,1.08294,1.08301,1.08289,1.08292,24,10
2026-06-12T11:09:00Z,1.08292,1.08315,1.08281,1.08315,29,12
2026-06-12T11:10:00Z,1.08315,1.08339,1.08314,1.08326,17,10
2026-06-12T11:11:00Z,1.08326,1.08352,1.08323,1.08352,31,12
2026-06-12T11:12:00Z,1.08352,1.08352,1.08305,1.08305,25,12
2026-06-12T11:13:00Z,1.08305,1.08312,1.08286,1.08286,22,12
2026-06-12T11:14:00Z,1.08286,1.08333,1.08286,1.08333,26,8
2026-06-12T11:15:00Z,1.08333,1.08348,1.08326,1.08335,30,8
2026-06-12T11:16:00Z,1.08335,1.08335,1.08300,1.08300,25,11
2026-06-12T11:17:00Z,1.08300,1.08308,1.08292,1.08308,24,9
2026-06-12T11:18:00Z,1.08308,1.08317,1.08275,1.08275,17,12
2026-06-12T11:19:00Z,1.08275,1.08279,1.08244,1.08261,18,10
2026-06-12T11:20:00Z,1.08261,1.08264,1.08246,1.08259,31,12
2026-06-12T11:21:00Z,1.08259,1.08296,1.08251,1.08282,25,11
2026-06-12T11:22:00Z,1.08282,1.08307,1.08269,1.08307,21,8
2026-06-12T11:23:00Z,1.08307,1.08345,1.08300,1.08345,26,11
2026-06-12T11:24:00Z,1.08345,1.08354,1.08314,1.08329,27,12
2026-06-12T11:25:00Z,1.08329,1.08329,1.08293,1.08308,28,8
2026-06-12T11:26:00Z,1.08308,1.08320,1.08291,1.08320,20,8
2026-06-12T11:27:00Z,1.08320,1.08320,1.08279,1.08291,25,12
2026-06-12T11:28:00Z,1.08291,1.08299,1.08282,1.08294,24,10
2026-06-12T11:29:00Z,1.08294,1.08336,1.08290,1.08330,20,11
2026-06-12T11:30:00Z,1.08330,1.08336,1.08307,1.08323,22,12
2026-06-12T11:31:00Z,1.08323,1.08353,1.08323,1.08338,31,10
2026-06-12T11:32:00Z,1.08338,1.08340,1.08318,1.08323,20,12
2026-06-12T11:33:00Z,1.08323,1.08323,1.08291,1.08291,34,11
2026-06-12T11:34:00Z,1.08291,1.08293,1.08259,1.08274,20,8
2026-06-12T11:35:00Z,1.08274,1.08278,1.08250,1.08250,28,10
2026-06-12T11:36:00Z,1.08250,1.08250,1.08216,1.08216,33,9
2026-06-12T11:37:00Z,1.08216,1.08232,1.08211,1.08227,34,12
2026-06-12T11:38:00Z,1.08227,1.08227,1.08181,1.08181,29,8
2026-06-12T11:39:00Z,1.08181,1.08188,1.08159,1.08159,22,8
2026-06-12T11:40:00Z,1.08159,1.08176,1.08153,1.08166,28,10
2026-06-12T11:41:00Z,1.08166,1.08179,1.08162,1.08170,29,11
2026-06-12T11:42:00Z,1.08170,1.08175,1.08143,1.08148,20,10
2026-06-12T11:43:00Z,1.08148,1.08164,1.08145,1.08155,22,10
2026-06-12T11:44:00Z,1.08155,1.08183,1.08155,1.08182,24,10
2026-06-12T11:45:00Z,1.08182,1.08184,1.08128,1.08128,24,11
2026-06-12T11:46:00Z,1.08128,1.08142,1.08110,1.08142,24,8
2026-06-12T11:47:00Z,1.08142,1.08180,1.08142,1.08168,35,9
2026-06-12T11:48:00Z,1.08168,1.08173,1.08156,1.08159,30,9
2026-06-12T11:49:00Z,1.08159,1.08159,1.08122,1.08142,38,9
2026-06-12T11:50:00Z,1.08142,1.08142,1.08078,1.08078,26,9
2026-06-12T11:51:00Z,1.08078,1.08080,1.08067,1.08071,34,8
2026-06-12T11:52:00Z,1.08071,1.08078,1.08041,1.08078,31,11
2026-06-12T11:53:00Z,1.08078,1.08086,1.08042,1.08043,32,8
2026-06-12T11:54:00Z,1.08043,1.08071,1.08036,1.08071,32,11
2026-06-12T11:55:00Z,1.08071,1.08093,1.08070,1.08085,24,11
2026-06-12T11:56:00Z,1.08085,1.08097,1.08075,1.08077,35,8
2026-06-12T11:57:00Z,1.08077,1.08097,1.08066,1.08097,25,12
2026-06-12T11:58:00Z,1.08097,1.08141,1.08097,1.08120,24,10
2026-06-12T11:59:00Z,1.08120,1.08136,1.08092,1.08097,38,8
2026-06-12T12:00:00Z,1.08097,1.08150,1.08097,1.08143,29,8
2026-06-12T12:01:00Z,1.08143,1.08160,1.08126,1.08137,40,8
2026-06-12T12:02:00Z,1.08137,1.08181,1.08137,1.08155,31,8
2026-06-12T12:03:00Z,1.08155,1.08170,1.08153,1.08165,41,10
2026-06-12T12:04:00Z,1.08165,1.08188,1.08165,1.08188,32,11
2026-06-12T12:05:00Z,1.08188,1.08205,1.08178,1.08199,34,10
2026-06-12T12:06:00Z,1.08199,1.08241,1.08199,1.08241,30,8
2026-06-12T12:07:00Z,1.08241,1.08241,1.08194,1.08203,39,12
2026-06-12T12:08:00Z,1.08203,1.08210,1.08194,1.08198,30,9
2026-06-12T12:09:00Z,1.08198,1.08216,1.08198,1.08204,41,9
2026-06-12T12:10:00Z,1.08204,1.08230,1.08203,1.08207,36,11
2026-06-12T12:11:00Z,1.08207,1.08215,1.08191,1.08208,38,11
2026-06-12T12:12:00Z,1.08208,1.08240,1.08208,1.08225,33,10
2026-06-12T12:13:00Z,1.08225,1.08243,1.08221,1.08227,40,10
2026-06-12T12:14:00Z,1.08227,1.08255,1.08223,1.08254,38,12
2026-06-12T12:15:00Z,1.08254,1.08258,1.08228,1.08230,40,11
2026-06-12T12:16:00Z,1.08230,1.08241,1.08218,1.08233,43,9
2026-06-12T12:17:00Z,1.08233,1.08247,1.08227,1.08228,35,10
2026-06-12T12:18:00Z,1.08228,1.08243,1.08219,1.08227,41,12
2026-06-12T12:19:00Z,1.08227,1.08258,1.08218,1.08258,45,10
2026-06-12T12:20:00Z,1.08258,1.08265,1.08213,1.08223,46,8
2026-06-12T12:21:00Z,1.08223,1.08225,1.08200,1.08200,43,10
2026-06-12T12:22:00Z,1.08200,1.08203,1.08169,1.08183,35,9
2026-06-12T12:23:00Z,1.08183,1.08190,1.08152,1.08158,41,11
2026-06-12T12:24:00Z,1.08158,1.08160,1.08134,1.08134,47,9
2026-06-12T12:25:00Z,1.08134,1.08148,1.08118,1.08148,35,11
2026-06-12T12:26:00Z,1.08148,1.08161,1.08132,1.08161,47,8
2026-06-12T12:27:00Z,1.08161,1.08185,1.08157,1.08184,45,10
2026-06-12T12:28:00Z,1.08184,1.08186,1.08145,1.08145,46,11
2026-06-12T12:29:00Z,1.08145,1.08158,1.08126,1.08147,47,8
2026-06-12T12:30:00Z,1.08147,1.08171,1.08132,1.08156,49,11
2026-06-12T12:31:00Z,1.08156,1.08169,1.08142,1.08167,44,9
2026-06-12T12:32:00Z,1.08167,1.08180,1.08163,1.08170,40,11
2026-06-12T12:33:00Z,1.08170,1.08170,1.08118,1.08134,45,10
2026-06-12T12:34:00Z,1.08134,1.08162,1.08132,1.08135,46,11
2026-06-12T12:35:00Z,1.08135,1.08147,1.08109,1.08113,37,10
2026-06-12T12:36:00Z,1.08113,1.08144,1.08084,1.08139,36,10
2026-06-12T12:37:00Z,1.08139,1.08154,1.08121,1.08129,47,10
2026-06-12T12:38:00Z,1.08129,1.08129,1.08107,1.08116,36,8
2026-06-12T12:39:00Z,1.08116,1.08140,1.08102,1.08140,39,12
2026-06-12T12:40:00Z,1.08140,1.08140,1.08103,1.08103,41,12
2026-06-12T12:41:00Z,1.08103,1.08106,1.08084,1.08106,53,10
2026-06-12T12:42:00Z,1.08106,1.08128,1.08106,1.08115,54,9
2026-06-12T12:43:00Z,1.08115,1.08134,1.08115,1.08133,47,12
2026-06-12T12:44:00Z,1.08133,1.08177,1.08125,1.08177,54,8
2026-06-12T12:45:00Z,1.08177,1.08240,1.08175,1.08240,51,9
2026-06-12T12:46:00Z,1.08240,1.08244,1.08221,1.08232,50,9
2026-06-12T12:47:00Z,1.08232,1.08232,1.08207,1.08217,40,11
2026-06-12T12:48:00Z,1.08217,1.08217,1.08202,1.08209,43,8
2026-06-12T12:49:00Z,1.08209,1.08229,1.08203,1.08229,51,8
2026-06-12T12:50:00Z,1.08229,1.08265,1.08229,1.08264,43,9
2026-06-12T12:51:00Z,1.08264,1.08284,1.08256,1.08256,54,12
2026-06-12T12:52:00Z,1.08256,1.08266,1.08218,1.08223,43,9
2026-06-12T12:53:00Z,1.08223,1.08228,1.08204,1.08204,49,12
2026-06-12T12:54:00Z,1.08204,1.08204,1.08167,1.08179,56,11
2026-06-12T12:55:00Z,1.08179,1.08201,1.08163,1.08196,43,9
2026-06-12T12:56:00Z,1.08196,1.08196,1.08163,1.08165,59,11
2026-06-12T12:57:00Z,1.08165,1.08172,1.08144,1.08161,59,9
2026-06-12T12:58:00Z,1.08161,1.08162,1.08142,1.08162,53,11
2026-06-12T12:59:00Z,1.08162,1.08171,1.08153,1.08159,59,10
2026-06-12T13:00:00Z,1.08159,1.08159,1.08138,1.08145,54,10
2026-06-12T13:01:00Z,1.08145,1.08165,1.08142,1.08155,55,11
2026-06-12T13:02:00Z,1.08155,1.08168,1.08120,1.08120,47,11
2026-06-12T13:03:00Z,1.08120,1.08127,1.08110,1.08122,55,8
2026-06-12T13:04:00Z,1.08122,1.08127,1.08102,1.08107,48,11
2026-06-12T13:05:00Z,1.08107,1.08165,1.08107,1.08165,50,9
2026-06-12T13:06:00Z,1.08165,1.08166,1.08109,1.08109,57,9
2026-06-12T13:07:00Z,1.08109,1.08147,1.08109,1.08139,54,9
2026-06-12T13:08:00Z,1.08139,1.08150,1.08103,1.08107,65,11
2026-06-12T13:09:00Z,1.08107,1.08126,1.08095,1.08126,61,12
2026-06-12T13:10:00Z,1.08126,1.08141,1.08118,1.08121,57,9
2026-06-12T13:11:00Z,1.08121,1.08123,1.08109,1.08123,58,9
2026-06-12T13:12:00Z,1.08123,1.08123,1.08097,1.08100,58,9
2026-06-12T13:13:00Z,1.08100,1.08100,1.08057,1.08063,54,9
2026-06-12T13:14:00Z,1.08063,1.08063,1.08015,1.08056,62,11
2026-06-12T13:15:00Z,1.08056,1.08094,1.08056,1.08094,53,9
2026-06-12T13:16:00Z,1.08094,1.08094,1.08065,1.08065,61,12
2026-06-12T13:17:00Z,1.08065,1.08065,1.08029,1.08031,68,9
2026-06-12T13:18:00Z,1.08031,1.08041,1.08019,1.08021,64,12
2026-06-12T13:19:00Z,1.08021,1.08041,1.08018,1.08041,68,12
2026-06-12T13:20:00Z,1.08041,1.08048,1.08022,1.08048,59,9
2026-06-12T13:21:00Z,1.08048,1.08063,1.08028,1.08028,65,10
2026-06-12T13:22:00Z,1.08028,1.08036,1.08013,1.08015,70,10
2026-06-12T13:23:00Z,1.08015,1.08032,1.08004,1.08014,71,9
2026-06-12T13:24:00Z,1.08014,1.08022,1.07995,1.08012,63,10
2026-06-12T13:25:00Z,1.08012,1.08026,1.07985,1.07985,73,11
2026-06-12T13:26:00Z,1.07985,1.08007,1.07979,1.08007,73,10
2026-06-12T13:27:00Z,1.08007,1.08061,1.08007,1.08053,68,8
2026-06-12T13:28:00Z,1.08053,1.08053,1.08017,1.08017,70,11
2026-06-12T13:29:00Z,1.08017,1.08058,1.08017,1.08031,71,11
2026-06-12T13:30:00Z,1.08031,1.08045,1.08027,1.08045,64,8
2026-06-12T13:31:00Z,1.08045,1.08072,1.08022,1.08022,70,9
2026-06-12T13:32:00Z,1.08022,1.08033,1.08004,1.08033,69,12
2026-06-12T13:33:00Z,1.08033,1.08035,1.08016,1.08022,66,12
2026-06-12T13:34:00Z,1.08022,1.08034,1.08009,1.08012,77,8
2026-06-12T13:35:00Z,1.08012,1.08023,1.07984,1.08002,74,10
2026-06-12T13:36:00Z,1.08002,1.08012,1.07997,1.07997,75,11
2026-06-12T13:37:00Z,1.07997,1.08046,1.07996,1.08044,73,10
2026-06-12T13:38:00Z,1.08044,1.08072,1.08032,1.08072,71,8
2026-06-12T13:39:00Z,1.08072,1.08105,1.08063,1.08063,78,9
2026-06-12T13:40:00Z,1.08063,1.08107,1.08063,1.08092,78,12
2026-06-12T13:41:00Z,1.08092,1.08112,1.08071,1.08112,81,9
2026-06-12T13:42:00Z,1.08112,1.08125,1.08087,1.08125,72,10
2026-06-12T13:43:00Z,1.08125,1.08145,1.08117,1.08118,84,10
2026-06-12T13:44:00Z,1.08118,1.08126,1.08102,1.08123,86,9
2026-06-12T13:45:00Z,1.08123,1.08135,1.08112,1.08118,77,8
2026-06-12T13:46:00Z,1.08118,1.08118,1.08074,1.08092,77,11
2026-06-12T13:47:00Z,1.08092,1.08100,1.08073,1.08079,74,8
2026-06-12T13:48:00Z,1.08079,1.08101,1.08061,1.08101,81,12
2026-06-12T13:49:00Z,1.08101,1.08105,1.08085,1.08091,87,11
2026-06-12T13:50:00Z,1.08091,1.08128,1.08091,1.08113,88,11
2026-06-12T13:51:00Z,1.08113,1.08113,1.08091,1.08096,82,10
2026-06-12T13:52:00Z,1.08096,1.08113,1.08077,1.08077,83,10
2026-06-12T13:53:00Z,1.08077,1.08091,1.08070,1.08086,79,10
2026-06-12T13:54:00Z,1.08086,1.08099,1.08086,1.08098,82,9
2026-06-12T13:55:00Z,1.08098,1.08108,1.08080,1.08108,79,11
2026-06-12T13:56:00Z,1.08108,1.08108,1.08068,1.08078,83,12
2026-06-12T13:57:00Z,1.08078,1.08085,1.08061,1.08061,91,11
2026-06-12T13:58:00Z,1.08061,1.08067,1.08042,1.08061,97,10
2026-06-12T13:59:00Z,1.08061,1.08070,1.08043,1.08044,83,12
