time,open,high,low,close,tick_volume,spread
2026-06-01T08:00:00Z,4500.00,4501.38,4498.41,4501.38,126,173
2026-06-01T08:01:00Z,4501.38,4502.53,4498.83,4498.83,113,230
2026-06-01T08:02:00Z,4498.83,4501.67,4497.93,4501.67,111,183
2026-06-01T08:03:00Z,4501.67,4502.56,4500.16,4502.56,117,160
2026-06-01T08:04:00Z,4502.56,4502.57,4501.33,4501.54,114,134
2026-06-01T08:05:00Z,4501.54,4504.64,4501.17,4502.78,107,191
2026-06-01T08:06:00Z,4502.78,4502.78,4500.09,4502.54,118,152
2026-06-01T08:07:00Z,4502.54,4503.64,4501.69,4503.13,112,172
2026-06-01T08:08:00Z,4503.13,4503.13,4499.78,4500.56,112,160
2026-06-01T08:09:00Z,4500.56,4500.76,4496.30,4496.30,108,141
2026-06-01T08:10:00Z,4496.30,4497.01,4494.59,4495.48,117,102
2026-06-01T08:11:00Z,4495.48,4496.39,4493.98,4494.19,111,135
2026-06-01T08:12:00Z,4494.19,4494.40,4492.02,4492.83,112,119
2026-06-01T08:13:00Z,4492.83,4494.47,4488.66,4490.09,100,92
2026-06-01T08:14:00Z,4490.09,4491.39,4486.18,4487.33,102,108
2026-06-01T08:15:00Z,4487.33,4491.35,4487.33,4489.77,99,112
2026-06-01T08:16:00Z,4489.77,4491.60,4486.29,4486.29,99,87
2026-06-01T08:17:00Z,4486.29,4488.40,4484.59,4488.00,106,115
2026-06-01T08:18:00Z,4488.00,4492.16,4488.00,4491.37,110,88
2026-06-01T08:19:00Z,4491.37,4494.70,4490.24,4493.75,95,93
2026-06-01T08:20:00Z,4493.75,4498.03,4492.98,4495.02,103,101
2026-06-01T08:21:00Z,4495.02,4495.02,4492.20,4493.14,105,100
2026-06-01T08:22:00Z,4493.14,4496.49,4492.36,4493.90,94,95
2026-06-01T08:23:00Z,4493.90,4495.39,4493.77,4493.77,98,74
2026-06-01T08:24:00Z,4493.77,4493.77,4489.44,4489.82,98,97
2026-06-01T08:25:00Z,4489.82,4490.97,4489.42,4490.46,92,83
2026-06-01T08:26:00Z,4490.46,4491.51,4488.34,4490.14,101,75
2026-06-01T08:27:00Z,4490.14,4490.14,4486.93,4488.10,91,70
2026-06-01T08:28:00Z,4488.10,4490.08,4487.26,4487.26,92,78
2026-06-01T08:29:00Z,4487.26,4489.40,4486.90,4488.58,93,87
2026-06-01T08:30:00Z,4488.58,4489.08,4482.82,4483.00,95,72
2026-06-01T08:31:00Z,4483.00,4484.14,4480.37,4480.37,89,91
2026-06-01T08:32:00Z,4480.37,4480.37,4476.97,4478.40,96,78
2026-06-01T08:33:00Z,4478.40,4478.83,4475.70,4478.32,83,64
2026-06-01T08:34:00Z,4478.32,4478.32,4473.44,4475.19,85,61
2026-06-01T08:35:00Z,4475.19,4478.62,4475.19,4477.84,95,85
2026-06-01T08:36:00Z,4477.84,4478.36,4474.69,4474.69,93,60
2026-06-01T08:37:00Z,4474.69,4474.71,4471.63,4471.63,86,66
2026-06-01T08:38:00Z,4471.63,4473.45,4470.21,4472.58,92,64
2026-06-01T08:39:00Z,4472.58,4472.77,4468.85,4469.48,88,55
2026-06-01T08:40:00Z,4469.48,4475.42,4468.61,4475.42,86,61
2026-06-01T08:41:00Z,4475.42,4477.27,4473.91,4475.34,93,72
2026-06-01T08:42:00Z,4475.34,4475.38,4468.26,4469.41,76,54
2026-06-01T08:43:00Z,4469.41,4474.44,4469.41,4473.46,88,85
2026-06-01T08:44:00Z,4473.46,4473.77,4470.27,4470.27,80,71
2026-06-01T08:45:00Z,4470.27,4472.15,4470.27,4471.67,81,80
2026-06-01T08:46:00Z,4471.67,4475.31,4471.67,4475.31,87,68
2026-06-01T08:47:00Z,4475.31,4477.21,4475.13,4476.68,75,76
2026-06-01T08:48:00Z,4476.68,4476.74,4475.01,4475.62,87,81
2026-06-01T08:49:00Z,4475.62,4476.49,4474.74,4476.49,81,80
2026-06-01T08:50:00Z,4476.49,4481.16,4476.49,4481.16,83,60
2026-06-01T08:51:00Z,4481.16,4483.68,4481.16,4482.03,85,58
2026-06-01T08:52:00Z,4482.03,4483.29,4479.38,4480.56,79,78
2026-06-01T08:53:00Z,4480.56,4480.56,4476.57,4476.57,78,56
2026-06-01T08:54:00Z,4476.57,4476.98,4473.67,4473.67,80,59
2026-06-01T08:55:00Z,4473.67,4474.95,4470.75,4470.75,77,59
2026-06-01T08:56:00Z,4470.75,4473.18,4468.53,4468.53,78,77
2026-06-01T08:57:00Z,4468.53,4469.30,4467.42,4468.48,72,52
2026-06-01T08:58:00Z,4468.48,4470.00,4464.52,4464.52,68,63
2026-06-01T08:59:00Z,4464.52,4464.52,4462.05,4462.25,78,74
2026-06-01T09:00:00Z,4462.25,4462.69,4460.32,4462.43,73,53
2026-06-01T09:01:00Z,4462.43,4462.68,4458.10,4459.98,74,59
2026-06-01T09:02:00Z,4459.98,4461.39,4459.72,4460.77,62,75
2026-06-01T09:03:00Z,4460.77,4461.69,4459.25,4460.69,67,72
2026-06-01T09:04:00Z,4460.69,4460.74,4454.21,4455.68,73,61
2026-06-01T09:05:00Z,4455.68,4456.27,4453.95,4454.67,67,66
2026-06-01T09:06:00Z,4454.67,4457.68,4453.10,4457.67,67,52
2026-06-01T09:07:00Z,4457.67,4459.29,4457.15,4459.29,72,68
2026-06-01T09:08:00Z,4459.29,4460.63,4457.79,4458.95,64,54
2026-06-01T09:09:00Z,4458.95,4462.15,4458.68,4459.61,66,65
2026-06-01T09:10:00Z,4459.61,4461.96,4459.08,4461.67,59,73
2026-06-01T09:11:00Z,4461.67,4462.50,4459.63,4460.56,72,55
2026-06-01T09:12:00Z,4460.56,4466.40,4460.56,4466.27,60,54
2026-06-01T09:13:00Z,4466.27,4469.33,4466.05,4466.05,65,78
2026-06-01T09:14:00Z,4466.05,4469.77,4465.65,4467.98,59,67
2026-06-01T09:15:00Z,4467.98,4468.00,4466.04,4466.43,58,51
2026-06-01T09:16:00Z,4466.43,4469.73,4465.35,4468.76,55,76
2026-06-01T09:17:00Z,4468.76,4471.65,4468.76,4469.59,64,54
2026-06-01T09:18:00Z,4469.59,4469.59,4465.77,4466.10,56,72
2026-06-01T09:19:00Z,4466.10,4469.87,4466.10,4469.87,64,78
2026-06-01T09:20:00Z,4469.87,4476.62,4469.85,4476.38,55,67
2026-06-01T09:21:00Z,4476.38,4476.38,4473.91,4474.38,61,65
2026-06-01T09:22:00Z,4474.38,4476.72,4474.38,4476.62,58,70
2026-06-01T09:23:00Z,4476.62,4476.62,4474.85,4476.47,64,50
2026-06-01T09:24:00Z,4476.47,4479.45,4475.99,4479.45,56,53
2026-06-01T09:25:00Z,4479.45,4480.10,4476.18,4476.62,53,59
2026-06-01T09:26:00Z,4476.62,4477.25,4471.41,4471.41,49,62
2026-06-01T09:27:00Z,4471.41,4471.88,4469.44,4470.25,62,72
2026-06-01T09:28:00Z,4470.25,4472.20,4469.78,4471.19,61,66
2026-06-01T09:29:00Z,4471.19,4473.81,4470.14,4473.81,47,56
2026-06-01T09:30:00Z,4473.81,4475.84,4473.81,4473.92,50,70
2026-06-01T09:31:00Z,4473.92,4478.82,4473.92,4478.58,56,57
2026-06-01T09:32:00Z,4478.58,4478.58,4475.82,4476.23,55,53
2026-06-01T09:33:00Z,4476.23,4476.23,4474.44,4475.59,61,64
2026-06-01T09:34:00Z,4475.59,4476.19,4470.63,4470.63,61,65
2026-06-01T09:35:00Z,4470.63,4471.11,4468.45,4469.63,49,60
2026-06-01T09:36:00Z,4469.63,4471.86,4468.06,4468.06,54,64
2026-06-01T09:37:00Z,4468.06,4469.30,4461.91,4462.54,58,54
2026-06-01T09:38:00Z,4462.54,4464.60,4462.50,4464.60,59,72
2026-06-01T09:39:00Z,4464.60,4464.60,4461.28,4461.28,43,78
2026-06-01T09:40:00Z,4461.28,4464.95,4461.28,4464.95,43,53
2026-06-01T09:41:00Z,4464.95,4467.07,4464.00,4464.89,54,65
2026-06-01T09:42:00Z,4464.89,4466.23,4463.97,4464.53,54,73
2026-06-01T09:43:00Z,4464.53,4464.53,4460.72,4461.47,57,72
2026-06-01T09:44:00Z,4461.47,4466.05,4461.47,4464.18,43,56
2026-06-01T09:45:00Z,4464.18,4464.24,4462.12,4463.35,51,70
2026-06-01T09:46:00Z,4463.35,4465.23,4460.92,4465.23,47,76
2026-06-01T09:47:00Z,4465.23,4469.53,4465.23,4468.98,44,61
2026-06-01T09:48:00Z,4468.98,4472.15,4467.96,4471.90,49,58
2026-06-01T09:49:00Z,4471.90,4473.51,4470.94,4472.57,39,62
2026-06-01T09:50:00Z,4472.57,4472.57,4469.90,4470.02,42,63
2026-06-01T09:51:00Z,4470.02,4471.15,4469.14,4469.76,45,62
2026-06-01T09:52:00Z,4469.76,4475.03,4468.62,4475.03,38,65
2026-06-01T09:53:00Z,4475.03,4475.45,4472.41,4472.44,39,52
2026-06-01T09:54:00Z,4472.44,4472.62,4466.77,4467.34,47,62
2026-06-01T09:55:00Z,4467.34,4467.97,4466.58,4466.58,43,76
2026-06-01T09:56:00Z,4466.58,4467.10,4464.71,4464.71,45,62
2026-06-01T09:57:00Z,4464.71,4467.97,4464.29,4467.97,42,64
2026-06-01T09:58:00Z,4467.97,4470.04,4466.86,4469.22,38,52
2026-06-01T09:59:00Z,4469.22,4475.19,4469.22,4474.39,35,50
2026-06-01T10:00:00Z,4474.39,4474.52,4471.98,4471.98,37,71
2026-06-01T10:01:00Z,4471.98,4476.14,4471.98,4475.42,36,55
2026-06-01T10:02:00Z,4475.42,4476.78,4472.27,4476.78,34,77
2026-06-01T10:03:00Z,4476.78,4479.45,4476.78,4478.47,44,71
2026-06-01T10:04:00Z,4478.47,4479.38,4475.80,4475.99,48,74
2026-06-01T10:05:00Z,4475.99,4476.45,4471.20,4471.20,33,54
2026-06-01T10:06:00Z,4471.20,4476.06,4471.20,4475.11,34,76
2026-06-01T10:07:00Z,4475.11,4475.30,4473.08,4473.71,41,71
2026-06-01T10:08:00Z,4473.71,4473.71,4470.76,4471.45,43,71
2026-06-01T10:09:00Z,4471.45,4473.66,4470.54,4473.33,42,71
2026-06-01T10:10:00Z,4473.33,4478.38,4473.33,4476.93,40,69
2026-06-01T10:11:00Z,4476.93,4480.54,4475.73,4480.54,44,51
2026-06-01T10:12:00Z,4480.54,4480.73,4478.01,4480.73,46,54
2026-06-01T10:13:00Z,4480.73,4480.73,4476.69,4477.96,32,51
2026-06-01T10:14:00Z,4477.96,4477.96,4473.22,4473.67,38,56
2026-06-01T10:15:00Z,4473.67,4475.31,4472.61,4475.31,37,74
2026-06-01T10:16:00Z,4475.31,4479.61,4475.31,4479.35,37,52
2026-06-01T10:17:00Z,4479.35,4480.65,4475.33,4475.68,34,75
2026-06-01T10:18:00Z,4475.68,4476.39,4474.44,4475.88,45,75
2026-06-01T10:19:00Z,4475.88,4477.83,4473.04,4477.83,37,55
2026-06-01T10:20:00Z,4477.83,4480.00,4477.83,4478.79,35,55
2026-06-01T10:21:00Z,4478.79,4479.97,4476.55,4479.97,32,72
2026-06-01T10:22:00Z,4479.97,4480.66,4478.54,4479.47,38,52
2026-06-01T10:23:00Z,4479.47,4479.47,4476.83,4478.07,36,72
2026-06-01T10:24:00Z,4478.07,4480.52,4477.13,4477.66,29,57
2026-06-01T10:25:00Z,4477.66,4477.66,4474.02,4474.02,36,65
2026-06-01T10:26:00Z,4474.02,4477.50,4471.38,4476.52,33,65
2026-06-01T10:27:00Z,4476.52,4476.97,4474.48,4474.70,31,78
2026-06-01T10:28:00Z,4474.70,4474.70,4468.97,4468.97,42,54
2026-06-01T10:29:00Z,4468.97,4469.94,4466.28,4467.25,29,62
2026-06-01T10:30:00Z,4467.25,4468.41,4466.69,4468.41,32,54
2026-06-01T10:31:00Z,4468.41,4468.41,4464.67,4465.78,40,61
2026-06-01T10:32:00Z,4465.78,4470.01,4465.78,4469.38,27,78
2026-06-01T10:33:00Z,4469.38,4469.38,4466.75,4467.45,38,73
2026-06-01T10:34:00Z,4467.45,4470.31,4466.87,4470.31,36,80
2026-06-01T10:35:00Z,4470.31,4472.39,4469.08,4471.84,32,59
2026-06-01T10:36:00Z,4471.84,4476.81,4471.59,4476.81,38,70
2026-06-01T10:37:00Z,4476.81,4476.81,4473.21,4474.81,27,72
2026-06-01T10:38:00Z,4474.81,4476.80,4472.40,4473.60,31,80
2026-06-01T10:39:00Z,4473.60,4474.45,4471.38,4471.38,26,64
2026-06-01T10:40:00Z,4471.38,4474.78,4469.43,4474.78,34,73
2026-06-01T10:41:00Z,4474.78,4479.54,4474.30,4479.54,30,78
2026-06-01T10:42:00Z,4479.54,4480.32,4477.49,4479.15,30,70
2026-06-01T10:43:00Z,4479.15,4479.68,4477.24,4477.45,33,77
2026-06-01T10:44:00Z,4477.45,4478.92,4476.25,4477.13,42,68
2026-06-01T10:45:00Z,4477.13,4478.60,4476.77,4478.24,31,74
2026-06-01T10:46:00Z,4478.24,4478.50,4475.82,4476.67,40,50
2026-06-01T10:47:00Z,4476.67,4477.83,4475.63,4476.71,38,59
2026-06-01T10:48:00Z,4476.71,4479.96,4475.99,4479.96,25,74
2026-06-01T10:49:00Z,4479.96,4479.96,4477.51,4479.96,40,63
2026-06-01T10:50:00Z,4479.96,4479.96,4475.39,4475.70,25,74
2026-06-01T10:51:00Z,4475.70,4477.21,4474.62,4477.21,38,67
2026-06-01T10:52:00Z,4477.21,4478.50,4475.20,4478.50,39,62
2026-06-01T10:53:00Z,4478.50,4478.94,4471.44,4471.73,39,51
2026-06-01T10:54:00Z,4471.73,4473.38,4468.68,4469.87,33,60
2026-06-01T10:55:00Z,4469.87,4469.87,4463.95,4466.14,29,53
2026-06-01T10:56:00Z,4466.14,4468.21,4463.84,4463.84,35,51
2026-06-01T10:57:00Z,4463.84,4467.24,4462.51,4467.24,37,79
2026-06-01T10:58:00Z,4467.24,4468.24,4462.88,4462.88,38,80
2026-06-01T10:59:00Z,4462.88,4462.88,4459.32,4459.94,34,72
2026-06-01T11:00:00Z,4459.94,4459.94,4458.08,4458.08,37,80
2026-06-01T11:01:00Z,4458.08,4458.08,4455.74,4457.41,38,64
2026-06-01T11:02:00Z,4457.41,4461.00,4456.39,4456.39,31,78
2026-06-01T11:03:00Z,4456.39,4456.56,4455.40,4455.40,25,55
2026-06-01T11:04:00Z,4455.40,4455.64,4453.21,4454.13,26,52
2026-06-01T11:05:00Z,4454.13,4454.94,4452.64,4452.76,40,65
2026-06-01T11:06:00Z,4452.76,4455.43,4452.75,4453.56,38,79
2026-06-01T11:07:00Z,4453.56,4455.82,4453.52,4455.61,26,54
2026-06-01T11:08:00Z,4455.61,4459.02,4454.99,4457.09,30,66
2026-06-01T11:09:00Z,4457.09,4457.49,4455.11,4457.49,25,52
2026-06-01T11:10:00Z,4457.49,4457.80,4454.27,4454.27,33,67
2026-06-01T11:11:00Z,4454.27,4454.47,4450.08,4451.01,40,76
2026-06-01T11:12:00Z,4451.01,4451.10,4449.86,4450.30,37,67
2026-06-01T11:13:00Z,4450.30,4456.15,4450.30,4456.15,25,75
2026-06-01T11:14:00Z,4456.15,4457.62,4456.15,4457.21,33,73
2026-06-01T11:15:00Z,4457.21,4457.21,4453.06,4455.53,38,75
2026-06-01T11:16:00Z,4455.53,4461.31,4455.53,4460.56,32,62
2026-06-01T11:17:00Z,4460.56,4462.72,4460.20,4462.72,36,64
2026-06-01T11:18:00Z,4462.72,4464.15,4460.17,4460.17,33,53
2026-06-01T11:19:00Z,4460.17,4460.84,4458.33,4458.52,36,67
2026-06-01T11:20:00Z,4458.52,4459.65,4457.87,4459.32,33,75
2026-06-01T11:21:00Z,4459.32,4462.06,4459.14,4460.87,32,62
2026-06-01T11:22:00Z,4460.87,4464.15,4460.74,4464.15,37,63
2026-06-01T11:23:00Z,4464.15,4466.90,4464.08,4466.68,36,52
2026-06-01T11:24:00Z,4466.68,4467.59,4465.01,4465.01,37,79
2026-06-01T11:25:00Z,4465.01,4466.94,4464.23,4464.23,40,60
2026-06-01T11:26:00Z,4464.23,4464.58,4460.24,4460.45,41,75
2026-06-01T11:27:00Z,4460.45,4463.12,4460.35,4462.40,41,65
2026-06-01T11:28:00Z,4462.40,4467.64,4461.82,4467.64,28,56
2026-06-01T11:29:00Z,4467.64,4468.90,4466.35,4468.07,35,55
2026-06-01T11:30:00Z,4468.07,4470.07,4467.75,4468.63,37,68
2026-06-01T11:31:00Z,4468.63,4474.29,4468.63,4470.74,38,53
2026-06-01T11:32:00Z,4470.74,4472.28,4468.42,4468.42,44,59
2026-06-01T11:33:00Z,4468.42,4470.67,4466.53,4466.84,29,69
2026-06-01T11:34:00Z,4466.84,4471.41,4466.70,4470.23,35,67
2026-06-01T11:35:00Z,4470.23,4470.69,4467.20,4468.63,34,76
2026-06-01T11:36:00Z,4468.63,4468.80,4465.33,4465.33,40,56
2026-06-01T11:37:00Z,4465.33,4465.90,4462.25,4464.93,41,51
2026-06-01T11:38:00Z,4464.93,4465.90,4464.10,4465.57,31,75
2026-06-01T11:39:00Z,4465.57,4471.06,4464.32,4471.06,32,80
2026-06-01T11:40:00Z,4471.06,4471.93,4469.84,4471.93,38,79
2026-06-01T11:41:00Z,4471.93,4471.93,4469.78,4470.17,34,72
2026-06-01T11:42:00Z,4470.17,4470.49,4467.22,4468.75,30,80
2026-06-01T11:43:00Z,4468.75,4469.21,4465.10,4465.10,32,67
2026-06-01T11:44:00Z,4465.10,4467.06,4464.72,4464.72,33,70
2026-06-01T11:45:00Z,4464.72,4467.64,4463.61,4467.11,30,66
2026-06-01T11:46:00Z,4467.11,4467.93,4465.71,4466.03,33,68
2026-06-01T11:47:00Z,4466.03,4470.83,4466.03,4470.24,42,50
2026-06-01T11:48:00Z,4470.24,4473.20,4469.74,4473.20,40,74
2026-06-01T11:49:00Z,4473.20,4473.27,4471.87,4473.14,43,68
2026-06-01T11:50:00Z,4473.14,4475.05,4473.14,4473.65,33,52
2026-06-01T11:51:00Z,4473.65,4473.65,4471.34,4472.12,44,77
2026-06-01T11:52:00Z,4472.12,4479.65,4471.69,4479.65,32,64
2026-06-01T11:53:00Z,4479.65,4479.98,4477.09,4477.09,49,59
2026-06-01T11:54:00Z,4477.09,4478.41,4476.23,4477.80,47,69
2026-06-01T11:55:00Z,4477.80,4477.80,4473.96,4473.96,36,52
2026-06-01T11:56:00Z,4473.96,4473.96,4470.96,4471.37,45,59
2026-06-01T11:57:00Z,4471.37,4472.16,4468.63,4468.94,37,79
2026-06-01T11:58:00Z,4468.94,4470.93,4468.13,4469.07,39,67
2026-06-01T11:59:00Z,4469.07,4469.07,4464.16,4465.50,46,76
2026-06-01T12:00:00Z,4465.50,4468.50,4465.39,4467.47,39,63
2026-06-01T12:01:00Z,4467.47,4471.99,4467.47,4470.83,37,63
2026-06-01T12:02:00Z,4470.83,4472.87,4470.36,4472.87,48,65
2026-06-01T12:03:00Z,4472.87,4475.99,4472.78,4473.68,43,55
2026-06-01T12:04:00Z,4473.68,4476.62,4473.68,4475.67,48,65
2026-06-01T12:05:00Z,4475.67,4477.03,4474.41,4474.70,45,71
2026-06-01T12:06:00Z,4474.70,4476.31,4474.70,4475.55,42,65
2026-06-01T12:07:00Z,4475.55,4478.30,4475.13,4477.32,39,72
2026-06-01T12:08:00Z,4477.32,4477.32,4475.05,4476.13,37,77
2026-06-01T12:09:00Z,4476.13,4480.68,4476.13,4479.99,48,64
2026-06-01T12:10:00Z,4479.99,4479.99,4477.23,4478.28,49,55
2026-06-01T12:11:00Z,4478.28,4478.63,4476.56,4478.07,53,60
2026-06-01T12:12:00Z,4478.07,4480.51,4476.97,4480.51,40,61
2026-06-01T12:13:00Z,4480.51,4480.51,4477.57,4477.57,52,79
2026-06-01T12:14:00Z,4477.57,4477.61,4471.93,4471.93,50,77
2026-06-01T12:15:00Z,4471.93,4473.06,4469.20,4472.67,55,66
2026-06-01T12:16:00Z,4472.67,4472.67,4466.55,4467.29,48,79
2026-06-01T12:17:00Z,4467.29,4469.17,4466.61,4469.03,44,69
2026-06-01T12:18:00Z,4469.03,4470.28,4466.35,4466.35,52,65
2026-06-01T12:19:00Z,4466.35,4466.35,4461.97,4461.97,50,54
2026-06-01T12:20:00Z,4461.97,4464.62,4460.65,4463.13,58,77
2026-06-01T12:21:00Z,4463.13,4465.00,4462.06,4464.32,48,56
2026-06-01T12:22:00Z,4464.32,4464.32,4462.05,4463.39,58,55
2026-06-01T12:23:00Z,4463.39,4464.83,4462.01,4463.19,54,56
2026-06-01T12:24:00Z,4463.19,4465.99,4463.19,4464.74,50,51
2026-06-01T12:25:00Z,4464.74,4465.94,4462.84,4464.33,54,59
2026-06-01T12:26:00Z,4464.33,4466.59,4463.73,4466.02,45,57
2026-06-01T12:27:00Z,4466.02,4468.07,4464.53,4464.53,52,59
2026-06-01T12:28:00Z,4464.53,4466.12,4463.65,4465.06,48,70
2026-06-01T12:29:00Z,4465.06,4469.01,4465.04,4468.52,50,59
2026-06-01T12:30:00Z,4468.52,4470.31,4468.16,4469.47,54,79
2026-06-01T12:31:00Z,4469.47,4470.93,4469.17,4470.39,49,75
2026-06-01T12:32:00Z,4470.39,4474.93,4469.99,4474.24,57,66
2026-06-01T12:33:00Z,4474.24,4474.24,4471.97,4473.10,64,54
2026-06-01T12:34:00Z,4473.10,4476.59,4472.65,4476.59,56,72
2026-06-01T12:35:00Z,4476.59,4476.59,4473.11,4475.44,53,70
2026-06-01T12:36:00Z,4475.44,4475.89,4473.48,4473.48,66,76
2026-06-01T12:37:00Z,4473.48,4477.39,4472.55,4475.14,65,52
2026-06-01T12:38:00Z,4475.14,4479.93,4475.14,4479.62,55,76
2026-06-01T12:39:00Z,4479.62,4479.86,4476.95,4477.19,59,72
2026-06-01T12:40:00Z,4477.19,4478.19,4474.95,4476.08,55,54
2026-06-01T12:41:00Z,4476.08,4476.08,4472.93,4472.93,58,55
2026-06-01T12:42:00Z,4472.93,4474.10,4472.62,4473.78,66,63
2026-06-01T12:43:00Z,4473.78,4473.89,4470.62,4470.87,62,68
2026-06-01T12:44:00Z,4470.87,4472.45,4469.75,4469.75,68,79
2026-06-01T12:45:00Z,4469.75,4469.86,4468.16,4469.66,71,70
2026-06-01T12:46:00Z,4469.66,4470.65,4468.65,4469.58,69,59
2026-06-01T12:47:00Z,4469.58,4474.27,4469.58,4472.62,56,68
2026-06-01T12:48:00Z,4472.62,4472.62,4468.29,4469.16,63,61
2026-06-01T12:49:00Z,4469.16,4474.27,4469.16,4470.60,67,68
2026-06-01T12:50:00Z,4470.60,4471.88,4466.60,4467.19,68,64
2026-06-01T12:51:00Z,4467.19,4467.93,4462.45,4462.79,65,78
2026-06-01T12:52:00Z,4462.79,4462.79,4458.23,4458.67,70,69
2026-06-01T12:53:00Z,4458.67,4462.80,4458.67,4460.49,63,51
2026-06-01T12:54:00Z,4460.49,4461.87,4460.01,4460.88,60,80
2026-06-01T12:55:00Z,4460.88,4460.88,4458.17,4458.73,67,61
2026-06-01T12:56:00Z,4458.73,4459.63,4456.87,4457.10,70,70
2026-06-01T12:57:00Z,4457.10,4458.70,4457.05,4457.98,69,66
2026-06-01T12:58:00Z,4457.98,4457.98,4453.76,4455.09,72,71
2026-06-01T12:59:00Z,4455.09,4455.32,4452.76,4452.76,65,76
2026-06-01T13:00:00Z,4452.76,4452.86,4451.08,4452.86,72,74
2026-06-01T13:01:00Z,4452.86,4454.69,4452.06,4452.21,64,61
2026-06-01T13:02:00Z,4452.21,4452.21,4444.85,4445.22,78,67
2026-06-01T13:03:00Z,4445.22,4445.89,4443.87,4445.89,69,72
2026-06-01T13:04:00Z,4445.89,4446.01,4441.07,4441.78,79,74
2026-06-01T13:05:00Z,4441.78,4446.57,4441.78,4444.42,78,69
2026-06-01T13:06:00Z,4444.42,4445.18,4442.13,4443.09,68,58
2026-06-01T13:07:00Z,4443.09,4444.40,4441.57,4444.40,71,70
2026-06-01T13:08:00Z,4444.40,4444.40,4441.87,4444.03,71,73
2026-06-01T13:09:00Z,4444.03,4445.32,4442.73,4443.37,79,72
2026-06-01T13:10:00Z,4443.37,4443.37,4438.51,4438.51,74,58
2026-06-01T13:11:00Z,4438.51,4438.51,4429.87,4429.87,78,51
2026-06-01T13:12:00Z,4429.87,4436.66,4429.81,4436.66,74,64
2026-06-01T13:13:00Z,4436.66,4437.56,4434.35,4434.78,84,56
2026-06-01T13:14:00Z,4434.78,4437.99,4434.78,4436.92,78,60
2026-06-01T13:15:00Z,4436.92,4438.62,4436.72,4437.18,82,65
2026-06-01T13:16:00Z,4437.18,4437.18,4434.64,4436.30,79,63
2026-06-01T13:17:00Z,4436.30,4437.14,4434.37,4435.56,91,75
2026-06-01T13:18:00Z,4435.56,4436.54,4434.49,4434.49,83,56
2026-06-01T13:19:00Z,4434.49,4434.49,4433.12,4433.73,85,50
2026-06-01T13:20:00Z,4433.73,4435.28,4433.30,4435.28,90,55
2026-06-01T13:21:00Z,4435.28,4437.76,4433.21,4433.92,89,56
2026-06-01T13:22:00Z,4433.92,4436.76,4433.52,4434.88,80,53
2026-06-01T13:23:00Z,4434.88,4436.39,4433.74,4435.66,84,80
2026-06-01T13:24:00Z,4435.66,4436.27,4434.63,4436.27,90,50
2026-06-01T13:25:00Z,4436.27,4436.27,4429.91,4430.45,88,76
2026-06-01T13:26:00Z,4430.45,4430.45,4426.63,4426.63,84,53
2026-06-01T13:27:00Z,4426.63,4430.53,4426.39,4430.53,88,75
2026-06-01T13:28:00Z,4430.53,4431.98,4428.98,4428.98,92,55
2026-06-01T13:29:00Z,4428.98,4431.82,4427.98,4427.98,88,76
2026-06-01T13:30:00Z,4427.98,4429.70,4427.32,4427.33,85,52
2026-06-01T13:31:00Z,4427.33,4428.18,4425.74,4426.26,97,57
2026-06-01T13:32:00Z,4426.26,4426.26,4423.61,4423.61,93,51
2026-06-01T13:33:00Z,4423.61,4423.81,4420.68,4420.68,93,59
2026-06-01T13:34:00Z,4420.68,4420.68,4418.10,4419.43,92,70
2026-06-01T13:35:00Z,4419.43,4419.71,4415.97,4417.46,106,68
2026-06-01T13:36:00Z,4417.46,4418.46,4413.87,4414.13,98,57
2026-06-01T13:37:00Z,4414.13,4414.13,4411.36,4411.36,101,53
2026-06-01T13:38:00Z,4411.36,4411.70,4408.66,4409.69,105,54
2026-06-01T13:39:00Z,4409.69,4410.74,4408.55,4410.74,101,67
2026-06-01T13:40:00Z,4410.74,4410.74,4406.30,4409.33,100,57
2026-06-01T13:41:00Z,4409.33,4409.33,4406.13,4406.42,103,74
2026-06-01T13:42:00Z,4406.42,4406.67,4404.97,4405.87,111,64
2026-06-01T13:43:00Z,4405.87,4408.56,4405.87,4408.04,99,60
2026-06-01T13:44:00Z,4408.04,4411.76,4408.04,4411.76,101,62
2026-06-01T13:45:00Z,4411.76,4412.96,4411.26,4411.85,104,72
2026-06-01T13:46:00Z,4411.85,4411.85,4408.66,4409.17,103,62
2026-06-01T13:47:00Z,4409.17,4409.17,4407.28,4407.54,111,79
2026-06-01T13:48:00Z,4407.54,4408.66,4406.60,4406.67,110,62
2026-06-01T13:49:00Z,4406.67,4411.58,4406.67,4411.58,118,61
2026-06-01T13:50:00Z,4411.58,4412.16,4408.81,4409.72,108,65
2026-06-01T13:51:00Z,4409.72,4410.59,4406.70,4406.70,118,75
2026-06-01T13:52:00Z,4406.70,4406.70,4403.40,4406.44,120,58
2026-06-01T13:53:00Z,4406.44,4407.97,4402.89,4402.89,112,56
2026-06-01T13:54:00Z,4402.89,4403.28,4400.97,4403.00,110,78
2026-06-01T13:55:00Z,4403.00,4406.30,4403.00,4406.30,111,59
2026-06-01T13:56:00Z,4406.30,4407.39,4404.71,4407.37,115,72
2026-06-01T13:57:00Z,4407.37,4408.53,4404.29,4405.58,113,59
2026-06-01T13:58:00Z,4405.58,4405.58,4402.32,4402.84,117,53
2026-06-01T13:59:00Z,4402.84,4404.12,4400.97,4401.99,117,55
2026-06-02T08:00:00Z,4364.02,4366.22,4364.02,4366.06,113,176
2026-06-02T08:01:00Z,4366.06,4366.06,4363.75,4364.15,111,227
2026-06-02T08:02:00Z,4364.15,4368.00,4364.15,4367.79,120,175
2026-06-02T08:03:00Z,4367.79,4368.79,4366.07,4366.44,110,157
2026-06-02T08:04:00Z,4366.44,4368.36,4366.44,4368.36,123,180
2026-06-02T08:05:00Z,4368.36,4368.38,4366.20,4367.40,123,167
2026-06-02T08:06:00Z,4367.40,4367.98,4366.26,4367.98,110,124
2026-06-02T08:07:00Z,4367.98,4371.08,4366.98,4369.98,113,160
2026-06-02T08:08:00Z,4369.98,4376.05,4369.94,4376.05,115,119
2026-06-02T08:09:00Z,4376.05,4377.71,4375.47,4377.49,105,143
2026-06-02T08:10:00Z,4377.49,4379.82,4376.97,4379.82,104,119
2026-06-02T08:11:00Z,4379.82,4382.81,4379.82,4381.24,105,100
2026-06-02T08:12:00Z,4381.24,4381.89,4376.37,4376.37,108,107
2026-06-02T08:13:00Z,4376.37,4376.83,4373.19,4373.56,104,112
2026-06-02T08:14:00Z,4373.56,4374.27,4372.08,4372.16,114,103
2026-06-02T08:15:00Z,4372.16,4376.52,4372.16,4376.52,107,114
2026-06-02T08:16:00Z,4376.52,4379.61,4374.85,4379.61,101,90
2026-06-02T08:17:00Z,4379.61,4381.48,4379.15,4379.36,104,97
2026-06-02T08:18:00Z,4379.36,4382.03,4379.36,4381.78,100,104
2026-06-02T08:19:00Z,4381.78,4381.78,4376.45,4378.11,106,103
2026-06-02T08:20:00Z,4378.11,4380.37,4378.11,4379.84,99,110
2026-06-02T08:21:00Z,4379.84,4379.84,4376.16,4376.45,104,80
2026-06-02T08:22:00Z,4376.45,4377.12,4374.49,4375.86,99,91
2026-06-02T08:23:00Z,4375.86,4378.97,4375.83,4378.97,107,85
2026-06-02T08:24:00Z,4378.97,4379.87,4378.05,4378.57,102,88
2026-06-02T08:25:00Z,4378.57,4380.75,4378.06,4380.55,103,83
2026-06-02T08:26:00Z,4380.55,4380.55,4375.69,4376.77,100,94
2026-06-02T08:27:00Z,4376.77,4378.69,4376.25,4376.25,97,75
2026-06-02T08:28:00Z,4376.25,4377.10,4374.61,4374.64,103,81
2026-06-02T08:29:00Z,4374.64,4375.63,4373.69,4374.71,87,69
2026-06-02T08:30:00Z,4374.71,4375.86,4373.85,4373.89,95,74
2026-06-02T08:31:00Z,4373.89,4374.74,4372.28,4374.74,88,82
2026-06-02T08:32:00Z,4374.74,4374.74,4373.11,4373.92,87,82
2026-06-02T08:33:00Z,4373.92,4376.07,4373.11,4375.26,88,59
2026-06-02T08:34:00Z,4375.26,4376.18,4374.43,4375.64,91,72
2026-06-02T08:35:00Z,4375.64,4382.07,4375.64,4382.07,85,76
2026-06-02T08:36:00Z,4382.07,4382.07,4375.03,4375.03,82,59
2026-06-02T08:37:00Z,4375.03,4375.46,4371.97,4371.97,94,63
2026-06-02T08:38:00Z,4371.97,4372.79,4370.31,4371.87,82,59
2026-06-02T08:39:00Z,4371.87,4374.95,4369.37,4372.27,86,84
2026-06-02T08:40:00Z,4372.27,4376.96,4372.27,4376.21,83,60
2026-06-02T08:41:00Z,4376.21,4379.80,4375.70,4379.80,77,62
2026-06-02T08:42:00Z,4379.80,4380.33,4379.41,4379.95,88,84
2026-06-02T08:43:00Z,4379.95,4380.44,4378.57,4379.39,90,57
2026-06-02T08:44:00Z,4379.39,4381.03,4378.55,4379.94,89,76
2026-06-02T08:45:00Z,4379.94,4383.69,4379.29,4379.56,77,64
2026-06-02T08:46:00Z,4379.56,4382.61,4379.33,4379.33,79,82
2026-06-02T08:47:00Z,4379.33,4384.44,4379.33,4383.44,79,80
2026-06-02T08:48:00Z,4383.44,4384.46,4382.79,4383.67,85,53
2026-06-02T08:49:00Z,4383.67,4384.38,4381.65,4383.58,83,57
2026-06-02T08:50:00Z,4383.58,4384.61,4380.33,4380.79,79,59
2026-06-02T08:51:00Z,4380.79,4381.25,4380.11,4381.21,75,79
2026-06-02T08:52:00Z,4381.21,4381.30,4376.68,4376.68,71,69
2026-06-02T08:53:00Z,4376.68,4378.16,4376.68,4377.52,82,59
2026-06-02T08:54:00Z,4377.52,4377.52,4373.22,4375.69,82,52
2026-06-02T08:55:00Z,4375.69,4376.48,4373.92,4374.16,70,79
2026-06-02T08:56:00Z,4374.16,4375.25,4373.81,4375.25,68,72
2026-06-02T08:57:00Z,4375.25,4377.01,4373.63,4374.65,78,82
2026-06-02T08:58:00Z,4374.65,4376.00,4373.84,4375.42,66,80
2026-06-02T08:59:00Z,4375.42,4375.56,4373.39,4373.39,65,76
2026-06-02T09:00:00Z,4373.39,4377.46,4373.39,4377.26,72,76
2026-06-02T09:01:00Z,4377.26,4377.57,4375.04,4375.56,67,52
2026-06-02T09:02:00Z,4375.56,4375.84,4373.46,4373.75,78,75
2026-06-02T09:03:00Z,4373.75,4374.42,4372.12,4372.81,69,67
2026-06-02T09:04:00Z,4372.81,4372.81,4368.84,4369.72,77,54
2026-06-02T09:05:00Z,4369.72,4370.37,4368.02,4369.16,72,77
2026-06-02T09:06:00Z,4369.16,4369.93,4367.13,4369.68,65,72
2026-06-02T09:07:00Z,4369.68,4370.22,4367.28,4367.66,72,73
2026-06-02T09:08:00Z,4367.66,4371.24,4367.66,4369.34,70,64
2026-06-02T09:09:00Z,4369.34,4372.97,4369.18,4371.85,74,57
2026-06-02T09:10:00Z,4371.85,4374.16,4371.85,4374.16,66,63
2026-06-02T09:11:00Z,4374.16,4376.81,4372.93,4375.47,57,56
2026-06-02T09:12:00Z,4375.47,4378.33,4373.66,4373.66,67,71
2026-06-02T09:13:00Z,4373.66,4376.57,4373.66,4375.30,68,56
2026-06-02T09:14:00Z,4375.30,4377.09,4374.77,4377.09,61,72
2026-06-02T09:15:00Z,4377.09,4380.66,4376.98,4380.66,56,58
2026-06-02T09:16:00Z,4380.66,4383.30,4380.11,4382.16,69,76
2026-06-02T09:17:00Z,4382.16,4384.23,4381.76,4382.78,68,75
2026-06-02T09:18:00Z,4382.78,4382.78,4379.32,4380.22,63,80
2026-06-02T09:19:00Z,4380.22,4382.98,4380.11,4382.98,57,59
2026-06-02T09:20:00Z,4382.98,4386.17,4382.20,4386.17,63,66
2026-06-02T09:21:00Z,4386.17,4389.33,4386.17,4388.46,64,76
2026-06-02T09:22:00Z,4388.46,4391.66,4388.25,4391.58,67,52
2026-06-02T09:23:00Z,4391.58,4392.23,4390.52,4391.02,66,56
2026-06-02T09:24:00Z,4391.02,4392.71,4388.00,4388.00,51,58
2026-06-02T09:25:00Z,4388.00,4389.90,4388.00,4389.49,50,56
2026-06-02T09:26:00Z,4389.49,4389.49,4386.95,4386.98,51,69
2026-06-02T09:27:00Z,4386.98,4387.35,4384.86,4385.34,56,80
2026-06-02T09:28:00Z,4385.34,4385.34,4380.33,4380.73,62,65
2026-06-02T09:29:00Z,4380.73,4381.88,4380.51,4381.12,47,75
2026-06-02T09:30:00Z,4381.12,4381.46,4377.14,4377.14,57,73
2026-06-02T09:31:00Z,4377.14,4377.83,4375.24,4377.18,58,68
2026-06-02T09:32:00Z,4377.18,4378.05,4375.21,4375.93,52,68
2026-06-02T09:33:00Z,4375.93,4378.17,4375.06,4377.58,55,53
2026-06-02T09:34:00Z,4377.58,4379.27,4376.98,4377.78,50,53
2026-06-02T09:35:00Z,4377.78,4377.78,4373.76,4374.63,46,77
2026-06-02T09:36:00Z,4374.63,4375.32,4372.58,4374.72,54,67
2026-06-02T09:37:00Z,4374.72,4374.72,4368.62,4368.62,55,66
2026-06-02T09:38:00Z,4368.62,4368.78,4367.14,4368.66,43,61
2026-06-02T09:39:00Z,4368.66,4370.06,4363.96,4363.96,44,58
2026-06-02T09:40:00Z,4363.96,4367.01,4363.96,4365.02,53,53
2026-06-02T09:41:00Z,4365.02,4366.46,4363.02,4363.02,57,78
2026-06-02T09:42:00Z,4363.02,4366.16,4363.02,4365.96,47,71
2026-06-02T09:43:00Z,4365.96,4369.26,4365.96,4368.60,41,55
2026-06-02T09:44:00Z,4368.60,4370.61,4364.49,4364.76,52,71
2026-06-02T09:45:00Z,4364.76,4367.52,4363.80,4366.78,52,52
2026-06-02T09:46:00Z,4366.78,4368.48,4363.96,4368.48,44,50
2026-06-02T09:47:00Z,4368.48,4369.30,4366.23,4366.23,40,57
2026-06-02T09:48:00Z,4366.23,4366.23,4359.80,4361.39,53,67
2026-06-02T09:49:00Z,4361.39,4361.39,4357.75,4360.17,39,51
2026-06-02T09:50:00Z,4360.17,4363.97,4360.17,4361.93,45,51
2026-06-02T09:51:00Z,4361.93,4366.41,4361.93,4363.50,46,64
2026-06-02T09:52:00Z,4363.50,4363.73,4362.64,4363.62,51,75
2026-06-02T09:53:00Z,4363.62,4371.14,4363.62,4371.14,49,59
2026-06-02T09:54:00Z,4371.14,4371.14,4363.15,4363.15,47,67
2026-06-02T09:55:00Z,4363.15,4369.86,4363.15,4369.86,38,53
2026-06-02T09:56:00Z,4369.86,4369.86,4363.80,4363.80,39,62
2026-06-02T09:57:00Z,4363.80,4365.19,4363.42,4364.54,44,63
2026-06-02T09:58:00Z,4364.54,4366.71,4364.54,4365.56,36,70
2026-06-02T09:59:00Z,4365.56,4367.43,4362.17,4362.17,51,56
2026-06-02T10:00:00Z,4362.17,4363.80,4361.78,4363.10,36,77
2026-06-02T10:01:00Z,4363.10,4363.43,4360.83,4360.83,38,56
2026-06-02T10:02:00Z,4360.83,4360.83,4357.42,4357.42,36,65
2026-06-02T10:03:00Z,4357.42,4361.87,4356.74,4361.15,45,51
2026-06-02T10:04:00Z,4361.15,4361.15,4359.58,4360.04,38,58
2026-06-02T10:05:00Z,4360.04,4361.42,4356.11,4356.11,37,79
2026-06-02T10:06:00Z,4356.11,4360.35,4356.11,4360.06,35,67
2026-06-02T10:07:00Z,4360.06,4360.90,4359.24,4360.90,41,65
2026-06-02T10:08:00Z,4360.90,4360.90,4357.17,4357.27,34,58
2026-06-02T10:09:00Z,4357.27,4357.27,4352.60,4352.60,40,55
2026-06-02T10:10:00Z,4352.60,4352.84,4350.28,4352.57,38,54
2026-06-02T10:11:00Z,4352.57,4354.82,4351.54,4354.82,37,63
2026-06-02T10:12:00Z,4354.82,4355.63,4353.53,4354.75,40,73
2026-06-02T10:13:00Z,4354.75,4356.74,4353.45,4356.74,39,60
2026-06-02T10:14:00Z,4356.74,4359.04,4355.84,4356.17,46,58
2026-06-02T10:15:00Z,4356.17,4357.80,4355.13,4357.03,34,67
2026-06-02T10:16:00Z,4357.03,4359.43,4356.13,4359.36,43,78
2026-06-02T10:17:00Z,4359.36,4359.45,4355.81,4358.13,43,57
2026-06-02T10:18:00Z,4358.13,4360.71,4357.50,4360.58,35,55
2026-06-02T10:19:00Z,4360.58,4363.77,4359.30,4363.18,46,76
2026-06-02T10:20:00Z,4363.18,4366.79,4363.11,4366.79,34,68
2026-06-02T10:21:00Z,4366.79,4368.33,4365.83,4367.15,43,62
2026-06-02T10:22:00Z,4367.15,4368.39,4364.41,4365.37,38,59
2026-06-02T10:23:00Z,4365.37,4367.12,4363.08,4363.16,39,66
2026-06-02T10:24:00Z,4363.16,4363.20,4359.99,4359.99,33,65
2026-06-02T10:25:00Z,4359.99,4360.27,4356.23,4358.14,38,62
2026-06-02T10:26:00Z,4358.14,4360.64,4356.77,4360.17,43,54
2026-06-02T10:27:00Z,4360.17,4365.09,4360.17,4365.09,30,68
2026-06-02T10:28:00Z,4365.09,4372.63,4365.09,4372.63,31,70
2026-06-02T10:29:00Z,4372.63,4373.99,4371.72,4371.74,30,79
2026-06-02T10:30:00Z,4371.74,4374.15,4370.59,4373.95,32,61
2026-06-02T10:31:00Z,4373.95,4374.54,4372.66,4373.71,38,64
2026-06-02T10:32:00Z,4373.71,4380.28,4373.49,4380.13,31,72
2026-06-02T10:33:00Z,4380.13,4381.67,4378.65,4379.36,37,77
2026-06-02T10:34:00Z,4379.36,4379.36,4376.52,4376.52,32,62
2026-06-02T10:35:00Z,4376.52,4377.31,4372.12,4372.12,37,61
2026-06-02T10:36:00Z,4372.12,4375.43,4371.60,4374.89,41,74
2026-06-02T10:37:00Z,4374.89,4375.46,4371.44,4371.44,29,59
2026-06-02T10:38:00Z,4371.44,4374.09,4371.44,4372.87,30,56
2026-06-02T10:39:00Z,4372.87,4374.95,4371.02,4374.95,33,79
2026-06-02T10:40:00Z,4374.95,4377.69,4374.81,4374.82,31,72
2026-06-02T10:41:00Z,4374.82,4377.32,4374.82,4377.32,31,70
2026-06-02T10:42:00Z,4377.32,4377.32,4373.17,4373.22,35,76
2026-06-02T10:43:00Z,4373.22,4376.84,4373.22,4376.84,30,51
2026-06-02T10:44:00Z,4376.84,4381.70,4376.84,4381.17,33,65
2026-06-02T10:45:00Z,4381.17,4383.36,4380.79,4383.33,37,61
2026-06-02T10:46:00Z,4383.33,4384.37,4380.08,4381.02,38,77
2026-06-02T10:47:00Z,4381.02,4382.32,4379.42,4382.18,37,74
2026-06-02T10:48:00Z,4382.18,4386.50,4382.18,4384.34,31,55
2026-06-02T10:49:00Z,4384.34,4384.34,4379.28,4379.28,35,60
2026-06-02T10:50:00Z,4379.28,4380.97,4378.71,4380.43,41,58
2026-06-02T10:51:00Z,4380.43,4380.90,4377.13,4377.13,25,67
2026-06-02T10:52:00Z,4377.13,4377.74,4376.02,4376.82,28,62
2026-06-02T10:53:00Z,4376.82,4378.19,4374.99,4375.93,26,55
2026-06-02T10:54:00Z,4375.93,4376.38,4373.67,4374.16,39,58
2026-06-02T10:55:00Z,4374.16,4375.22,4373.67,4374.18,35,54
2026-06-02T10:56:00Z,4374.18,4375.34,4372.15,4372.15,34,71
2026-06-02T10:57:00Z,4372.15,4372.49,4370.32,4372.49,35,64
2026-06-02T10:58:00Z,4372.49,4372.49,4369.51,4371.27,34,66
2026-06-02T10:59:00Z,4371.27,4372.06,4366.22,4366.97,33,78
2026-06-02T11:00:00Z,4366.97,4368.66,4365.32,4366.36,39,67
2026-06-02T11:01:00Z,4366.36,4366.86,4360.17,4360.17,38,70
2026-06-02T11:02:00Z,4360.17,4361.43,4358.97,4360.68,35,69
2026-06-02T11:03:00Z,4360.68,4360.68,4357.93,4358.86,33,57
2026-06-02T11:04:00Z,4358.86,4359.53,4357.40,4358.78,31,69
2026-06-02T11:05:00Z,4358.78,4359.58,4351.70,4351.70,25,77
2026-06-02T11:06:00Z,4351.70,4352.81,4350.15,4352.81,37,53
2026-06-02T11:07:00Z,4352.81,4352.81,4347.91,4347.91,40,64
2026-06-02T11:08:00Z,4347.91,4352.26,4347.20,4352.26,37,54
2026-06-02T11:09:00Z,4352.26,4354.45,4352.07,4352.11,38,61
2026-06-02T11:10:00Z,4352.11,4352.11,4347.97,4348.08,29,73
2026-06-02T11:11:00Z,4348.08,4348.08,4345.55,4345.60,38,68
2026-06-02T11:12:00Z,4345.60,4345.60,4343.20,4344.83,30,78
2026-06-02T11:13:00Z,4344.83,4345.08,4343.44,4343.46,25,51
2026-06-02T11:14:00Z,4343.46,4344.65,4341.82,4341.82,39,77
2026-06-02T11:15:00Z,4341.82,4342.12,4338.02,4338.86,35,66
2026-06-02T11:16:00Z,4338.86,4339.82,4335.34,4337.46,27,77
2026-06-02T11:17:00Z,4337.46,4337.46,4333.88,4334.46,34,51
2026-06-02T11:18:00Z,4334.46,4337.78,4333.76,4337.31,33,69
2026-06-02T11:19:00Z,4337.31,4337.50,4334.74,4334.91,30,74
2026-06-02T11:20:00Z,4334.91,4336.75,4330.56,4331.34,34,80
2026-06-02T11:21:00Z,4331.34,4331.72,4328.69,4329.58,40,66
2026-06-02T11:22:00Z,4329.58,4332.52,4329.58,4331.21,29,73
2026-06-02T11:23:00Z,4331.21,4331.21,4327.79,4329.05,40,70
2026-06-02T11:24:00Z,4329.05,4329.99,4328.01,4328.90,41,73
2026-06-02T11:25:00Z,4328.90,4332.46,4328.90,4330.87,39,58
2026-06-02T11:26:00Z,4330.87,4333.31,4330.57,4332.55,37,61
2026-06-02T11:27:00Z,4332.55,4336.52,4332.55,4335.34,41,55
2026-06-02T11:28:00Z,4335.34,4337.14,4334.98,4336.27,32,69
2026-06-02T11:29:00Z,4336.27,4337.01,4335.31,4337.01,33,77
2026-06-02T11:30:00Z,4337.01,4340.22,4336.71,4339.87,40,76
2026-06-02T11:31:00Z,4339.87,4341.26,4335.83,4335.83,33,66
2026-06-02T11:32:00Z,4335.83,4337.85,4334.41,4334.80,37,58
2026-06-02T11:33:00Z,4334.80,4335.86,4333.66,4334.26,36,80
2026-06-02T11:34:00Z,4334.26,4334.26,4330.77,4330.77,37,62
2026-06-02T11:35:00Z,4330.77,4331.23,4327.09,4327.09,35,76
2026-06-02T11:36:00Z,4327.09,4327.09,4320.15,4321.27,30,67
2026-06-02T11:37:00Z,4321.27,4323.65,4320.59,4320.72,32,59
2026-06-02T11:38:00Z,4320.72,4326.34,4320.72,4326.34,43,63
2026-06-02T11:39:00Z,4326.34,4326.60,4323.15,4323.15,43,60
2026-06-02T11:40:00Z,4323.15,4323.15,4317.75,4318.54,39,78
2026-06-02T11:41:00Z,4318.54,4320.17,4317.61,4317.61,35,55
2026-06-02T11:42:00Z,4317.61,4317.61,4312.42,4312.91,34,79
2026-06-02T11:43:00Z,4312.91,4312.91,4308.52,4308.52,40,53
2026-06-02T11:44:00Z,4308.52,4309.26,4308.35,4309.19,44,69
2026-06-02T11:45:00Z,4309.19,4311.65,4309.19,4310.37,34,53
2026-06-02T11:46:00Z,4310.37,4313.83,4310.33,4313.58,32,70
2026-06-02T11:47:00Z,4313.58,4316.38,4312.82,4314.85,43,66
2026-06-02T11:48:00Z,4314.85,4316.96,4314.56,4315.00,43,57
2026-06-02T11:49:00Z,4315.00,4315.85,4311.36,4315.81,41,56
2026-06-02T11:50:00Z,4315.81,4317.62,4314.56,4314.84,33,76
2026-06-02T11:51:00Z,4314.84,4316.25,4312.37,4314.67,42,74
2026-06-02T11:52:00Z,4314.67,4315.92,4312.99,4315.83,32,67
2026-06-02T11:53:00Z,4315.83,4317.65,4314.38,4314.42,42,67
2026-06-02T11:54:00Z,4314.42,4315.33,4312.89,4312.89,40,79
2026-06-02T11:55:00Z,4312.89,4316.83,4312.06,4316.36,33,58
2026-06-02T11:56:00Z,4316.36,4319.31,4316.36,4317.94,45,56
2026-06-02T11:57:00Z,4317.94,4319.87,4317.82,4319.28,34,73
2026-06-02T11:58:00Z,4319.28,4322.11,4319.22,4322.11,49,57
2026-06-02T11:59:00Z,4322.11,4325.33,4322.11,4325.33,44,71
2026-06-02T12:00:00Z,4325.33,4330.10,4325.33,4329.54,44,59
2026-06-02T12:01:00Z,4329.54,4331.20,4329.35,4330.32,36,69
2026-06-02T12:02:00Z,4330.32,4332.92,4329.80,4330.26,37,53
2026-06-02T12:03:00Z,4330.26,4330.89,4327.15,4327.15,44,50
2026-06-02T12:04:00Z,4327.15,4327.15,4323.53,4326.07,46,61
2026-06-02T12:05:00Z,4326.07,4329.22,4326.07,4329.22,36,58
2026-06-02T12:06:00Z,4329.22,4330.07,4327.58,4329.52,38,54
2026-06-02T12:07:00Z,4329.52,4329.52,4325.83,4328.53,48,68
2026-06-02T12:08:00Z,4328.53,4328.53,4323.55,4324.27,51,51
2026-06-02T12:09:00Z,4324.27,4324.83,4321.71,4321.71,51,57
2026-06-02T12:10:00Z,4321.71,4323.05,4317.06,4317.06,39,69
2026-06-02T12:11:00Z,4317.06,4318.06,4316.21,4316.65,40,77
2026-06-02T12:12:00Z,4316.65,4319.11,4316.30,4316.54,45,56
2026-06-02T12:13:00Z,4316.54,4317.58,4315.53,4316.22,52,60
2026-06-02T12:14:00Z,4316.22,4319.54,4314.89,4319.54,41,72
2026-06-02T12:15:00Z,4319.54,4319.67,4317.84,4319.30,42,77
2026-06-02T12:16:00Z,4319.30,4319.30,4317.50,4317.76,43,54
2026-06-02T12:17:00Z,4317.76,4318.97,4314.99,4318.97,54,68
2026-06-02T12:18:00Z,4318.97,4318.97,4314.41,4314.41,54,77
2026-06-02T12:19:00Z,4314.41,4317.02,4313.15,4317.02,42,58
2026-06-02T12:20:00Z,4317.02,4320.14,4314.12,4320.14,58,55
2026-06-02T12:21:00Z,4320.14,4326.63,4320.14,4325.75,57,55
2026-06-02T12:22:00Z,4325.75,4327.83,4323.80,4327.83,47,78
2026-06-02T12:23:00Z,4327.83,4327.83,4325.36,4325.93,45,55
2026-06-02T12:24:00Z,4325.93,4327.05,4324.35,4325.30,52,51
2026-06-02T12:25:00Z,4325.30,4327.36,4324.25,4326.33,56,63
2026-06-02T12:26:00Z,4326.33,4326.33,4323.51,4324.21,55,75
2026-06-02T12:27:00Z,4324.21,4325.56,4322.27,4322.63,57,51
2026-06-02T12:28:00Z,4322.63,4322.63,4317.46,4318.93,48,68
2026-06-02T12:29:00Z,4318.93,4321.87,4318.93,4321.01,58,75
2026-06-02T12:30:00Z,4321.01,4325.73,4321.01,4325.59,49,72
2026-06-02T12:31:00Z,4325.59,4325.67,4322.37,4325.35,54,55
2026-06-02T12:32:00Z,4325.35,4328.33,4324.35,4326.45,61,50
2026-06-02T12:33:00Z,4326.45,4328.12,4324.47,4324.82,59,64
2026-06-02T12:34:00Z,4324.82,4325.19,4322.31,4323.21,51,57
2026-06-02T12:35:00Z,4323.21,4323.38,4318.26,4318.26,55,76
2026-06-02T12:36:00Z,4318.26,4318.26,4314.05,4317.54,65,73
2026-06-02T12:37:00Z,4317.54,4323.16,4317.09,4322.82,59,52
2026-06-02T12:38:00Z,4322.82,4324.28,4321.31,4323.75,53,50
2026-06-02T12:39:00Z,4323.75,4325.59,4323.29,4324.77,55,67
2026-06-02T12:40:00Z,4324.77,4327.14,4324.47,4325.42,65,70
2026-06-02T12:41:00Z,4325.42,4326.43,4323.60,4323.60,63,52
2026-06-02T12:42:00Z,4323.60,4324.70,4322.17,4323.69,59,75
2026-06-02T12:43:00Z,4323.69,4326.20,4323.53,4324.94,68,71
2026-06-02T12:44:00Z,4324.94,4326.38,4323.70,4325.32,57,61
2026-06-02T12:45:00Z,4325.32,4327.71,4323.93,4326.22,71,62
2026-06-02T12:46:00Z,4326.22,4327.45,4325.38,4325.58,66,65
2026-06-02T12:47:00Z,4325.58,4325.58,4320.41,4320.41,60,66
2026-06-02T12:48:00Z,4320.41,4320.41,4316.81,4317.84,71,67
2026-06-02T12:49:00Z,4317.84,4320.17,4317.84,4319.98,67,54
2026-06-02T12:50:00Z,4319.98,4319.98,4316.34,4317.74,58,71
2026-06-02T12:51:00Z,4317.74,4320.36,4316.29,4316.29,64,78
2026-06-02T12:52:00Z,4316.29,4321.29,4316.29,4320.39,60,76
2026-06-02T12:53:00Z,4320.39,4324.08,4319.06,4321.67,65,55
2026-06-02T12:54:00Z,4321.67,4326.11,4321.67,4325.23,60,70
2026-06-02T12:55:00Z,4325.23,4325.37,4321.93,4321.93,77,55
2026-06-02T12:56:00Z,4321.93,4323.30,4321.51,4321.51,76,77
2026-06-02T12:57:00Z,4321.51,4323.81,4321.31,4323.81,65,50
2026-06-02T12:58:00Z,4323.81,4324.69,4319.90,4319.90,62,70
2026-06-02T12:59:00Z,4319.90,4322.41,4319.90,4320.44,68,59
2026-06-02T13:00:00Z,4320.44,4320.44,4318.24,4319.80,80,64
2026-06-02T13:01:00Z,4319.80,4323.28,4319.80,4320.96,75,61
2026-06-02T13:02:00Z,4320.96,4321.01,4316.52,4317.57,79,64
2026-06-02T13:03:00Z,4317.57,4318.28,4314.23,4314.37,77,70
2026-06-02T13:04:00Z,4314.37,4317.83,4313.98,4317.83,77,79
2026-06-02T13:05:00Z,4317.83,4319.52,4316.85,4317.19,72,71
2026-06-02T13:06:00Z,4317.19,4317.64,4313.57,4314.22,84,77
2026-06-02T13:07:00Z,4314.22,4319.23,4313.61,4319.23,79,56
2026-06-02T13:08:00Z,4319.23,4321.61,4318.90,4320.59,69,71
2026-06-02T13:09:00Z,4320.59,4322.73,4319.51,4321.82,83,66
2026-06-02T13:10:00Z,4321.82,4323.41,4321.79,4323.25,85,54
2026-06-02T13:11:00Z,4323.25,4323.25,4319.62,4320.62,73,56
2026-06-02T13:12:00Z,4320.62,4320.72,4318.53,4320.72,79,52
2026-06-02T13:13:00Z,4320.72,4322.38,4320.72,4321.32,72,51
2026-06-02T13:14:00Z,4321.32,4322.21,4321.04,4321.64,88,72
2026-06-02T13:15:00Z,4321.64,4323.91,4321.40,4322.12,75,64
2026-06-02T13:16:00Z,4322.12,4325.47,4322.12,4324.70,91,54
2026-06-02T13:17:00Z,4324.70,4324.70,4321.49,4321.49,84,62
2026-06-02T13:18:00Z,4321.49,4323.32,4320.69,4322.00,90,78
2026-06-02T13:19:00Z,4322.00,4327.50,4322.00,4327.50,81,55
2026-06-02T13:20:00Z,4327.50,4329.45,4327.02,4329.45,91,66
2026-06-02T13:21:00Z,4329.45,4332.58,4329.05,4331.92,88,67
2026-06-02T13:22:00Z,4331.92,4333.92,4330.08,4331.90,83,71
2026-06-02T13:23:00Z,4331.90,4336.69,4330.97,4336.69,84,78
2026-06-02T13:24:00Z,4336.69,4338.36,4334.90,4336.05,89,75
2026-06-02T13:25:00Z,4336.05,4338.32,4336.05,4338.21,86,64
2026-06-02T13:26:00Z,4338.21,4341.65,4337.32,4341.65,82,75
2026-06-02T13:27:00Z,4341.65,4346.01,4339.84,4344.82,90,59
2026-06-02T13:28:00Z,4344.82,4344.82,4340.69,4340.84,100,70
2026-06-02T13:29:00Z,4340.84,4341.01,4339.02,4339.02,88,70
2026-06-02T13:30:00Z,4339.02,4339.02,4335.89,4336.42,91,52
2026-06-02T13:31:00Z,4336.42,4337.59,4333.78,4334.95,96,73
2026-06-02T13:32:00Z,4334.95,4334.95,4331.00,4331.00,98,68
2026-06-02T13:33:00Z,4331.00,4331.27,4327.85,4329.74,103,62
2026-06-02T13:34:00Z,4329.74,4330.48,4325.99,4326.66,105,71
2026-06-02T13:35:00Z,4326.66,4327.71,4325.42,4325.57,95,55
2026-06-02T13:36:00Z,4325.57,4325.82,4324.08,4324.95,95,52
2026-06-02T13:37:00Z,4324.95,4324.95,4321.18,4322.83,93,51
2026-06-02T13:38:00Z,4322.83,4324.98,4322.83,4324.19,96,80
2026-06-02T13:39:00Z,4324.19,4329.15,4324.19,4327.95,93,80
2026-06-02T13:40:00Z,4327.95,4328.71,4326.47,4327.14,108,70
2026-06-02T13:41:00Z,4327.14,4329.06,4325.48,4326.76,103,75
2026-06-02T13:42:00Z,4326.76,4326.98,4323.03,4323.15,107,51
2026-06-02T13:43:00Z,4323.15,4325.26,4321.07,4321.07,98,68
2026-06-02T13:44:00Z,4321.07,4324.40,4321.05,4322.07,103,58
2026-06-02T13:45:00Z,4322.07,4325.84,4322.07,4323.49,99,73
2026-06-02T13:46:00Z,4323.49,4324.57,4321.26,4324.57,108,53
2026-06-02T13:47:00Z,4324.57,4325.74,4323.40,4325.16,109,57
2026-06-02T13:48:00Z,4325.16,4326.70,4324.19,4325.30,115,64
2026-06-02T13:49:00Z,4325.30,4325.45,4323.16,4323.18,103,80
2026-06-02T13:50:00Z,4323.18,4324.07,4321.25,4323.51,116,56
2026-06-02T13:51:00Z,4323.51,4325.02,4322.83,4324.35,111,57
2026-06-02T13:52:00Z,4324.35,4324.84,4316.96,4318.25,105,72
2026-06-02T13:53:00Z,4318.25,4320.35,4317.42,4319.26,120,55
2026-06-02T13:54:00Z,4319.26,4319.26,4316.45,4316.45,107,69
2026-06-02T13:55:00Z,4316.45,4317.21,4314.28,4316.81,114,61
2026-06-02T13:56:00Z,4316.81,4317.22,4313.22,4313.22,122,55
2026-06-02T13:57:00Z,4313.22,4316.50,4312.93,4315.77,124,75
2026-06-02T13:58:00Z,4315.77,4316.15,4313.42,4313.42,116,53
2026-06-02T13:59:00Z,4313.42,4316.65,4312.49,4315.38,124,74
2026-06-03T08:00:00Z,4311.57,4312.18,4309.92,4310.38,121,250
2026-06-03T08:01:00Z,4310.38,4311.41,4309.26,4309.26,118,212
2026-06-03T08:02:00Z,4309.26,4311.41,4307.37,4310.98,117,177
2026-06-03T08:03:00Z,4310.98,4311.59,4308.23,4308.23,115,217
2026-06-03T08:04:00Z,4308.23,4308.23,4303.49,4303.55,108,144
2026-06-03T08:05:00Z,4303.55,4308.04,4303.04,4307.21,117,132
2026-06-03T08:06:00Z,4307.21,4309.23,4305.25,4309.23,107,175
2026-06-03T08:07:00Z,4309.23,4309.56,4307.29,4307.57,113,138
2026-06-03T08:08:00Z,4307.57,4312.06,4307.57,4312.06,110,164
2026-06-03T08:09:00Z,4312.06,4315.89,4311.29,4314.82,107,141
2026-06-03T08:10:00Z,4314.82,4315.76,4312.20,4312.20,105,102
2026-06-03T08:11:00Z,4312.20,4313.35,4309.40,4309.40,102,117
2026-06-03T08:12:00Z,4309.40,4310.71,4308.83,4309.17,105,90
2026-06-03T08:13:00Z,4309.17,4312.98,4308.70,4312.98,103,108
2026-06-03T08:14:00Z,4312.98,4313.63,4311.61,4312.95,100,130
2026-06-03T08:15:00Z,4312.95,4313.95,4310.77,4310.77,107,122
2026-06-03T08:16:00Z,4310.77,4310.77,4308.41,4308.41,99,92
2026-06-03T08:17:00Z,4308.41,4308.41,4304.35,4305.26,108,86
2026-06-03T08:18:00Z,4305.26,4309.73,4305.26,4309.73,110,113
2026-06-03T08:19:00Z,4309.73,4310.94,4307.48,4308.08,102,113
2026-06-03T08:20:00Z,4308.08,4308.88,4306.23,4307.43,100,102
2026-06-03T08:21:00Z,4307.43,4308.63,4306.11,4306.99,102,101
2026-06-03T08:22:00Z,4306.99,4307.22,4305.14,4305.37,106,74
2026-06-03T08:23:00Z,4305.37,4306.27,4303.03,4304.54,103,91
2026-06-03T08:24:00Z,4304.54,4305.83,4303.32,4304.42,98,95
2026-06-03T08:25:00Z,4304.42,4305.41,4302.70,4302.70,95,82
2026-06-03T08:26:00Z,4302.70,4302.70,4299.81,4301.38,94,70
2026-06-03T08:27:00Z,4301.38,4302.07,4299.31,4299.39,100,94
2026-06-03T08:28:00Z,4299.39,4300.90,4297.17,4299.16,100,75
2026-06-03T08:29:00Z,4299.16,4299.16,4293.86,4293.86,90,69
2026-06-03T08:30:00Z,4293.86,4297.89,4293.58,4297.10,91,78
2026-06-03T08:31:00Z,4297.10,4301.57,4297.10,4301.57,98,82
2026-06-03T08:32:00Z,4301.57,4301.57,4299.34,4299.53,97,69
2026-06-03T08:33:00Z,4299.53,4301.39,4298.96,4300.30,87,87
2026-06-03T08:34:00Z,4300.30,4300.64,4297.88,4298.17,86,81
2026-06-03T08:35:00Z,4298.17,4298.17,4294.34,4296.27,87,62
2026-06-03T08:36:00Z,4296.27,4299.52,4296.27,4299.44,82,77
2026-06-03T08:37:00Z,4299.44,4306.75,4299.44,4305.59,95,79
2026-06-03T08:38:00Z,4305.59,4305.78,4301.95,4304.86,93,55
2026-06-03T08:39:00Z,4304.86,4305.31,4303.67,4303.97,83,84
2026-06-03T08:40:00Z,4303.97,4307.72,4303.97,4307.15,91,58
2026-06-03T08:41:00Z,4307.15,4308.38,4303.14,4303.27,80,84
2026-06-03T08:42:00Z,4303.27,4306.20,4303.27,4305.00,84,67
2026-06-03T08:43:00Z,4305.00,4308.50,4305.00,4308.50,76,57
2026-06-03T08:44:00Z,4308.50,4309.51,4307.23,4307.23,89,70
2026-06-03T08:45:00Z,4307.23,4309.78,4307.23,4309.78,90,65
2026-06-03T08:46:00Z,4309.78,4309.78,4305.21,4307.14,82,67
2026-06-03T08:47:00Z,4307.14,4308.88,4304.56,4304.56,87,59
2026-06-03T08:48:00Z,4304.56,4305.18,4302.94,4305.18,84,55
2026-06-03T08:49:00Z,4305.18,4308.48,4304.57,4307.70,87,61
2026-06-03T08:50:00Z,4307.70,4312.09,4307.70,4311.69,84,72
2026-06-03T08:51:00Z,4311.69,4313.49,4311.69,4313.49,72,77
2026-06-03T08:52:00Z,4313.49,4315.97,4313.13,4315.02,81,81
2026-06-03T08:53:00Z,4315.02,4317.44,4314.14,4316.81,73,66
2026-06-03T08:54:00Z,4316.81,4316.81,4313.45,4313.45,78,65
2026-06-03T08:55:00Z,4313.45,4313.52,4309.46,4309.46,81,62
2026-06-03T08:56:00Z,4309.46,4309.46,4305.98,4307.46,71,60
2026-06-03T08:57:00Z,4307.46,4309.31,4307.42,4308.72,72,51
2026-06-03T08:58:00Z,4308.72,4309.21,4305.96,4307.05,77,73
2026-06-03T08:59:00Z,4307.05,4308.20,4306.72,4307.02,67,56
2026-06-03T09:00:00Z,4307.02,4309.64,4306.54,4306.54,68,59
2026-06-03T09:01:00Z,4306.54,4309.52,4306.24,4307.61,67,66
2026-06-03T09:02:00Z,4307.61,4309.32,4306.25,4309.32,69,60
2026-06-03T09:03:00Z,4309.32,4310.94,4308.61,4310.94,77,51
2026-06-03T09:04:00Z,4310.94,4311.06,4307.89,4308.03,70,78
2026-06-03T09:05:00Z,4308.03,4308.18,4305.00,4306.11,72,72
2026-06-03T09:06:00Z,4306.11,4306.11,4301.52,4301.52,76,52
2026-06-03T09:07:00Z,4301.52,4302.09,4300.16,4300.79,59,54
2026-06-03T09:08:00Z,4300.79,4303.33,4300.06,4302.59,73,80
2026-06-03T09:09:00Z,4302.59,4305.32,4302.59,4304.25,64,76
2026-06-03T09:10:00Z,4304.25,4307.68,4304.25,4305.48,70,81
2026-06-03T09:11:00Z,4305.48,4305.77,4304.78,4305.77,60,56
2026-06-03T09:12:00Z,4305.77,4308.44,4305.77,4307.88,71,57
2026-06-03T09:13:00Z,4307.88,4310.01,4307.88,4308.57,70,72
2026-06-03T09:14:00Z,4308.57,4310.90,4308.12,4309.61,62,57
2026-06-03T09:15:00Z,4309.61,4314.51,4309.61,4314.51,64,54
2026-06-03T09:16:00Z,4314.51,4315.62,4313.63,4315.11,58,77
2026-06-03T09:17:00Z,4315.11,4315.11,4310.51,4310.51,65,51
2026-06-03T09:18:00Z,4310.51,4312.99,4310.25,4312.12,65,67
2026-06-03T09:19:00Z,4312.12,4312.12,4309.55,4310.09,68,70
2026-06-03T09:20:00Z,4310.09,4311.79,4309.37,4311.79,62,79
2026-06-03T09:21:00Z,4311.79,4314.06,4311.55,4312.92,56,62
2026-06-03T09:22:00Z,4312.92,4312.92,4309.75,4310.84,52,70
2026-06-03T09:23:00Z,4310.84,4310.92,4307.89,4310.39,66,64
2026-06-03T09:24:00Z,4310.39,4311.13,4307.90,4310.06,64,61
2026-06-03T09:25:00Z,4310.06,4310.06,4304.89,4305.66,59,76
2026-06-03T09:26:00Z,4305.66,4305.66,4302.30,4303.47,50,77
2026-06-03T09:27:00Z,4303.47,4303.47,4300.66,4301.89,62,74
2026-06-03T09:28:00Z,4301.89,4306.28,4301.89,4305.78,57,71
2026-06-03T09:29:00Z,4305.78,4308.30,4305.78,4307.82,56,73
2026-06-03T09:30:00Z,4307.82,4308.31,4305.60,4308.31,51,78
2026-06-03T09:31:00Z,4308.31,4308.31,4306.52,4307.45,46,53
2026-06-03T09:32:00Z,4307.45,4308.62,4306.15,4307.54,57,53
2026-06-03T09:33:00Z,4307.54,4308.88,4306.10,4308.81,58,64
2026-06-03T09:34:00Z,4308.81,4310.14,4307.08,4309.50,53,65
2026-06-03T09:35:00Z,4309.50,4310.31,4306.15,4306.15,47,77
2026-06-03T09:36:00Z,4306.15,4308.04,4305.11,4306.70,47,68
2026-06-03T09:37:00Z,4306.70,4309.88,4306.70,4309.06,55,51
2026-06-03T09:38:00Z,4309.06,4309.78,4307.45,4309.33,59,63
2026-06-03T09:39:00Z,4309.33,4310.03,4305.54,4305.62,47,56
2026-06-03T09:40:00Z,4305.62,4308.10,4305.38,4305.38,42,71
2026-06-03T09:41:00Z,4305.38,4307.37,4304.74,4304.74,46,80
2026-06-03T09:42:00Z,4304.74,4308.91,4304.74,4308.91,49,51
2026-06-03T09:43:00Z,4308.91,4311.16,4306.88,4307.99,47,70
2026-06-03T09:44:00Z,4307.99,4310.74,4306.79,4310.74,53,74
2026-06-03T09:45:00Z,4310.74,4312.08,4310.40,4312.08,45,74
2026-06-03T09:46:00Z,4312.08,4312.34,4310.81,4311.31,45,56
2026-06-03T09:47:00Z,4311.31,4311.65,4308.56,4309.33,50,54
2026-06-03T09:48:00Z,4309.33,4309.33,4307.32,4307.66,43,50
2026-06-03T09:49:00Z,4307.66,4307.99,4304.08,4305.24,50,71
2026-06-03T09:50:00Z,4305.24,4305.24,4300.81,4301.06,52,76
2026-06-03T09:51:00Z,4301.06,4304.04,4300.14,4303.68,50,69
2026-06-03T09:52:00Z,4303.68,4305.94,4303.68,4305.68,53,62
2026-06-03T09:53:00Z,4305.68,4305.95,4303.17,4304.24,48,54
2026-06-03T09:54:00Z,4304.24,4304.24,4298.75,4298.75,44,66
2026-06-03T09:55:00Z,4298.75,4302.10,4298.70,4301.21,45,80
2026-06-03T09:56:00Z,4301.21,4302.13,4297.56,4298.86,49,59
2026-06-03T09:57:00Z,4298.86,4299.39,4295.92,4295.92,38,63
2026-06-03T09:58:00Z,4295.92,4296.86,4293.34,4293.84,35,65
2026-06-03T09:59:00Z,4293.84,4297.30,4293.70,4296.82,46,77
2026-06-03T10:00:00Z,4296.82,4297.93,4296.34,4297.17,40,50
2026-06-03T10:01:00Z,4297.17,4297.17,4294.73,4295.61,38,77
2026-06-03T10:02:00Z,4295.61,4298.65,4294.44,4298.65,40,62
2026-06-03T10:03:00Z,4298.65,4300.16,4298.29,4300.16,49,71
2026-06-03T10:04:00Z,4300.16,4300.56,4299.10,4299.27,41,71
2026-06-03T10:05:00Z,4299.27,4300.10,4297.30,4297.99,47,53
2026-06-03T10:06:00Z,4297.99,4298.54,4296.37,4298.24,36,59
2026-06-03T10:07:00Z,4298.24,4298.24,4288.86,4288.86,39,52
2026-06-03T10:08:00Z,4288.86,4292.83,4288.86,4292.83,33,53
2026-06-03T10:09:00Z,4292.83,4292.83,4286.74,4288.47,45,62
2026-06-03T10:10:00Z,4288.47,4288.47,4283.69,4284.79,44,62
2026-06-03T10:11:00Z,4284.79,4285.77,4283.75,4284.57,32,53
2026-06-03T10:12:00Z,4284.57,4285.26,4282.78,4284.66,38,75
2026-06-03T10:13:00Z,4284.66,4285.96,4283.39,4284.95,39,79
2026-06-03T10:14:00Z,4284.95,4285.41,4280.95,4282.43,34,60
2026-06-03T10:15:00Z,4282.43,4283.26,4280.84,4282.48,36,80
2026-06-03T10:16:00Z,4282.48,4285.26,4282.48,4285.26,41,75
2026-06-03T10:17:00Z,4285.26,4286.81,4284.97,4286.14,31,52
2026-06-03T10:18:00Z,4286.14,4291.59,4286.14,4290.11,33,62
2026-06-03T10:19:00Z,4290.11,4291.54,4289.94,4290.56,41,55
2026-06-03T10:20:00Z,4290.56,4294.14,4290.56,4293.01,41,78
2026-06-03T10:21:00Z,4293.01,4293.01,4288.43,4288.45,40,52
2026-06-03T10:22:00Z,4288.45,4288.98,4287.13,4288.98,41,77
2026-06-03T10:23:00Z,4288.98,4289.75,4286.43,4289.23,44,65
2026-06-03T10:24:00Z,4289.23,4291.81,4288.38,4290.61,32,71
2026-06-03T10:25:00Z,4290.61,4292.62,4289.70,4289.96,41,59
2026-06-03T10:26:00Z,4289.96,4289.96,4288.08,4289.73,29,73
2026-06-03T10:27:00Z,4289.73,4289.99,4288.51,4288.97,32,63
2026-06-03T10:28:00Z,4288.97,4288.97,4286.84,4286.84,34,70
2026-06-03T10:29:00Z,4286.84,4288.25,4285.51,4286.16,31,57
2026-06-03T10:30:00Z,4286.16,4286.16,4283.80,4284.96,38,56
2026-06-03T10:31:00Z,4284.96,4287.79,4283.44,4285.73,28,61
2026-06-03T10:32:00Z,4285.73,4291.77,4285.73,4291.38,35,73
2026-06-03T10:33:00Z,4291.38,4291.56,4289.86,4291.56,27,53
2026-06-03T10:34:00Z,4291.56,4292.55,4290.64,4290.64,43,64
2026-06-03T10:35:00Z,4290.64,4290.64,4286.43,4287.44,43,78
2026-06-03T10:36:00Z,4287.44,4287.44,4284.05,4284.05,30,61
2026-06-03T10:37:00Z,4284.05,4285.08,4283.37,4285.08,28,74
2026-06-03T10:38:00Z,4285.08,4288.45,4284.13,4288.37,27,57
2026-06-03T10:39:00Z,4288.37,4293.19,4288.37,4293.19,28,80
2026-06-03T10:40:00Z,4293.19,4293.19,4290.85,4292.58,33,72
2026-06-03T10:41:00Z,4292.58,4294.53,4292.10,4294.53,30,56
2026-06-03T10:42:00Z,4294.53,4294.53,4290.04,4291.52,30,50
2026-06-03T10:43:00Z,4291.52,4295.76,4291.52,4295.75,35,60
2026-06-03T10:44:00Z,4295.75,4295.90,4294.39,4294.98,33,62
2026-06-03T10:45:00Z,4294.98,4294.98,4292.53,4292.53,38,51
2026-06-03T10:46:00Z,4292.53,4295.84,4292.43,4295.84,28,57
2026-06-03T10:47:00Z,4295.84,4295.84,4293.47,4293.49,40,72
2026-06-03T10:48:00Z,4293.49,4295.39,4290.85,4295.39,34,80
2026-06-03T10:49:00Z,4295.39,4297.66,4295.34,4297.66,33,63
2026-06-03T10:50:00Z,4297.66,4297.66,4295.26,4297.12,37,78
2026-06-03T10:51:00Z,4297.12,4298.54,4295.47,4297.51,32,72
2026-06-03T10:52:00Z,4297.51,4297.51,4292.73,4294.55,37,68
2026-06-03T10:53:00Z,4294.55,4294.73,4292.28,4293.08,28,57
2026-06-03T10:54:00Z,4293.08,4294.36,4291.83,4293.12,28,53
2026-06-03T10:55:00Z,4293.12,4293.19,4288.71,4292.95,29,68
2026-06-03T10:56:00Z,4292.95,4295.80,4292.95,4295.07,26,80
2026-06-03T10:57:00Z,4295.07,4295.92,4294.29,4294.60,32,54
2026-06-03T10:58:00Z,4294.60,4296.16,4293.37,4294.46,33,75
2026-06-03T10:59:00Z,4294.46,4298.14,4294.46,4298.14,35,70
2026-06-03T11:00:00Z,4298.14,4300.56,4298.11,4299.63,32,54
2026-06-03T11:01:00Z,4299.63,4299.63,4295.14,4296.13,29,51
2026-06-03T11:02:00Z,4296.13,4296.94,4293.89,4296.94,28,53
2026-06-03T11:03:00Z,4296.94,4301.13,4296.94,4297.01,28,58
2026-06-03T11:04:00Z,4297.01,4298.06,4293.12,4293.81,41,66
2026-06-03T11:05:00Z,4293.81,4295.58,4292.65,4294.63,35,76
2026-06-03T11:06:00Z,4294.63,4294.63,4291.71,4294.49,34,63
2026-06-03T11:07:00Z,4294.49,4295.04,4292.10,4292.95,30,66
2026-06-03T11:08:00Z,4292.95,4292.95,4289.19,4290.65,31,56
2026-06-03T11:09:00Z,4290.65,4291.51,4289.41,4290.61,33,76
2026-06-03T11:10:00Z,4290.61,4291.53,4289.22,4291.53,41,53
2026-06-03T11:11:00Z,4291.53,4291.57,4287.68,4287.68,36,76
2026-06-03T11:12:00Z,4287.68,4293.53,4287.68,4293.53,41,77
2026-06-03T11:13:00Z,4293.53,4295.01,4292.86,4292.89,33,66
2026-06-03T11:14:00Z,4292.89,4293.83,4292.28,4293.26,36,55
2026-06-03T11:15:00Z,4293.26,4294.16,4292.31,4294.16,30,70
2026-06-03T11:16:00Z,4294.16,4294.52,4289.88,4290.19,39,70
2026-06-03T11:17:00Z,4290.19,4291.31,4289.50,4290.23,32,80
2026-06-03T11:18:00Z,4290.23,4294.41,4290.23,4294.41,32,73
2026-06-03T11:19:00Z,4294.41,4296.14,4291.05,4296.14,39,56
2026-06-03T11:20:00Z,4296.14,4297.50,4293.54,4295.41,41,64
2026-06-03T11:21:00Z,4295.41,4297.53,4294.82,4295.16,38,51
2026-06-03T11:22:00Z,4295.16,4296.18,4293.79,4294.49,28,67
2026-06-03T11:23:00Z,4294.49,4294.49,4289.62,4290.01,26,71
2026-06-03T11:24:00Z,4290.01,4290.01,4285.74,4286.19,37,62
2026-06-03T11:25:00Z,4286.19,4289.53,4286.19,4288.61,31,76
2026-06-03T11:26:00Z,4288.61,4289.81,4287.27,4287.27,37,62
2026-06-03T11:27:00Z,4287.27,4290.26,4286.70,4290.26,29,76
2026-06-03T11:28:00Z,4290.26,4291.90,4289.81,4291.90,32,69
2026-06-03T11:29:00Z,4291.90,4291.90,4288.51,4288.93,43,58
2026-06-03T11:30:00Z,4288.93,4290.40,4287.79,4290.40,36,63
2026-06-03T11:31:00Z,4290.40,4290.40,4287.54,4288.97,31,58
2026-06-03T11:32:00Z,4288.97,4290.91,4288.90,4290.84,34,64
2026-06-03T11:33:00Z,4290.84,4290.84,4286.92,4287.55,43,57
2026-06-03T11:34:00Z,4287.55,4289.95,4287.55,4288.27,37,72
2026-06-03T11:35:00Z,4288.27,4288.70,4283.69,4283.69,39,64
2026-06-03T11:36:00Z,4283.69,4285.67,4283.19,4283.19,32,71
2026-06-03T11:37:00Z,4283.19,4283.19,4276.21,4276.21,30,74
2026-06-03T11:38:00Z,4276.21,4277.77,4276.21,4277.01,43,52
2026-06-03T11:39:00Z,4277.01,4281.47,4277.01,4281.47,35,79
2026-06-03T11:40:00Z,4281.47,4282.71,4281.05,4281.80,30,56
2026-06-03T11:41:00Z,4281.80,4284.29,4281.76,4283.12,31,54
2026-06-03T11:42:00Z,4283.12,4283.35,4279.42,4281.86,33,72
2026-06-03T11:43:00Z,4281.86,4281.86,4278.17,4279.13,37,55
2026-06-03T11:44:00Z,4279.13,4280.72,4278.09,4280.43,33,51
2026-06-03T11:45:00Z,4280.43,4281.30,4278.55,4279.49,35,75
2026-06-03T11:46:00Z,4279.49,4279.49,4275.36,4276.50,44,57
2026-06-03T11:47:00Z,4276.50,4277.33,4273.12,4273.32,33,57
2026-06-03T11:48:00Z,4273.32,4277.52,4273.32,4276.09,37,52
2026-06-03T11:49:00Z,4276.09,4276.09,4273.86,4274.74,39,60
2026-06-03T11:50:00Z,4274.74,4274.74,4269.77,4269.89,32,78
2026-06-03T11:51:00Z,4269.89,4271.47,4267.17,4267.17,33,51
2026-06-03T11:52:00Z,4267.17,4268.17,4265.99,4267.35,45,66
2026-06-03T11:53:00Z,4267.35,4270.97,4266.95,4270.58,37,51
2026-06-03T11:54:00Z,4270.58,4271.49,4269.30,4269.30,38,63
2026-06-03T11:55:00Z,4269.30,4270.47,4266.31,4266.68,38,58
2026-06-03T11:56:00Z,4266.68,4269.77,4266.68,4268.92,35,69
2026-06-03T11:57:00Z,4268.92,4270.49,4267.45,4270.29,47,54
2026-06-03T11:58:00Z,4270.29,4272.67,4270.29,4271.78,46,62
2026-06-03T11:59:00Z,4271.78,4273.46,4269.94,4269.94,34,67
2026-06-03T12:00:00Z,4269.94,4269.94,4268.14,4268.62,42,65
2026-06-03T12:01:00Z,4268.62,4269.43,4263.93,4264.58,38,56
2026-06-03T12:02:00Z,4264.58,4269.12,4264.58,4268.87,40,63
2026-06-03T12:03:00Z,4268.87,4271.58,4268.68,4271.32,36,53
2026-06-03T12:04:00Z,4271.32,4275.89,4271.14,4275.37,50,65
2026-06-03T12:05:00Z,4275.37,4276.26,4274.63,4276.10,46,53
2026-06-03T12:06:00Z,4276.10,4277.39,4276.02,4276.02,45,64
2026-06-03T12:07:00Z,4276.02,4279.85,4276.02,4279.71,50,72
2026-06-03T12:08:00Z,4279.71,4281.68,4278.33,4281.68,44,75
2026-06-03T12:09:00Z,4281.68,4284.42,4281.44,4284.42,49,60
2026-06-03T12:10:00Z,4284.42,4284.42,4281.86,4282.44,47,69
2026-06-03T12:11:00Z,4282.44,4282.60,4280.09,4281.39,45,72
2026-06-03T12:12:00Z,4281.39,4287.78,4279.97,4287.78,52,59
2026-06-03T12:13:00Z,4287.78,4288.01,4284.55,4284.55,47,62
2026-06-03T12:14:00Z,4284.55,4285.81,4283.91,4284.88,51,50
2026-06-03T12:15:00Z,4284.88,4289.00,4284.88,4287.64,48,77
2026-06-03T12:16:00Z,4287.64,4288.93,4285.94,4288.93,48,62
2026-06-03T12:17:00Z,4288.93,4293.87,4288.93,4293.42,48,66
2026-06-03T12:18:00Z,4293.42,4294.28,4291.55,4293.90,50,74
2026-06-03T12:19:00Z,4293.90,4293.90,4292.64,4292.69,47,73
2026-06-03T12:20:00Z,4292.69,4293.35,4289.75,4290.41,51,74
2026-06-03T12:21:00Z,4290.41,4290.91,4288.22,4288.28,53,66
2026-06-03T12:22:00Z,4288.28,4290.45,4286.90,4289.43,55,58
2026-06-03T12:23:00Z,4289.43,4292.25,4289.43,4292.25,50,59
2026-06-03T12:24:00Z,4292.25,4292.25,4290.58,4291.54,48,69
2026-06-03T12:25:00Z,4291.54,4291.88,4288.73,4288.90,51,73
2026-06-03T12:26:00Z,4288.90,4293.24,4288.05,4292.25,60,76
2026-06-03T12:27:00Z,4292.25,4292.57,4288.96,4290.55,58,56
2026-06-03T12:28:00Z,4290.55,4291.27,4289.53,4289.91,60,69
2026-06-03T12:29:00Z,4289.91,4290.84,4288.88,4289.18,49,74
2026-06-03T12:30:00Z,4289.18,4289.18,4284.20,4285.67,55,67
2026-06-03T12:31:00Z,4285.67,4286.27,4281.92,4285.51,61,54
2026-06-03T12:32:00Z,4285.51,4286.67,4284.96,4285.73,60,56
2026-06-03T12:33:00Z,4285.73,4287.84,4284.70,4287.49,59,61
2026-06-03T12:34:00Z,4287.49,4287.81,4284.64,4287.81,61,68
2026-06-03T12:35:00Z,4287.81,4287.81,4285.05,4285.47,54,63
2026-06-03T12:36:00Z,4285.47,4286.94,4285.03,4285.19,57,53
2026-06-03T12:37:00Z,4285.19,4285.19,4282.36,4282.36,62,60
2026-06-03T12:38:00Z,4282.36,4282.36,4276.95,4277.29,61,67
2026-06-03T12:39:00Z,4277.29,4278.25,4276.21,4277.76,57,60
2026-06-03T12:40:00Z,4277.76,4281.26,4276.59,4278.97,53,58
2026-06-03T12:41:00Z,4278.97,4279.36,4275.66,4276.53,64,65
2026-06-03T12:42:00Z,4276.53,4279.53,4273.80,4279.53,69,66
2026-06-03T12:43:00Z,4279.53,4279.53,4275.97,4277.39,64,56
2026-06-03T12:44:00Z,4277.39,4277.59,4272.60,4272.60,63,61
2026-06-03T12:45:00Z,4272.60,4272.84,4270.48,4270.48,70,63
2026-06-03T12:46:00Z,4270.48,4271.35,4269.68,4270.42,59,51
2026-06-03T12:47:00Z,4270.42,4270.42,4264.21,4264.81,62,62
2026-06-03T12:48:00Z,4264.81,4264.81,4260.04,4260.07,56,70
2026-06-03T12:49:00Z,4260.07,4265.97,4260.07,4265.97,71,55
2026-06-03T12:50:00Z,4265.97,4268.04,4265.33,4268.04,67,69
2026-06-03T12:51:00Z,4268.04,4269.46,4267.94,4268.00,60,59
2026-06-03T12:52:00Z,4268.00,4272.17,4268.00,4271.70,73,72
2026-06-03T12:53:00Z,4271.70,4277.55,4271.70,4276.62,74,77
2026-06-03T12:54:00Z,4276.62,4279.96,4276.62,4279.96,64,66
2026-06-03T12:55:00Z,4279.96,4281.14,4275.05,4275.05,66,56
2026-06-03T12:56:00Z,4275.05,4275.80,4271.47,4272.21,67,74
2026-06-03T12:57:00Z,4272.21,4273.43,4271.96,4273.43,64,51
2026-06-03T12:58:00Z,4273.43,4274.95,4270.96,4270.96,68,65
2026-06-03T12:59:00Z,4270.96,4271.09,4268.90,4271.09,66,67
2026-06-03T13:00:00Z,4271.09,4271.09,4267.04,4268.08,74,54
2026-06-03T13:01:00Z,4268.08,4268.08,4266.78,4267.13,73,59
2026-06-03T13:02:00Z,4267.13,4268.73,4267.13,4268.55,79,79
2026-06-03T13:03:00Z,4268.55,4268.74,4265.81,4267.03,72,76
2026-06-03T13:04:00Z,4267.03,4268.24,4265.24,4265.24,74,60
2026-06-03T13:05:00Z,4265.24,4267.24,4263.98,4264.72,69,52
2026-06-03T13:06:00Z,4264.72,4264.72,4261.18,4263.50,83,80
2026-06-03T13:07:00Z,4263.50,4263.50,4261.42,4261.48,79,52
2026-06-03T13:08:00Z,4261.48,4261.48,4259.64,4259.73,85,76
2026-06-03T13:09:00Z,4259.73,4259.73,4255.52,4258.63,77,80
2026-06-03T13:10:00Z,4258.63,4258.63,4256.26,4256.95,85,67
2026-06-03T13:11:00Z,4256.95,4259.90,4256.90,4256.90,72,60
2026-06-03T13:12:00Z,4256.90,4257.21,4253.47,4253.47,74,64
2026-06-03T13:13:00Z,4253.47,4254.08,4251.27,4251.37,85,58
2026-06-03T13:14:00Z,4251.37,4251.37,4248.08,4248.08,82,51
2026-06-03T13:15:00Z,4248.08,4248.08,4245.36,4246.48,78,68
2026-06-03T13:16:00Z,4246.48,4249.00,4246.21,4246.37,85,58
2026-06-03T13:17:00Z,4246.37,4248.06,4246.37,4246.37,77,58
2026-06-03T13:18:00Z,4246.37,4246.81,4242.63,4242.63,92,77
2026-06-03T13:19:00Z,4242.63,4242.65,4239.89,4242.65,93,68
2026-06-03T13:20:00Z,4242.65,4244.79,4242.48,4243.99,78,79
2026-06-03T13:21:00Z,4243.99,4243.99,4240.07,4240.66,79,69
2026-06-03T13:22:00Z,4240.66,4242.85,4236.76,4236.76,81,59
2026-06-03T13:23:00Z,4236.76,4239.64,4236.76,4238.77,83,71
2026-06-03T13:24:00Z,4238.77,4239.16,4236.04,4236.92,92,61
2026-06-03T13:25:00Z,4236.92,4239.09,4236.40,4239.09,87,57
2026-06-03T13:26:00Z,4239.09,4240.29,4236.18,4236.18,89,78
2026-06-03T13:27:00Z,4236.18,4238.92,4235.89,4238.83,89,53
2026-06-03T13:28:00Z,4238.83,4239.97,4236.64,4238.30,99,52
2026-06-03T13:29:00Z,4238.30,4239.63,4236.27,4238.78,88,64
2026-06-03T13:30:00Z,4238.78,4241.71,4238.47,4241.71,92,55
2026-06-03T13:31:00Z,4241.71,4244.22,4240.45,4244.08,90,70
2026-06-03T13:32:00Z,4244.08,4245.58,4243.35,4244.17,90,57
2026-06-03T13:33:00Z,4244.17,4244.58,4243.19,4243.21,96,62
2026-06-03T13:34:00Z,4243.21,4244.00,4241.94,4242.09,94,79
2026-06-03T13:35:00Z,4242.09,4242.66,4239.21,4239.77,100,74
2026-06-03T13:36:00Z,4239.77,4244.13,4239.77,4244.13,96,70
2026-06-03T13:37:00Z,4244.13,4247.40,4243.18,4247.40,91,68
2026-06-03T13:38:00Z,4247.40,4251.44,4247.40,4251.07,97,67
2026-06-03T13:39:00Z,4251.07,4252.78,4250.92,4251.81,108,68
2026-06-03T13:40:00Z,4251.81,4256.00,4251.81,4254.70,106,73
2026-06-03T13:41:00Z,4254.70,4255.75,4254.38,4255.68,110,55
2026-06-03T13:42:00Z,4255.68,4255.68,4253.25,4254.98,102,56
2026-06-03T13:43:00Z,4254.98,4255.33,4253.53,4253.53,107,58
2026-06-03T13:44:00Z,4253.53,4254.93,4250.58,4254.93,112,67
2026-06-03T13:45:00Z,4254.93,4256.06,4254.41,4255.03,101,53
2026-06-03T13:46:00Z,4255.03,4255.40,4250.44,4250.44,99,52
2026-06-03T13:47:00Z,4250.44,4250.44,4246.76,4246.76,108,62
2026-06-03T13:48:00Z,4246.76,4249.39,4243.80,4244.47,112,55
2026-06-03T13:49:00Z,4244.47,4249.41,4244.47,4247.88,118,67
2026-06-03T13:50:00Z,4247.88,4247.88,4243.30,4243.73,118,51
2026-06-03T13:51:00Z,4243.73,4243.73,4240.63,4241.69,119,63
2026-06-03T13:52:00Z,4241.69,4243.49,4241.35,4243.49,107,65
2026-06-03T13:53:00Z,4243.49,4244.22,4240.24,4240.30,108,75
2026-06-03T13:54:00Z,4240.30,4242.39,4239.68,4240.89,115,63
2026-06-03T13:55:00Z,4240.89,4243.23,4240.89,4241.04,112,79
2026-06-03T13:56:00Z,4241.04,4244.96,4241.04,4244.96,114,63
2026-06-03T13:57:00Z,4244.96,4249.19,4244.96,4248.55,110,50
2026-06-03T13:58:00Z,4248.55,4253.67,4248.55,4253.67,120,57
2026-06-03T13:59:00Z,4253.67,4254.94,4249.39,4249.41,124,69
2026-06-04T08:00:00Z,4203.08,4203.08,4201.22,4201.99,126,198
2026-06-04T08:01:00Z,4201.99,4202.99,4200.73,4201.36,114,233
2026-06-04T08:02:00Z,4201.36,4201.48,4198.81,4201.48,116,152
2026-06-04T08:03:00Z,4201.48,4208.52,4201.48,4208.10,121,214
2026-06-04T08:04:00Z,4208.10,4210.08,4208.10,4208.27,117,152
2026-06-04T08:05:00Z,4208.27,4208.48,4205.00,4205.00,122,172
2026-06-04T08:06:00Z,4205.00,4205.68,4203.60,4204.62,115,187
2026-06-04T08:07:00Z,4204.62,4204.70,4200.69,4202.99,120,167
2026-06-04T08:08:00Z,4202.99,4205.37,4202.99,4203.18,120,160
2026-06-04T08:09:00Z,4203.18,4203.76,4199.63,4199.63,114,145
2026-06-04T08:10:00Z,4199.63,4199.63,4195.03,4196.70,115,102
2026-06-04T08:11:00Z,4196.70,4197.49,4195.65,4196.34,109,143
2026-06-04T08:12:00Z,4196.34,4196.34,4190.88,4194.29,107,94
2026-06-04T08:13:00Z,4194.29,4196.83,4193.50,4194.49,107,140
2026-06-04T08:14:00Z,4194.49,4194.95,4192.97,4194.33,104,116
2026-06-04T08:15:00Z,4194.33,4195.68,4192.64,4193.45,110,104
2026-06-04T08:16:00Z,4193.45,4195.57,4192.72,4195.57,113,118
2026-06-04T08:17:00Z,4195.57,4195.57,4193.51,4195.01,103,120
2026-06-04T08:18:00Z,4195.01,4195.42,4192.60,4195.42,110,82
2026-06-04T08:19:00Z,4195.42,4197.46,4195.42,4196.26,111,93
2026-06-04T08:20:00Z,4196.26,4196.33,4193.29,4195.41,99,71
2026-06-04T08:21:00Z,4195.41,4195.43,4193.62,4194.10,104,100
2026-06-04T08:22:00Z,4194.10,4196.81,4193.40,4193.40,105,88
2026-06-04T08:23:00Z,4193.40,4195.46,4191.42,4195.46,93,81
2026-06-04T08:24:00Z,4195.46,4197.43,4194.42,4197.43,98,93
2026-06-04T08:25:00Z,4197.43,4197.55,4193.25,4194.01,105,73
2026-06-04T08:26:00Z,4194.01,4201.49,4194.01,4201.49,103,71
2026-06-04T08:27:00Z,4201.49,4207.67,4201.35,4207.60,92,71
2026-06-04T08:28:00Z,4207.60,4209.80,4207.55,4207.55,103,87
2026-06-04T08:29:00Z,4207.55,4209.93,4207.55,4209.83,98,93
2026-06-04T08:30:00Z,4209.83,4209.83,4204.91,4206.32,94,59
2026-06-04T08:31:00Z,4206.32,4208.77,4205.64,4207.93,98,59
2026-06-04T08:32:00Z,4207.93,4207.96,4205.31,4206.23,96,60
2026-06-04T08:33:00Z,4206.23,4206.83,4203.80,4203.85,97,74
2026-06-04T08:34:00Z,4203.85,4206.23,4203.85,4204.62,94,71
2026-06-04T08:35:00Z,4204.62,4207.79,4203.93,4207.79,92,69
2026-06-04T08:36:00Z,4207.79,4210.23,4206.92,4209.21,82,60
2026-06-04T08:37:00Z,4209.21,4209.21,4206.38,4209.06,94,77
2026-06-04T08:38:00Z,4209.06,4209.80,4207.46,4209.80,94,78
2026-06-04T08:39:00Z,4209.80,4210.29,4207.14,4209.74,81,81
2026-06-04T08:40:00Z,4209.74,4210.97,4207.56,4207.56,81,63
2026-06-04T08:41:00Z,4207.56,4211.01,4207.31,4210.77,84,65
2026-06-04T08:42:00Z,4210.77,4212.57,4210.44,4210.88,91,63
2026-06-04T08:43:00Z,4210.88,4212.91,4210.88,4211.76,83,66
2026-06-04T08:44:00Z,4211.76,4214.65,4211.26,4214.65,77,84
2026-06-04T08:45:00Z,4214.65,4216.24,4214.02,4215.40,78,65
2026-06-04T08:46:00Z,4215.40,4216.34,4213.42,4213.76,75,82
2026-06-04T08:47:00Z,4213.76,4215.32,4213.29,4213.54,75,64
2026-06-04T08:48:00Z,4213.54,4216.64,4213.54,4216.59,86,80
2026-06-04T08:49:00Z,4216.59,4216.71,4210.31,4210.31,79,64
2026-06-04T08:50:00Z,4210.31,4210.71,4206.77,4206.77,70,62
2026-06-04T08:51:00Z,4206.77,4207.89,4202.77,4202.77,76,69
2026-06-04T08:52:00Z,4202.77,4204.00,4201.67,4202.34,80,79
2026-06-04T08:53:00Z,4202.34,4204.86,4202.31,4202.84,69,67
2026-06-04T08:54:00Z,4202.84,4202.84,4198.90,4200.63,71,68
2026-06-04T08:55:00Z,4200.63,4200.63,4198.52,4198.52,68,72
2026-06-04T08:56:00Z,4198.52,4200.79,4197.59,4197.59,74,60
2026-06-04T08:57:00Z,4197.59,4197.59,4192.06,4192.56,73,81
2026-06-04T08:58:00Z,4192.56,4194.50,4191.91,4192.79,66,73
2026-06-04T08:59:00Z,4192.79,4195.51,4192.79,4193.02,66,80
2026-06-04T09:00:00Z,4193.02,4193.02,4190.81,4191.81,80,69
2026-06-04T09:01:00Z,4191.81,4193.33,4190.59,4191.31,63,69
2026-06-04T09:02:00Z,4191.31,4192.09,4190.03,4191.48,63,53
2026-06-04T09:03:00Z,4191.48,4193.95,4189.55,4193.95,77,65
2026-06-04T09:04:00Z,4193.95,4195.99,4193.95,4194.52,61,68
2026-06-04T09:05:00Z,4194.52,4195.08,4191.80,4193.86,65,63
2026-06-04T09:06:00Z,4193.86,4198.04,4193.26,4197.62,73,53
2026-06-04T09:07:00Z,4197.62,4197.62,4192.23,4192.23,61,67
2026-06-04T09:08:00Z,4192.23,4196.33,4192.23,4194.98,65,68
2026-06-04T09:09:00Z,4194.98,4195.50,4193.75,4195.50,62,74
2026-06-04T09:10:00Z,4195.50,4196.63,4194.17,4194.82,57,72
2026-06-04T09:11:00Z,4194.82,4199.58,4193.57,4199.50,60,61
2026-06-04T09:12:00Z,4199.50,4202.17,4199.38,4199.42,67,76
2026-06-04T09:13:00Z,4199.42,4199.42,4196.12,4196.12,63,58
2026-06-04T09:14:00Z,4196.12,4196.87,4193.12,4196.75,58,52
2026-06-04T09:15:00Z,4196.75,4197.93,4196.01,4197.93,58,75
2026-06-04T09:16:00Z,4197.93,4203.42,4197.93,4203.19,55,72
2026-06-04T09:17:00Z,4203.19,4208.89,4203.19,4208.82,61,77
2026-06-04T09:18:00Z,4208.82,4210.84,4208.51,4209.44,64,72
2026-06-04T09:19:00Z,4209.44,4210.94,4209.33,4209.33,66,71
2026-06-04T09:20:00Z,4209.33,4210.52,4208.32,4210.34,59,79
2026-06-04T09:21:00Z,4210.34,4214.77,4210.34,4214.77,66,78
2026-06-04T09:22:00Z,4214.77,4214.77,4212.13,4212.77,65,56
2026-06-04T09:23:00Z,4212.77,4216.74,4212.77,4216.35,66,74
2026-06-04T09:24:00Z,4216.35,4216.95,4213.76,4214.54,66,69
2026-06-04T09:25:00Z,4214.54,4215.38,4213.47,4213.47,49,69
2026-06-04T09:26:00Z,4213.47,4213.63,4211.10,4212.82,53,75
2026-06-04T09:27:00Z,4212.82,4213.75,4208.13,4208.76,49,76
2026-06-04T09:28:00Z,4208.76,4214.10,4208.76,4214.10,53,72
2026-06-04T09:29:00Z,4214.10,4214.10,4210.79,4210.79,51,71
2026-06-04T09:30:00Z,4210.79,4213.57,4209.20,4209.20,52,54
2026-06-04T09:31:00Z,4209.20,4209.20,4205.98,4208.97,46,56
2026-06-04T09:32:00Z,4208.97,4208.97,4204.74,4206.25,58,72
2026-06-04T09:33:00Z,4206.25,4206.25,4199.72,4199.72,55,68
2026-06-04T09:34:00Z,4199.72,4199.72,4195.43,4195.43,49,63
2026-06-04T09:35:00Z,4195.43,4197.75,4195.26,4197.42,56,65
2026-06-04T09:36:00Z,4197.42,4198.23,4194.93,4196.04,55,64
2026-06-04T09:37:00Z,4196.04,4197.83,4196.04,4196.82,55,72
2026-06-04T09:38:00Z,4196.82,4196.82,4192.18,4192.78,51,71
2026-06-04T09:39:00Z,4192.78,4193.95,4191.35,4193.65,45,68
2026-06-04T09:40:00Z,4193.65,4197.85,4193.31,4195.79,54,56
2026-06-04T09:41:00Z,4195.79,4197.27,4195.25,4197.27,49,59
2026-06-04T09:42:00Z,4197.27,4197.27,4193.13,4194.39,43,74
2026-06-04T09:43:00Z,4194.39,4198.80,4193.70,4198.18,51,59
2026-06-04T09:44:00Z,4198.18,4199.02,4195.54,4197.60,45,51
2026-06-04T09:45:00Z,4197.60,4202.82,4197.39,4202.38,40,53
2026-06-04T09:46:00Z,4202.38,4203.93,4201.97,4202.96,50,55
2026-06-04T09:47:00Z,4202.96,4203.43,4201.48,4203.43,39,61
2026-06-04T09:48:00Z,4203.43,4204.47,4201.89,4203.59,45,77
2026-06-04T09:49:00Z,4203.59,4204.35,4203.03,4204.25,45,80
2026-06-04T09:50:00Z,4204.25,4204.25,4197.75,4199.04,43,80
2026-06-04T09:51:00Z,4199.04,4202.06,4198.35,4200.90,54,56
2026-06-04T09:52:00Z,4200.90,4200.90,4197.95,4199.20,51,76
2026-06-04T09:53:00Z,4199.20,4200.09,4198.21,4198.93,44,61
2026-06-04T09:54:00Z,4198.93,4202.35,4198.22,4202.35,40,76
2026-06-04T09:55:00Z,4202.35,4202.35,4198.86,4199.41,43,74
2026-06-04T09:56:00Z,4199.41,4201.38,4199.02,4199.02,40,52
2026-06-04T09:57:00Z,4199.02,4200.79,4196.37,4196.37,46,75
2026-06-04T09:58:00Z,4196.37,4199.47,4196.37,4199.04,47,57
2026-06-04T09:59:00Z,4199.04,4200.04,4197.53,4199.10,37,67
2026-06-04T10:00:00Z,4199.10,4199.10,4192.41,4192.41,42,73
2026-06-04T10:01:00Z,4192.41,4196.30,4192.41,4196.04,42,51
2026-06-04T10:02:00Z,4196.04,4197.53,4194.69,4196.36,40,70
2026-06-04T10:03:00Z,4196.36,4199.45,4195.94,4198.32,41,77
2026-06-04T10:04:00Z,4198.32,4201.43,4197.74,4201.31,34,50
2026-06-04T10:05:00Z,4201.31,4205.59,4201.31,4201.95,43,52
2026-06-04T10:06:00Z,4201.95,4202.87,4199.70,4199.97,38,73
2026-06-04T10:07:00Z,4199.97,4199.97,4196.24,4196.24,36,75
2026-06-04T10:08:00Z,4196.24,4197.05,4194.93,4197.05,48,72
2026-06-04T10:09:00Z,4197.05,4199.72,4197.05,4199.01,43,75
2026-06-04T10:10:00Z,4199.01,4200.95,4198.24,4199.47,39,54
2026-06-04T10:11:00Z,4199.47,4200.00,4197.38,4198.24,37,51
2026-06-04T10:12:00Z,4198.24,4198.78,4195.91,4197.99,45,80
2026-06-04T10:13:00Z,4197.99,4199.57,4197.61,4198.90,31,55
2026-06-04T10:14:00Z,4198.90,4199.91,4197.50,4199.36,36,65
2026-06-04T10:15:00Z,4199.36,4201.29,4198.17,4198.17,42,76
2026-06-04T10:16:00Z,4198.17,4201.30,4198.17,4201.15,33,67
2026-06-04T10:17:00Z,4201.15,4202.48,4197.56,4197.56,38,54
2026-06-04T10:18:00Z,4197.56,4199.21,4196.50,4199.21,42,55
2026-06-04T10:19:00Z,4199.21,4202.62,4199.21,4202.21,41,54
2026-06-04T10:20:00Z,4202.21,4204.65,4202.21,4204.65,41,54
2026-06-04T10:21:00Z,4204.65,4212.83,4204.65,4212.74,35,52
2026-06-04T10:22:00Z,4212.74,4216.39,4212.74,4214.57,34,66
2026-06-04T10:23:00Z,4214.57,4215.69,4214.12,4214.95,35,79
2026-06-04T10:24:00Z,4214.95,4218.77,4214.48,4216.68,41,50
2026-06-04T10:25:00Z,4216.68,4217.37,4215.86,4217.27,29,65
2026-06-04T10:26:00Z,4217.27,4217.27,4214.50,4214.64,30,75
2026-06-04T10:27:00Z,4214.64,4215.20,4212.43,4213.33,33,79
2026-06-04T10:28:00Z,4213.33,4216.84,4213.33,4214.90,31,75
2026-06-04T10:29:00Z,4214.90,4216.80,4214.90,4216.80,44,60
2026-06-04T10:30:00Z,4216.80,4216.80,4214.90,4214.96,31,63
2026-06-04T10:31:00Z,4214.96,4214.96,4210.49,4214.54,32,53
2026-06-04T10:32:00Z,4214.54,4215.75,4213.70,4214.80,43,79
2026-06-04T10:33:00Z,4214.80,4215.09,4213.42,4214.09,37,58
2026-06-04T10:34:00Z,4214.09,4214.09,4210.61,4212.49,42,52
2026-06-04T10:35:00Z,4212.49,4217.03,4211.83,4215.67,37,54
2026-06-04T10:36:00Z,4215.67,4219.25,4215.60,4218.30,33,52
2026-06-04T10:37:00Z,4218.30,4220.24,4218.30,4220.24,41,80
2026-06-04T10:38:00Z,4220.24,4220.58,4218.97,4220.58,30,50
2026-06-04T10:39:00Z,4220.58,4224.06,4220.58,4222.90,34,67
2026-06-04T10:40:00Z,4222.90,4225.98,4222.69,4224.96,33,69
2026-06-04T10:41:00Z,4224.96,4225.86,4224.04,4224.59,29,56
2026-06-04T10:42:00Z,4224.59,4225.46,4222.86,4224.27,34,70
2026-06-04T10:43:00Z,4224.27,4225.65,4222.89,4225.29,37,51
2026-06-04T10:44:00Z,4225.29,4227.84,4225.04,4225.79,27,70
2026-06-04T10:45:00Z,4225.79,4227.14,4223.94,4225.86,39,79
2026-06-04T10:46:00Z,4225.86,4225.86,4222.23,4222.28,40,53
2026-06-04T10:47:00Z,4222.28,4225.00,4222.28,4223.69,32,57
2026-06-04T10:48:00Z,4223.69,4223.69,4217.64,4220.12,28,73
2026-06-04T10:49:00Z,4220.12,4222.19,4220.12,4220.52,28,66
2026-06-04T10:50:00Z,4220.52,4221.82,4219.46,4221.21,36,54
2026-06-04T10:51:00Z,4221.21,4222.33,4219.57,4220.75,36,79
2026-06-04T10:52:00Z,4220.75,4221.33,4218.76,4219.44,25,72
2026-06-04T10:53:00Z,4219.44,4220.47,4218.22,4219.23,34,63
2026-06-04T10:54:00Z,4219.23,4219.23,4216.75,4217.45,27,62
2026-06-04T10:55:00Z,4217.45,4221.53,4217.45,4221.53,40,73
2026-06-04T10:56:00Z,4221.53,4222.13,4219.76,4219.76,29,59
2026-06-04T10:57:00Z,4219.76,4221.15,4218.36,4218.43,26,66
2026-06-04T10:58:00Z,4218.43,4219.13,4217.04,4217.04,32,56
2026-06-04T10:59:00Z,4217.04,4219.01,4215.63,4217.72,29,77
2026-06-04T11:00:00Z,4217.72,4218.05,4213.21,4213.21,27,55
2026-06-04T11:01:00Z,4213.21,4213.21,4210.70,4210.70,40,65
2026-06-04T11:02:00Z,4210.70,4212.68,4210.70,4212.28,27,74
2026-06-04T11:03:00Z,4212.28,4212.74,4210.42,4212.36,37,80
2026-06-04T11:04:00Z,4212.36,4218.46,4212.35,4218.46,26,60
2026-06-04T11:05:00Z,4218.46,4220.24,4217.87,4219.47,33,79
2026-06-04T11:06:00Z,4219.47,4223.99,4219.47,4223.99,25,55
2026-06-04T11:07:00Z,4223.99,4224.90,4223.59,4223.59,30,52
2026-06-04T11:08:00Z,4223.59,4225.35,4223.46,4224.28,32,50
2026-06-04T11:09:00Z,4224.28,4226.11,4224.27,4226.11,40,54
2026-06-04T11:10:00Z,4226.11,4229.24,4226.11,4229.24,29,59
2026-06-04T11:11:00Z,4229.24,4231.37,4229.24,4230.31,33,65
2026-06-04T11:12:00Z,4230.31,4230.33,4227.89,4229.38,28,63
2026-06-04T11:13:00Z,4229.38,4229.38,4227.25,4227.80,33,60
2026-06-04T11:14:00Z,4227.80,4227.86,4224.20,4224.20,31,67
2026-06-04T11:15:00Z,4224.20,4224.89,4221.50,4221.63,32,64
2026-06-04T11:16:00Z,4221.63,4222.04,4218.06,4218.47,28,55
2026-06-04T11:17:00Z,4218.47,4223.33,4218.02,4222.74,29,50
2026-06-04T11:18:00Z,4222.74,4228.45,4221.83,4227.72,38,77
2026-06-04T11:19:00Z,4227.72,4228.81,4224.78,4224.78,33,58
2026-06-04T11:20:00Z,4224.78,4224.78,4222.54,4222.54,40,60
2026-06-04T11:21:00Z,4222.54,4223.01,4221.44,4221.98,32,57
2026-06-04T11:22:00Z,4221.98,4221.98,4216.88,4216.92,33,66
2026-06-04T11:23:00Z,4216.92,4216.92,4208.74,4209.52,31,76
2026-06-04T11:24:00Z,4209.52,4210.04,4206.69,4207.01,33,76
2026-06-04T11:25:00Z,4207.01,4207.01,4202.84,4204.63,41,52
2026-06-04T11:26:00Z,4204.63,4205.80,4202.55,4202.55,36,68
2026-06-04T11:27:00Z,4202.55,4205.14,4201.70,4205.14,30,76
2026-06-04T11:28:00Z,4205.14,4205.14,4200.88,4200.88,33,60
2026-06-04T11:29:00Z,4200.88,4201.63,4195.75,4195.75,42,69
2026-06-04T11:30:00Z,4195.75,4201.28,4195.36,4199.32,36,67
2026-06-04T11:31:00Z,4199.32,4201.59,4198.79,4201.59,41,54
2026-06-04T11:32:00Z,4201.59,4203.54,4200.80,4200.84,28,72
2026-06-04T11:33:00Z,4200.84,4202.66,4200.84,4202.25,33,52
2026-06-04T11:34:00Z,4202.25,4206.47,4202.25,4204.07,39,80
2026-06-04T11:35:00Z,4204.07,4205.08,4202.28,4202.28,37,67
2026-06-04T11:36:00Z,4202.28,4203.48,4201.80,4203.23,36,54
2026-06-04T11:37:00Z,4203.23,4203.50,4200.24,4202.12,39,62
2026-06-04T11:38:00Z,4202.12,4203.33,4200.88,4200.94,45,52
2026-06-04T11:39:00Z,4200.94,4201.10,4196.76,4197.85,35,53
2026-06-04T11:40:00Z,4197.85,4198.22,4195.32,4196.65,40,76
2026-06-04T11:41:00Z,4196.65,4197.93,4196.17,4197.35,36,61
2026-06-04T11:42:00Z,4197.35,4198.46,4195.66,4196.09,44,68
2026-06-04T11:43:00Z,4196.09,4196.09,4192.22,4192.78,46,59
2026-06-04T11:44:00Z,4192.78,4195.58,4192.74,4194.46,44,58
2026-06-04T11:45:00Z,4194.46,4194.46,4192.76,4194.15,36,50
2026-06-04T11:46:00Z,4194.15,4197.28,4193.93,4197.28,45,62
2026-06-04T11:47:00Z,4197.28,4198.00,4196.32,4198.00,47,79
2026-06-04T11:48:00Z,4198.00,4200.70,4198.00,4200.70,43,71
2026-06-04T11:49:00Z,4200.70,4200.88,4198.72,4199.59,32,50
2026-06-04T11:50:00Z,4199.59,4201.05,4196.37,4196.37,34,64
2026-06-04T11:51:00Z,4196.37,4196.86,4193.09,4195.68,41,69
2026-06-04T11:52:00Z,4195.68,4196.14,4192.99,4193.39,44,70
2026-06-04T11:53:00Z,4193.39,4195.47,4192.14,4194.18,45,68
2026-06-04T11:54:00Z,4194.18,4194.34,4192.19,4192.63,33,74
2026-06-04T11:55:00Z,4192.63,4192.91,4188.16,4188.27,44,53
2026-06-04T11:56:00Z,4188.27,4189.06,4186.59,4187.99,48,77
2026-06-04T11:57:00Z,4187.99,4193.13,4187.99,4191.67,45,57
2026-06-04T11:58:00Z,4191.67,4191.67,4185.50,4186.17,49,72
2026-06-04T11:59:00Z,4186.17,4187.11,4181.02,4181.02,43,51
2026-06-04T12:00:00Z,4181.02,4184.46,4181.02,4184.46,43,60
2026-06-04T12:01:00Z,4184.46,4184.46,4181.01,4182.74,49,63
2026-06-04T12:02:00Z,4182.74,4182.74,4178.90,4178.90,47,58
2026-06-04T12:03:00Z,4178.90,4179.10,4174.73,4175.69,37,61
2026-06-04T12:04:00Z,4175.69,4179.76,4175.69,4177.99,43,53
2026-06-04T12:05:00Z,4177.99,4179.78,4176.56,4179.78,39,71
2026-06-04T12:06:00Z,4179.78,4179.94,4177.18,4178.18,46,65
2026-06-04T12:07:00Z,4178.18,4179.19,4176.04,4179.19,46,78
2026-06-04T12:08:00Z,4179.19,4179.19,4175.04,4175.04,41,63
2026-06-04T12:09:00Z,4175.04,4176.31,4174.46,4174.46,48,51
2026-06-04T12:10:00Z,4174.46,4179.15,4174.21,4176.37,41,66
2026-06-04T12:11:00Z,4176.37,4177.10,4174.25,4174.25,42,73
2026-06-04T12:12:00Z,4174.25,4174.45,4171.32,4172.82,49,74
2026-06-04T12:13:00Z,4172.82,4174.82,4171.93,4171.93,40,77
2026-06-04T12:14:00Z,4171.93,4178.45,4171.93,4178.30,40,70
2026-06-04T12:15:00Z,4178.30,4178.30,4174.50,4176.84,41,59
2026-06-04T12:16:00Z,4176.84,4177.98,4175.60,4176.05,57,54
2026-06-04T12:17:00Z,4176.05,4179.39,4176.05,4178.75,47,59
2026-06-04T12:18:00Z,4178.75,4181.59,4177.96,4180.81,55,56
2026-06-04T12:19:00Z,4180.81,4181.10,4178.05,4178.05,55,64
2026-06-04T12:20:00Z,4178.05,4182.31,4177.82,4182.20,57,61
2026-06-04T12:21:00Z,4182.20,4183.84,4181.61,4182.44,49,59
2026-06-04T12:22:00Z,4182.44,4184.09,4182.44,4183.77,46,79
2026-06-04T12:23:00Z,4183.77,4186.17,4182.27,4182.27,53,78
2026-06-04T12:24:00Z,4182.27,4182.27,4179.20,4179.48,59,79
2026-06-04T12:25:00Z,4179.48,4183.18,4179.48,4181.36,58,54
2026-06-04T12:26:00Z,4181.36,4185.37,4181.36,4183.24,57,64
2026-06-04T12:27:00Z,4183.24,4183.89,4181.87,4183.62,60,71
2026-06-04T12:28:00Z,4183.62,4183.62,4179.09,4179.09,56,51
2026-06-04T12:29:00Z,4179.09,4181.73,4179.09,4180.52,61,63
2026-06-04T12:30:00Z,4180.52,4182.18,4179.70,4182.18,58,62
2026-06-04T12:31:00Z,4182.18,4184.80,4181.37,4184.80,54,74
2026-06-04T12:32:00Z,4184.80,4184.80,4182.39,4182.39,63,58
2026-06-04T12:33:00Z,4182.39,4182.39,4179.70,4180.86,48,69
2026-06-04T12:34:00Z,4180.86,4184.18,4180.86,4182.14,62,51
2026-06-04T12:35:00Z,4182.14,4185.00,4182.14,4183.60,59,80
2026-06-04T12:36:00Z,4183.60,4183.60,4179.16,4179.72,53,59
2026-06-04T12:37:00Z,4179.72,4182.41,4178.96,4182.09,55,58
2026-06-04T12:38:00Z,4182.09,4185.34,4181.70,4184.69,64,54
2026-06-04T12:39:00Z,4184.69,4184.77,4180.77,4181.28,56,78
2026-06-04T12:40:00Z,4181.28,4184.71,4181.28,4184.46,55,64
2026-06-04T12:41:00Z,4184.46,4185.08,4180.94,4180.94,59,62
2026-06-04T12:42:00Z,4180.94,4181.23,4177.98,4177.98,54,60
2026-06-04T12:43:00Z,4177.98,4181.10,4177.28,4180.41,65,50
2026-06-04T12:44:00Z,4180.41,4186.30,4180.41,4185.31,58,58
2026-06-04T12:45:00Z,4185.31,4185.75,4183.38,4184.95,60,72
2026-06-04T12:46:00Z,4184.95,4184.95,4179.38,4179.38,69,52
2026-06-04T12:47:00Z,4179.38,4183.83,4178.59,4183.83,60,54
2026-06-04T12:48:00Z,4183.83,4188.28,4183.00,4188.28,58,72
2026-06-04T12:49:00Z,4188.28,4189.43,4187.03,4187.03,60,64
2026-06-04T12:50:00Z,4187.03,4190.59,4187.03,4187.56,65,75
2026-06-04T12:51:00Z,4187.56,4189.92,4186.13,4187.67,63,50
2026-06-04T12:52:00Z,4187.67,4189.27,4183.62,4183.62,60,70
2026-06-04T12:53:00Z,4183.62,4184.61,4182.57,4184.61,59,58
2026-06-04T12:54:00Z,4184.61,4184.61,4181.86,4182.37,67,56
2026-06-04T12:55:00Z,4182.37,4186.79,4182.30,4186.14,66,63
2026-06-04T12:56:00Z,4186.14,4186.65,4184.77,4184.77,71,80
2026-06-04T12:57:00Z,4184.77,4186.57,4184.77,4186.16,77,76
2026-06-04T12:58:00Z,4186.16,4187.39,4185.14,4187.17,65,78
2026-06-04T12:59:00Z,4187.17,4187.17,4185.64,4186.28,73,71
2026-06-04T13:00:00Z,4186.28,4187.17,4185.43,4187.17,78,72
2026-06-04T13:01:00Z,4187.17,4189.71,4186.28,4189.39,80,62
2026-06-04T13:02:00Z,4189.39,4192.13,4189.27,4191.38,76,59
2026-06-04T13:03:00Z,4191.38,4194.45,4189.78,4193.08,66,56
2026-06-04T13:04:00Z,4193.08,4193.08,4189.23,4189.76,74,68
2026-06-04T13:05:00Z,4189.76,4189.76,4186.20,4187.24,69,63
2026-06-04T13:06:00Z,4187.24,4187.30,4184.43,4187.00,80,50
2026-06-04T13:07:00Z,4187.00,4188.29,4185.30,4185.71,83,59
2026-06-04T13:08:00Z,4185.71,4186.51,4184.03,4185.18,70,63
2026-06-04T13:09:00Z,4185.18,4186.97,4184.24,4185.04,85,52
2026-06-04T13:10:00Z,4185.04,4186.36,4184.29,4184.29,70,51
2026-06-04T13:11:00Z,4184.29,4186.53,4183.69,4185.35,85,52
2026-06-04T13:12:00Z,4185.35,4187.76,4184.72,4186.24,80,64
2026-06-04T13:13:00Z,4186.24,4186.72,4183.22,4184.22,86,50
2026-06-04T13:14:00Z,4184.22,4188.98,4183.88,4188.69,78,67
2026-06-04T13:15:00Z,4188.69,4188.79,4185.29,4188.79,86,71
2026-06-04T13:16:00Z,4188.79,4189.87,4188.05,4189.01,86,78
2026-06-04T13:17:00Z,4189.01,4191.58,4188.60,4188.97,86,61
2026-06-04T13:18:00Z,4188.97,4192.37,4188.97,4190.35,92,72
2026-06-04T13:19:00Z,4190.35,4194.21,4190.35,4194.21,87,69
2026-06-04T13:20:00Z,4194.21,4195.53,4193.21,4194.34,87,77
2026-06-04T13:21:00Z,4194.34,4194.37,4192.76,4193.49,78,64
2026-06-04T13:22:00Z,4193.49,4196.68,4193.19,4195.55,89,50
2026-06-04T13:23:00Z,4195.55,4195.55,4192.29,4194.06,94,80
2026-06-04T13:24:00Z,4194.06,4195.30,4192.79,4194.39,91,70
2026-06-04T13:25:00Z,4194.39,4195.90,4193.59,4194.20,97,79
2026-06-04T13:26:00Z,4194.20,4196.62,4194.20,4195.11,94,67
2026-06-04T13:27:00Z,4195.11,4197.08,4194.57,4195.44,92,59
2026-06-04T13:28:00Z,4195.44,4197.15,4195.35,4196.72,86,79
2026-06-04T13:29:00Z,4196.72,4197.98,4195.09,4195.09,93,74
2026-06-04T13:30:00Z,4195.09,4198.16,4195.09,4195.86,100,61
2026-06-04T13:31:00Z,4195.86,4196.46,4194.77,4196.46,90,53
2026-06-04T13:32:00Z,4196.46,4196.46,4194.81,4195.03,94,66
2026-06-04T13:33:00Z,4195.03,4195.20,4192.05,4192.05,95,61
2026-06-04T13:34:00Z,4192.05,4192.05,4188.51,4190.13,101,68
2026-06-04T13:35:00Z,4190.13,4192.18,4189.60,4191.21,99,51
2026-06-04T13:36:00Z,4191.21,4193.13,4191.18,4192.80,91,60
2026-06-04T13:37:00Z,4192.80,4194.67,4192.80,4193.43,98,56
2026-06-04T13:38:00Z,4193.43,4193.43,4188.30,4188.80,103,78
2026-06-04T13:39:00Z,4188.80,4190.46,4187.48,4189.90,105,61
2026-06-04T13:40:00Z,4189.90,4191.66,4189.90,4189.94,94,56
2026-06-04T13:41:00Z,4189.94,4192.45,4189.94,4191.49,95,59
2026-06-04T13:42:00Z,4191.49,4194.61,4190.69,4191.82,111,79
2026-06-04T13:43:00Z,4191.82,4193.31,4190.93,4190.93,104,61
2026-06-04T13:44:00Z,4190.93,4192.35,4188.54,4188.54,112,74
2026-06-04T13:45:00Z,4188.54,4192.68,4188.38,4192.37,107,54
2026-06-04T13:46:00Z,4192.37,4192.37,4188.99,4188.99,106,53
2026-06-04T13:47:00Z,4188.99,4189.41,4185.91,4187.68,116,74
2026-06-04T13:48:00Z,4187.68,4187.68,4184.31,4185.60,110,63
2026-06-04T13:49:00Z,4185.60,4186.40,4184.29,4184.29,114,52
2026-06-04T13:50:00Z,4184.29,4185.14,4182.25,4184.88,106,57
2026-06-04T13:51:00Z,4184.88,4192.07,4184.88,4192.02,120,60
2026-06-04T13:52:00Z,4192.02,4192.02,4189.86,4191.16,107,58
2026-06-04T13:53:00Z,4191.16,4193.68,4190.94,4192.66,114,59
2026-06-04T13:54:00Z,4192.66,4194.58,4192.66,4193.86,106,79
2026-06-04T13:55:00Z,4193.86,4194.13,4191.09,4191.09,113,61
2026-06-04T13:56:00Z,4191.09,4194.04,4190.25,4190.25,116,57
2026-06-04T13:57:00Z,4190.25,4192.40,4190.25,4191.61,117,50
2026-06-04T13:58:00Z,4191.61,4191.84,4190.08,4190.83,118,65
2026-06-04T13:59:00Z,4190.83,4191.31,4189.83,4190.32,123,75
2026-06-05T08:00:00Z,4203.24,4203.24,4201.58,4202.36,120,237
2026-06-05T08:01:00Z,4202.36,4203.29,4201.27,4203.03,118,169
2026-06-05T08:02:00Z,4203.03,4204.05,4201.33,4203.70,122,229
2026-06-05T08:03:00Z,4203.70,4205.40,4203.70,4203.91,113,166
2026-06-05T08:04:00Z,4203.91,4203.91,4200.23,4202.30,112,137
2026-06-05T08:05:00Z,4202.30,4202.42,4198.04,4198.21,118,164
2026-06-05T08:06:00Z,4198.21,4202.08,4198.21,4202.08,120,124
2026-06-05T08:07:00Z,4202.08,4204.03,4201.61,4204.03,110,145
2026-06-05T08:08:00Z,4204.03,4205.39,4203.31,4203.31,114,130
2026-06-05T08:09:00Z,4203.31,4203.99,4200.87,4201.92,113,126
2026-06-05T08:10:00Z,4201.92,4203.07,4200.56,4202.69,103,149
2026-06-05T08:11:00Z,4202.69,4202.69,4199.44,4201.13,114,137
2026-06-05T08:12:00Z,4201.13,4204.15,4199.40,4202.21,102,139
2026-06-05T08:13:00Z,4202.21,4203.23,4201.52,4202.41,108,106
2026-06-05T08:14:00Z,4202.41,4203.26,4200.98,4202.43,108,131
2026-06-05T08:15:00Z,4202.43,4204.31,4202.43,4204.31,104,109
2026-06-05T08:16:00Z,4204.31,4204.86,4201.95,4203.60,107,112
2026-06-05T08:17:00Z,4203.60,4209.52,4203.60,4208.77,109,110
2026-06-05T08:18:00Z,4208.77,4211.70,4207.15,4210.95,103,119
2026-06-05T08:19:00Z,4210.95,4214.04,4209.96,4212.84,106,89
2026-06-05T08:20:00Z,4212.84,4213.75,4210.23,4210.23,95,74
2026-06-05T08:21:00Z,4210.23,4210.68,4205.81,4207.30,99,94
2026-06-05T08:22:00Z,4207.30,4212.72,4206.72,4211.08,105,87
2026-06-05T08:23:00Z,4211.08,4211.08,4206.91,4207.23,96,77
2026-06-05T08:24:00Z,4207.23,4207.23,4204.84,4205.61,97,97
2026-06-05T08:25:00Z,4205.61,4208.14,4205.09,4207.19,94,80
2026-06-05T08:26:00Z,4207.19,4207.35,4204.33,4206.64,89,94
2026-06-05T08:27:00Z,4206.64,4206.64,4204.16,4204.41,91,83
2026-06-05T08:28:00Z,4204.41,4204.41,4201.00,4201.85,99,80
2026-06-05T08:29:00Z,4201.85,4206.24,4201.85,4206.24,94,95
2026-06-05T08:30:00Z,4206.24,4206.52,4202.50,4202.50,99,60
2026-06-05T08:31:00Z,4202.50,4203.11,4199.04,4200.17,97,62
2026-06-05T08:32:00Z,4200.17,4200.17,4198.22,4198.89,91,58
2026-06-05T08:33:00Z,4198.89,4198.89,4195.46,4195.46,93,64
2026-06-05T08:34:00Z,4195.46,4196.53,4194.35,4195.39,95,71
2026-06-05T08:35:00Z,4195.39,4195.96,4193.72,4193.72,88,68
2026-06-05T08:36:00Z,4193.72,4195.21,4192.56,4195.21,95,60
2026-06-05T08:37:00Z,4195.21,4195.21,4192.96,4194.39,81,68
2026-06-05T08:38:00Z,4194.39,4196.10,4193.51,4193.51,81,68
2026-06-05T08:39:00Z,4193.51,4196.24,4193.09,4196.04,94,72
2026-06-05T08:40:00Z,4196.04,4196.04,4194.11,4194.77,84,77
2026-06-05T08:41:00Z,4194.77,4197.10,4194.22,4197.10,81,77
2026-06-05T08:42:00Z,4197.10,4197.16,4194.60,4196.04,83,81
2026-06-05T08:43:00Z,4196.04,4196.04,4191.74,4191.74,85,66
2026-06-05T08:44:00Z,4191.74,4193.52,4191.74,4193.52,79,65
2026-06-05T08:45:00Z,4193.52,4197.15,4192.29,4197.15,88,76
2026-06-05T08:46:00Z,4197.15,4201.19,4197.15,4200.66,83,59
2026-06-05T08:47:00Z,4200.66,4202.49,4199.79,4202.43,79,66
2026-06-05T08:48:00Z,4202.43,4203.83,4201.96,4202.66,77,75
2026-06-05T08:49:00Z,4202.66,4204.35,4201.73,4202.80,79,60
2026-06-05T08:50:00Z,4202.80,4202.80,4197.98,4198.46,83,83
2026-06-05T08:51:00Z,4198.46,4200.45,4197.87,4199.00,78,57
2026-06-05T08:52:00Z,4199.00,4200.11,4197.13,4197.13,69,65
2026-06-05T08:53:00Z,4197.13,4200.82,4196.36,4198.84,76,59
2026-06-05T08:54:00Z,4198.84,4201.49,4198.75,4201.09,75,59
2026-06-05T08:55:00Z,4201.09,4203.91,4200.64,4203.15,69,57
2026-06-05T08:56:00Z,4203.15,4205.71,4202.63,4205.71,78,73
2026-06-05T08:57:00Z,4205.71,4209.76,4205.38,4207.95,80,61
2026-06-05T08:58:00Z,4207.95,4208.80,4206.72,4206.72,65,54
2026-06-05T08:59:00Z,4206.72,4207.57,4205.38,4206.27,68,57
2026-06-05T09:00:00Z,4206.27,4208.15,4206.23,4206.59,68,77
2026-06-05T09:01:00Z,4206.59,4206.59,4202.73,4205.94,65,55
2026-06-05T09:02:00Z,4205.94,4206.29,4203.66,4204.77,69,57
2026-06-05T09:03:00Z,4204.77,4208.22,4204.77,4207.95,69,70
2026-06-05T09:04:00Z,4207.95,4209.08,4205.44,4205.44,74,65
2026-06-05T09:05:00Z,4205.44,4209.01,4205.44,4208.31,62,74
2026-06-05T09:06:00Z,4208.31,4209.89,4204.60,4205.61,76,51
2026-06-05T09:07:00Z,4205.61,4210.82,4205.39,4210.82,72,58
2026-06-05T09:08:00Z,4210.82,4215.03,4210.82,4212.55,70,53
2026-06-05T09:09:00Z,4212.55,4213.63,4210.36,4212.62,73,52
2026-06-05T09:10:00Z,4212.62,4214.75,4211.42,4213.74,59,63
2026-06-05T09:11:00Z,4213.74,4213.89,4212.78,4212.98,63,57
2026-06-05T09:12:00Z,4212.98,4212.98,4208.80,4208.80,60,61
2026-06-05T09:13:00Z,4208.80,4211.31,4208.58,4211.31,72,63
2026-06-05T09:14:00Z,4211.31,4211.94,4209.89,4210.78,61,77
2026-06-05T09:15:00Z,4210.78,4210.78,4206.69,4207.42,66,59
2026-06-05T09:16:00Z,4207.42,4210.85,4207.22,4210.85,55,69
2026-06-05T09:17:00Z,4210.85,4212.63,4210.42,4212.17,58,55
2026-06-05T09:18:00Z,4212.17,4214.40,4211.97,4214.40,54,72
2026-06-05T09:19:00Z,4214.40,4214.40,4210.12,4211.08,64,53
2026-06-05T09:20:00Z,4211.08,4211.08,4207.14,4207.71,57,57
2026-06-05T09:21:00Z,4207.71,4208.48,4205.48,4208.48,54,60
2026-06-05T09:22:00Z,4208.48,4213.50,4207.98,4212.82,66,76
2026-06-05T09:23:00Z,4212.82,4213.57,4210.53,4213.57,52,67
2026-06-05T09:24:00Z,4213.57,4214.91,4212.58,4212.83,54,70
2026-06-05T09:25:00Z,4212.83,4213.06,4210.77,4212.51,60,58
2026-06-05T09:26:00Z,4212.51,4215.06,4212.36,4215.06,51,58
2026-06-05T09:27:00Z,4215.06,4215.80,4213.10,4213.10,60,60
2026-06-05T09:28:00Z,4213.10,4213.10,4211.52,4212.52,51,79
2026-06-05T09:29:00Z,4212.52,4214.69,4209.57,4209.57,54,73
2026-06-05T09:30:00Z,4209.57,4209.57,4201.48,4202.52,53,73
2026-06-05T09:31:00Z,4202.52,4207.49,4202.52,4207.49,54,50
2026-06-05T09:32:00Z,4207.49,4209.56,4207.00,4209.39,52,55
2026-06-05T09:33:00Z,4209.39,4212.40,4209.39,4211.88,49,59
2026-06-05T09:34:00Z,4211.88,4212.04,4209.20,4210.70,50,77
2026-06-05T09:35:00Z,4210.70,4211.62,4209.68,4210.65,44,55
2026-06-05T09:36:00Z,4210.65,4214.66,4209.98,4213.89,53,57
2026-06-05T09:37:00Z,4213.89,4215.82,4210.67,4212.24,48,55
2026-06-05T09:38:00Z,4212.24,4212.36,4209.34,4211.54,49,62
2026-06-05T09:39:00Z,4211.54,4213.11,4211.23,4213.08,46,70
2026-06-05T09:40:00Z,4213.08,4214.38,4210.66,4214.38,46,67
2026-06-05T09:41:00Z,4214.38,4215.66,4214.07,4215.51,49,59
2026-06-05T09:42:00Z,4215.51,4220.43,4214.57,4220.14,46,63
2026-06-05T09:43:00Z,4220.14,4221.93,4219.61,4221.03,41,66
2026-06-05T09:44:00Z,4221.03,4222.26,4220.23,4221.07,49,80
2026-06-05T09:45:00Z,4221.07,4221.80,4219.01,4221.38,49,68
2026-06-05T09:46:00Z,4221.38,4222.77,4221.14,4222.08,42,71
2026-06-05T09:47:00Z,4222.08,4223.55,4221.64,4222.29,44,69
2026-06-05T09:48:00Z,4222.29,4224.02,4221.59,4224.02,47,65
2026-06-05T09:49:00Z,4224.02,4224.46,4220.77,4222.27,55,54
2026-06-05T09:50:00Z,4222.27,4224.16,4222.27,4223.15,54,58
2026-06-05T09:51:00Z,4223.15,4224.65,4223.15,4223.39,39,60
2026-06-05T09:52:00Z,4223.39,4223.39,4220.30,4220.71,53,72
2026-06-05T09:53:00Z,4220.71,4223.12,4219.76,4223.12,45,54
2026-06-05T09:54:00Z,4223.12,4224.18,4221.50,4221.68,46,62
2026-06-05T09:55:00Z,4221.68,4224.26,4221.17,4224.26,50,54
2026-06-05T09:56:00Z,4224.26,4225.93,4224.17,4224.84,39,68
2026-06-05T09:57:00Z,4224.84,4224.84,4221.61,4221.61,49,51
2026-06-05T09:58:00Z,4221.61,4221.61,4219.04,4220.36,40,67
2026-06-05T09:59:00Z,4220.36,4221.51,4219.76,4221.15,43,61
2026-06-05T10:00:00Z,4221.15,4222.72,4219.82,4222.17,39,58
2026-06-05T10:01:00Z,4222.17,4222.17,4216.94,4220.14,46,80
2026-06-05T10:02:00Z,4220.14,4224.90,4220.14,4223.09,42,70
2026-06-05T10:03:00Z,4223.09,4223.76,4221.77,4221.87,48,51
2026-06-05T10:04:00Z,4221.87,4223.85,4220.70,4223.12,45,62
2026-06-05T10:05:00Z,4223.12,4223.12,4219.38,4219.38,42,60
2026-06-05T10:06:00Z,4219.38,4223.60,4218.75,4223.60,35,71
2026-06-05T10:07:00Z,4223.60,4223.60,4219.65,4219.65,37,76
2026-06-05T10:08:00Z,4219.65,4220.55,4218.76,4220.55,45,57
2026-06-05T10:09:00Z,4220.55,4223.62,4219.98,4221.02,37,73
2026-06-05T10:10:00Z,4221.02,4223.22,4220.35,4222.99,32,65
2026-06-05T10:11:00Z,4222.99,4223.25,4218.62,4218.62,39,76
2026-06-05T10:12:00Z,4218.62,4220.25,4216.65,4220.25,34,72
2026-06-05T10:13:00Z,4220.25,4224.82,4220.25,4223.37,38,74
2026-06-05T10:14:00Z,4223.37,4226.11,4223.37,4226.08,35,80
2026-06-05T10:15:00Z,4226.08,4226.10,4221.28,4221.28,45,59
2026-06-05T10:16:00Z,4221.28,4221.83,4218.33,4219.24,46,70
2026-06-05T10:17:00Z,4219.24,4220.71,4217.44,4217.44,36,65
2026-06-05T10:18:00Z,4217.44,4217.91,4214.69,4214.72,37,68
2026-06-05T10:19:00Z,4214.72,4215.27,4212.57,4214.47,36,72
2026-06-05T10:20:00Z,4214.47,4215.62,4213.69,4215.62,40,76
2026-06-05T10:21:00Z,4215.62,4218.28,4215.62,4216.89,43,75
2026-06-05T10:22:00Z,4216.89,4221.86,4215.75,4221.86,37,61
2026-06-05T10:23:00Z,4221.86,4222.56,4218.85,4220.08,34,73
2026-06-05T10:24:00Z,4220.08,4221.56,4218.92,4220.21,44,59
2026-06-05T10:25:00Z,4220.21,4222.87,4220.21,4222.55,42,80
2026-06-05T10:26:00Z,4222.55,4222.55,4217.88,4217.88,32,63
2026-06-05T10:27:00Z,4217.88,4217.88,4214.22,4216.21,28,65
2026-06-05T10:28:00Z,4216.21,4216.75,4214.31,4216.75,29,74
2026-06-05T10:29:00Z,4216.75,4219.98,4214.79,4218.62,28,77
2026-06-05T10:30:00Z,4218.62,4219.09,4216.72,4219.01,37,68
2026-06-05T10:31:00Z,4219.01,4222.31,4219.01,4222.27,31,69
2026-06-05T10:32:00Z,4222.27,4226.07,4222.27,4224.42,37,58
2026-06-05T10:33:00Z,4224.42,4224.71,4223.04,4224.50,37,70
2026-06-05T10:34:00Z,4224.50,4225.09,4223.24,4225.09,31,55
2026-06-05T10:35:00Z,4225.09,4225.09,4220.16,4222.48,32,59
2026-06-05T10:36:00Z,4222.48,4223.97,4222.34,4223.97,43,53
2026-06-05T10:37:00Z,4223.97,4227.42,4223.97,4227.42,26,59
2026-06-05T10:38:00Z,4227.42,4227.49,4224.36,4226.15,35,51
2026-06-05T10:39:00Z,4226.15,4231.33,4225.94,4229.08,26,51
2026-06-05T10:40:00Z,4229.08,4229.08,4224.93,4225.78,36,80
2026-06-05T10:41:00Z,4225.78,4225.78,4222.87,4223.47,29,67
2026-06-05T10:42:00Z,4223.47,4225.95,4222.32,4225.37,41,77
2026-06-05T10:43:00Z,4225.37,4227.06,4225.29,4226.81,40,76
2026-06-05T10:44:00Z,4226.81,4230.06,4226.81,4229.22,32,61
2026-06-05T10:45:00Z,4229.22,4231.45,4227.55,4227.55,35,54
2026-06-05T10:46:00Z,4227.55,4231.16,4227.35,4230.75,26,53
2026-06-05T10:47:00Z,4230.75,4230.75,4225.53,4227.40,30,79
2026-06-05T10:48:00Z,4227.40,4228.20,4224.21,4224.60,31,73
2026-06-05T10:49:00Z,4224.60,4228.85,4224.60,4225.34,36,53
2026-06-05T10:50:00Z,4225.34,4227.43,4223.89,4226.73,33,53
2026-06-05T10:51:00Z,4226.73,4227.52,4225.29,4226.78,30,75
2026-06-05T10:52:00Z,4226.78,4227.43,4224.58,4224.58,37,54
2026-06-05T10:53:00Z,4224.58,4226.06,4222.95,4223.83,37,50
2026-06-05T10:54:00Z,4223.83,4225.97,4221.77,4223.89,29,52
2026-06-05T10:55:00Z,4223.89,4224.74,4221.93,4223.72,37,73
2026-06-05T10:56:00Z,4223.72,4223.72,4219.86,4222.24,34,59
2026-06-05T10:57:00Z,4222.24,4226.59,4220.89,4225.78,40,71
2026-06-05T10:58:00Z,4225.78,4228.01,4225.45,4228.01,35,51
2026-06-05T10:59:00Z,4228.01,4229.06,4227.25,4229.06,28,71
2026-06-05T11:00:00Z,4229.06,4233.64,4229.06,4233.64,30,69
2026-06-05T11:01:00Z,4233.64,4233.64,4231.13,4232.32,37,76
2026-06-05T11:02:00Z,4232.32,4233.98,4232.00,4233.96,39,52
2026-06-05T11:03:00Z,4233.96,4234.43,4231.48,4232.00,37,71
2026-06-05T11:04:00Z,4232.00,4232.00,4227.07,4227.07,32,77
2026-06-05T11:05:00Z,4227.07,4227.07,4225.80,4226.44,27,65
2026-06-05T11:06:00Z,4226.44,4228.73,4225.79,4225.79,26,78
2026-06-05T11:07:00Z,4225.79,4226.07,4221.27,4221.27,25,74
2026-06-05T11:08:00Z,4221.27,4221.82,4220.67,4221.59,28,77
2026-06-05T11:09:00Z,4221.59,4223.30,4221.27,4223.08,39,66
2026-06-05T11:10:00Z,4223.08,4223.78,4219.52,4220.07,39,61
2026-06-05T11:11:00Z,4220.07,4220.93,4219.23,4219.68,41,63
2026-06-05T11:12:00Z,4219.68,4220.30,4215.67,4215.67,35,78
2026-06-05T11:13:00Z,4215.67,4218.85,4215.00,4217.13,37,53
2026-06-05T11:14:00Z,4217.13,4223.88,4217.13,4220.93,41,65
2026-06-05T11:15:00Z,4220.93,4224.63,4220.50,4223.63,30,79
2026-06-05T11:16:00Z,4223.63,4223.63,4221.42,4223.04,38,67
2026-06-05T11:17:00Z,4223.04,4227.14,4221.83,4227.14,38,66
2026-06-05T11:18:00Z,4227.14,4227.14,4224.67,4225.38,30,70
2026-06-05T11:19:00Z,4225.38,4226.99,4225.32,4226.62,27,75
2026-06-05T11:20:00Z,4226.62,4229.52,4226.62,4228.08,31,70
2026-06-05T11:21:00Z,4228.08,4230.36,4228.00,4230.36,36,78
2026-06-05T11:22:00Z,4230.36,4232.10,4230.36,4231.71,38,59
2026-06-05T11:23:00Z,4231.71,4231.76,4229.25,4229.25,38,75
2026-06-05T11:24:00Z,4229.25,4229.25,4224.70,4225.27,34,68
2026-06-05T11:25:00Z,4225.27,4226.42,4223.49,4226.17,34,54
2026-06-05T11:26:00Z,4226.17,4229.38,4225.42,4228.40,29,74
2026-06-05T11:27:00Z,4228.40,4228.40,4225.32,4226.20,32,53
2026-06-05T11:28:00Z,4226.20,4228.99,4226.20,4228.99,40,75
2026-06-05T11:29:00Z,4228.99,4231.67,4228.99,4230.43,35,71
2026-06-05T11:30:00Z,4230.43,4234.31,4230.01,4234.31,42,77
2026-06-05T11:31:00Z,4234.31,4237.86,4233.08,4236.18,39,60
2026-06-05T11:32:00Z,4236.18,4237.15,4235.30,4235.93,43,74
2026-06-05T11:33:00Z,4235.93,4237.01,4234.55,4235.20,37,69
2026-06-05T11:34:00Z,4235.20,4236.98,4233.32,4234.56,35,55
2026-06-05T11:35:00Z,4234.56,4234.56,4229.01,4229.01,29,55
2026-06-05T11:36:00Z,4229.01,4229.83,4227.85,4228.24,28,55
2026-06-05T11:37:00Z,4228.24,4229.66,4227.76,4228.89,45,61
2026-06-05T11:38:00Z,4228.89,4231.35,4227.33,4230.56,36,72
2026-06-05T11:39:00Z,4230.56,4232.90,4229.67,4232.90,38,63
2026-06-05T11:40:00Z,4232.90,4233.96,4231.24,4232.17,36,76
2026-06-05T11:41:00Z,4232.17,4234.81,4231.08,4231.93,38,77
2026-06-05T11:42:00Z,4231.93,4234.34,4230.41,4234.34,43,72
2026-06-05T11:43:00Z,4234.34,4234.34,4231.48,4232.31,30,50
2026-06-05T11:44:00Z,4232.31,4238.45,4232.31,4238.17,39,68
2026-06-05T11:45:00Z,4238.17,4243.23,4238.11,4242.98,42,54
2026-06-05T11:46:00Z,4242.98,4242.98,4240.51,4241.79,34,69
2026-06-05T11:47:00Z,4241.79,4242.59,4240.22,4242.59,37,73
2026-06-05T11:48:00Z,4242.59,4245.52,4242.59,4245.10,37,80
2026-06-05T11:49:00Z,4245.10,4245.10,4241.16,4242.04,33,55
2026-06-05T11:50:00Z,4242.04,4242.81,4241.40,4242.43,42,70
2026-06-05T11:51:00Z,4242.43,4243.04,4240.56,4240.56,41,65
2026-06-05T11:52:00Z,4240.56,4240.74,4237.48,4238.05,40,61
2026-06-05T11:53:00Z,4238.05,4238.11,4234.13,4235.61,34,79
2026-06-05T11:54:00Z,4235.61,4237.60,4235.61,4237.45,36,76
2026-06-05T11:55:00Z,4237.45,4238.76,4237.13,4237.49,34,66
2026-06-05T11:56:00Z,4237.49,4237.62,4232.77,4232.77,46,76
2026-06-05T11:57:00Z,4232.77,4233.38,4231.40,4233.38,44,72
2026-06-05T11:58:00Z,4233.38,4234.32,4232.21,4233.75,43,65
2026-06-05T11:59:00Z,4233.75,4236.11,4233.37,4234.01,37,61
2026-06-05T12:00:00Z,4234.01,4235.57,4230.92,4232.59,50,63
2026-06-05T12:01:00Z,4232.59,4232.59,4228.64,4231.24,35,66
2026-06-05T12:02:00Z,4231.24,4232.81,4227.60,4227.60,45,52
2026-06-05T12:03:00Z,4227.60,4227.89,4224.28,4225.17,37,70
2026-06-05T12:04:00Z,4225.17,4229.28,4225.17,4229.10,41,50
2026-06-05T12:05:00Z,4229.10,4229.45,4227.22,4228.75,45,79
2026-06-05T12:06:00Z,4228.75,4228.75,4221.64,4221.64,41,76
2026-06-05T12:07:00Z,4221.64,4221.64,4218.92,4219.94,40,58
2026-06-05T12:08:00Z,4219.94,4223.89,4218.32,4223.50,49,54
2026-06-05T12:09:00Z,4223.50,4223.50,4221.02,4221.57,38,80
2026-06-05T12:10:00Z,4221.57,4221.57,4216.86,4216.86,46,54
2026-06-05T12:11:00Z,4216.86,4216.86,4213.71,4214.30,50,75
2026-06-05T12:12:00Z,4214.30,4214.85,4210.65,4214.85,43,60
2026-06-05T12:13:00Z,4214.85,4216.07,4213.79,4213.79,49,60
2026-06-05T12:14:00Z,4213.79,4217.10,4212.81,4217.10,54,66
2026-06-05T12:15:00Z,4217.10,4220.48,4216.31,4216.31,50,64
2026-06-05T12:16:00Z,4216.31,4217.34,4215.18,4217.11,43,79
2026-06-05T12:17:00Z,4217.11,4217.11,4212.21,4212.21,47,53
2026-06-05T12:18:00Z,4212.21,4215.79,4211.52,4214.51,49,59
2026-06-05T12:19:00Z,4214.51,4214.51,4211.53,4214.25,52,74
2026-06-05T12:20:00Z,4214.25,4214.25,4208.45,4208.45,46,66
2026-06-05T12:21:00Z,4208.45,4210.12,4207.71,4209.32,57,51
2026-06-05T12:22:00Z,4209.32,4210.71,4209.13,4209.43,49,68
2026-06-05T12:23:00Z,4209.43,4211.59,4208.96,4209.95,44,65
2026-06-05T12:24:00Z,4209.95,4210.73,4209.10,4210.24,53,62
2026-06-05T12:25:00Z,4210.24,4213.23,4208.95,4212.76,57,60
2026-06-05T12:26:00Z,4212.76,4213.49,4210.26,4210.26,45,70
2026-06-05T12:27:00Z,4210.26,4211.31,4208.56,4208.70,59,61
2026-06-05T12:28:00Z,4208.70,4209.35,4205.52,4205.52,61,73
2026-06-05T12:29:00Z,4205.52,4207.83,4205.32,4207.39,50,68
2026-06-05T12:30:00Z,4207.39,4211.59,4207.39,4210.59,60,56
2026-06-05T12:31:00Z,4210.59,4212.35,4210.38,4210.71,52,62
2026-06-05T12:32:00Z,4210.71,4210.71,4204.17,4204.74,48,56
2026-06-05T12:33:00Z,4204.74,4205.97,4203.87,4205.97,55,79
2026-06-05T12:34:00Z,4205.97,4206.81,4204.34,4204.34,55,74
2026-06-05T12:35:00Z,4204.34,4205.40,4203.96,4203.96,58,73
2026-06-05T12:36:00Z,4203.96,4204.21,4202.54,4203.90,56,66
2026-06-05T12:37:00Z,4203.90,4204.14,4199.26,4200.35,55,54
2026-06-05T12:38:00Z,4200.35,4200.35,4195.92,4195.92,59,56
2026-06-05T12:39:00Z,4195.92,4196.98,4194.94,4195.29,63,64
2026-06-05T12:40:00Z,4195.29,4197.70,4194.40,4196.20,52,50
2026-06-05T12:41:00Z,4196.20,4196.51,4193.72,4193.72,53,71
2026-06-05T12:42:00Z,4193.72,4197.03,4192.99,4193.83,66,51
2026-06-05T12:43:00Z,4193.83,4196.78,4193.61,4194.68,66,80
2026-06-05T12:44:00Z,4194.68,4194.68,4191.52,4194.63,57,80
2026-06-05T12:45:00Z,4194.63,4195.63,4193.73,4194.23,65,52
2026-06-05T12:46:00Z,4194.23,4194.53,4192.20,4193.32,68,66
2026-06-05T12:47:00Z,4193.32,4195.02,4190.40,4193.28,64,73
2026-06-05T12:48:00Z,4193.28,4196.10,4192.48,4195.54,67,78
2026-06-05T12:49:00Z,4195.54,4200.09,4195.35,4200.07,69,77
2026-06-05T12:50:00Z,4200.07,4205.11,4200.07,4204.07,70,53
2026-06-05T12:51:00Z,4204.07,4204.09,4201.17,4201.17,72,58
2026-06-05T12:52:00Z,4201.17,4203.06,4200.19,4203.06,59,55
2026-06-05T12:53:00Z,4203.06,4205.41,4202.56,4204.42,74,77
2026-06-05T12:54:00Z,4204.42,4205.16,4201.67,4202.28,66,54
2026-06-05T12:55:00Z,4202.28,4204.91,4201.33,4204.63,63,77
2026-06-05T12:56:00Z,4204.63,4204.63,4200.88,4201.24,67,74
2026-06-05T12:57:00Z,4201.24,4202.25,4198.94,4202.25,70,66
2026-06-05T12:58:00Z,4202.25,4204.68,4201.58,4201.58,72,65
2026-06-05T12:59:00Z,4201.58,4202.86,4199.13,4201.08,77,50
2026-06-05T13:00:00Z,4201.08,4203.03,4200.84,4202.86,64,78
2026-06-05T13:01:00Z,4202.86,4202.86,4200.05,4202.05,64,72
2026-06-05T13:02:00Z,4202.05,4202.69,4199.91,4200.80,74,53
2026-06-05T13:03:00Z,4200.80,4202.22,4198.98,4201.80,71,56
2026-06-05T13:04:00Z,4201.80,4207.07,4200.79,4207.07,74,60
2026-06-05T13:05:00Z,4207.07,4207.07,4203.34,4203.82,71,64
2026-06-05T13:06:00Z,4203.82,4203.82,4200.29,4200.29,71,50
2026-06-05T13:07:00Z,4200.29,4200.58,4196.68,4197.36,70,59
2026-06-05T13:08:00Z,4197.36,4199.38,4197.36,4198.11,84,63
2026-06-05T13:09:00Z,4198.11,4198.15,4195.61,4196.23,80,52
2026-06-05T13:10:00Z,4196.23,4197.16,4192.82,4193.69,84,79
2026-06-05T13:11:00Z,4193.69,4193.96,4190.42,4192.15,85,79
2026-06-05T13:12:00Z,4192.15,4193.50,4190.70,4192.59,80,78
2026-06-05T13:13:00Z,4192.59,4194.16,4190.33,4194.16,88,80
2026-06-05T13:14:00Z,4194.16,4196.20,4194.16,4195.39,87,75
2026-06-05T13:15:00Z,4195.39,4196.16,4192.55,4192.55,79,66
2026-06-05T13:16:00Z,4192.55,4192.55,4190.81,4191.03,90,66
2026-06-05T13:17:00Z,4191.03,4194.72,4191.03,4194.72,82,51
2026-06-05T13:18:00Z,4194.72,4198.11,4194.72,4197.30,85,62
2026-06-05T13:19:00Z,4197.30,4198.57,4196.24,4198.57,81,77
2026-06-05T13:20:00Z,4198.57,4199.60,4197.87,4198.78,78,68
2026-06-05T13:21:00Z,4198.78,4200.83,4197.89,4200.83,93,59
2026-06-05T13:22:00Z,4200.83,4205.27,4200.83,4204.41,84,52
2026-06-05T13:23:00Z,4204.41,4208.28,4204.41,4207.71,91,62
2026-06-05T13:24:00Z,4207.71,4207.71,4200.92,4201.94,85,64
2026-06-05T13:25:00Z,4201.94,4203.00,4199.65,4202.45,97,52
2026-06-05T13:26:00Z,4202.45,4203.44,4201.71,4201.71,95,52
2026-06-05T13:27:00Z,4201.71,4205.31,4201.71,4204.30,83,74
2026-06-05T13:28:00Z,4204.30,4205.60,4204.30,4204.86,100,72
2026-06-05T13:29:00Z,4204.86,4206.37,4202.99,4206.37,90,72
2026-06-05T13:30:00Z,4206.37,4206.56,4202.09,4203.20,96,75
2026-06-05T13:31:00Z,4203.20,4207.41,4202.54,4206.60,99,64
2026-06-05T13:32:00Z,4206.60,4211.54,4206.60,4211.18,87,52
2026-06-05T13:33:00Z,4211.18,4211.18,4208.63,4210.34,99,71
2026-06-05T13:34:00Z,4210.34,4210.89,4208.69,4210.47,104,65
2026-06-05T13:35:00Z,4210.47,4212.65,4209.80,4212.65,98,79
2026-06-05T13:36:00Z,4212.65,4213.27,4208.35,4208.35,102,60
2026-06-05T13:37:00Z,4208.35,4211.90,4208.35,4211.90,94,72
2026-06-05T13:38:00Z,4211.90,4211.93,4208.80,4209.53,106,67
2026-06-05T13:39:00Z,4209.53,4212.60,4208.96,4212.48,108,78
2026-06-05T13:40:00Z,4212.48,4215.58,4212.48,4214.71,106,52
2026-06-05T13:41:00Z,4214.71,4215.56,4212.10,4212.10,98,63
2026-06-05T13:42:00Z,4212.10,4212.10,4206.64,4207.46,105,75
2026-06-05T13:43:00Z,4207.46,4209.30,4207.35,4207.63,110,75
2026-06-05T13:44:00Z,4207.63,4208.68,4207.04,4208.02,101,67
2026-06-05T13:45:00Z,4208.02,4210.73,4205.55,4210.73,107,79
2026-06-05T13:46:00Z,4210.73,4210.82,4206.51,4206.51,108,76
2026-06-05T13:47:00Z,4206.51,4210.67,4206.42,4208.81,112,59
2026-06-05T13:48:00Z,4208.81,4210.03,4206.90,4206.90,104,77
2026-06-05T13:49:00Z,4206.90,4206.90,4201.66,4201.66,118,53
2026-06-05T13:50:00Z,4201.66,4202.96,4201.55,4202.12,103,62
2026-06-05T13:51:00Z,4202.12,4202.12,4199.00,4199.80,119,56
2026-06-05T13:52:00Z,4199.80,4201.13,4198.72,4201.13,108,51
2026-06-05T13:53:00Z,4201.13,4202.43,4198.42,4199.67,113,59
2026-06-05T13:54:00Z,4199.67,4203.38,4199.67,4201.76,118,52
2026-06-05T13:55:00Z,4201.76,4202.46,4200.82,4201.77,107,64
2026-06-05T13:56:00Z,4201.77,4203.31,4200.60,4201.74,119,79
2026-06-05T13:57:00Z,4201.74,4202.29,4200.48,4201.46,113,61
2026-06-05T13:58:00Z,4201.46,4201.57,4196.80,4197.77,114,56
2026-06-05T13:59:00Z,4197.77,4199.40,4194.68,4195.99,115,69
2026-06-08T08:00:00Z,4170.67,4173.03,4170.66,4171.16,123,186
2026-06-08T08:01:00Z,4171.16,4173.81,4170.23,4172.54,125,175
2026-06-08T08:02:00Z,4172.54,4175.67,4172.54,4172.89,110,172
2026-06-08T08:03:00Z,4172.89,4172.89,4169.04,4169.04,112,174
2026-06-08T08:04:00Z,4169.04,4170.99,4169.04,4169.11,109,152
2026-06-08T08:05:00Z,4169.11,4171.55,4167.37,4171.55,114,167
2026-06-08T08:06:00Z,4171.55,4173.04,4170.57,4170.57,117,161
2026-06-08T08:07:00Z,4170.57,4170.57,4166.81,4170.39,116,178
2026-06-08T08:08:00Z,4170.39,4171.69,4170.10,4171.52,118,170
2026-06-08T08:09:00Z,4171.52,4172.70,4171.52,4172.37,108,149
2026-06-08T08:10:00Z,4172.37,4174.67,4171.49,4171.49,108,100
2026-06-08T08:11:00Z,4171.49,4171.82,4168.82,4168.82,107,126
2026-06-08T08:12:00Z,4168.82,4172.32,4168.82,4171.43,112,116
2026-06-08T08:13:00Z,4171.43,4171.43,4168.87,4169.10,116,136
2026-06-08T08:14:00Z,4169.10,4169.66,4167.07,4167.98,101,103
2026-06-08T08:15:00Z,4167.98,4170.96,4167.98,4170.41,107,127
2026-06-08T08:16:00Z,4170.41,4170.97,4169.27,4169.62,99,92
2026-06-08T08:17:00Z,4169.62,4173.86,4169.62,4173.70,104,117
2026-06-08T08:18:00Z,4173.70,4176.74,4173.70,4176.74,110,113
2026-06-08T08:19:00Z,4176.74,4176.93,4174.81,4175.67,103,78
2026-06-08T08:20:00Z,4175.67,4176.15,4174.23,4174.41,102,86
2026-06-08T08:21:00Z,4174.41,4176.95,4174.06,4175.40,106,93
2026-06-08T08:22:00Z,4175.40,4176.82,4173.48,4175.91,99,81
2026-06-08T08:23:00Z,4175.91,4175.91,4173.78,4174.10,98,75
2026-06-08T08:24:00Z,4174.10,4177.48,4173.20,4177.46,93,78
2026-06-08T08:25:00Z,4177.46,4177.54,4173.89,4174.24,95,102
2026-06-08T08:26:00Z,4174.24,4175.41,4170.25,4170.36,99,85
2026-06-08T08:27:00Z,4170.36,4174.30,4169.73,4174.30,104,64
2026-06-08T08:28:00Z,4174.30,4177.01,4173.92,4177.01,98,89
2026-06-08T08:29:00Z,4177.01,4178.61,4176.86,4178.23,101,65
2026-06-08T08:30:00Z,4178.23,4183.20,4178.23,4181.55,91,81
2026-06-08T08:31:00Z,4181.55,4185.00,4181.55,4184.03,95,64
2026-06-08T08:32:00Z,4184.03,4185.40,4183.05,4183.62,97,83
2026-06-08T08:33:00Z,4183.62,4183.62,4181.27,4181.74,91,64
2026-06-08T08:34:00Z,4181.74,4181.74,4178.01,4178.01,82,71
2026-06-08T08:35:00Z,4178.01,4178.42,4175.73,4176.18,84,84
2026-06-08T08:36:00Z,4176.18,4176.18,4172.36,4172.95,81,70
2026-06-08T08:37:00Z,4172.95,4175.82,4172.95,4173.84,95,78
2026-06-08T08:38:00Z,4173.84,4175.47,4171.21,4171.53,82,68
2026-06-08T08:39:00Z,4171.53,4174.31,4169.80,4170.74,93,55
2026-06-08T08:40:00Z,4170.74,4171.89,4169.79,4171.89,85,55
2026-06-08T08:41:00Z,4171.89,4172.37,4168.71,4171.03,90,77
2026-06-08T08:42:00Z,4171.03,4171.63,4169.89,4169.89,83,58
2026-06-08T08:43:00Z,4169.89,4170.85,4168.91,4170.85,87,54
2026-06-08T08:44:00Z,4170.85,4173.25,4169.48,4170.54,89,81
2026-06-08T08:45:00Z,4170.54,4171.02,4166.81,4166.81,80,82
2026-06-08T08:46:00Z,4166.81,4167.36,4164.22,4166.43,87,57
2026-06-08T08:47:00Z,4166.43,4166.43,4163.90,4164.20,81,82
2026-06-08T08:48:00Z,4164.20,4164.20,4160.79,4161.19,75,60
2026-06-08T08:49:00Z,4161.19,4161.38,4159.76,4161.18,85,73
2026-06-08T08:50:00Z,4161.18,4161.46,4159.21,4161.32,78,77
2026-06-08T08:51:00Z,4161.32,4165.86,4161.32,4165.86,79,77
2026-06-08T08:52:00Z,4165.86,4167.31,4163.59,4164.59,71,74
2026-06-08T08:53:00Z,4164.59,4165.41,4163.33,4163.33,68,55
2026-06-08T08:54:00Z,4163.33,4165.52,4163.29,4164.63,72,75
2026-06-08T08:55:00Z,4164.63,4166.29,4163.73,4163.73,72,57
2026-06-08T08:56:00Z,4163.73,4169.16,4163.73,4167.56,76,72
2026-06-08T08:57:00Z,4167.56,4167.65,4165.79,4166.80,69,68
2026-06-08T08:58:00Z,4166.80,4170.02,4166.70,4168.27,78,56
2026-06-08T08:59:00Z,4168.27,4170.61,4167.48,4167.48,77,72
2026-06-08T09:00:00Z,4167.48,4168.83,4165.60,4166.45,64,57
2026-06-08T09:01:00Z,4166.45,4169.43,4166.45,4167.93,67,73
2026-06-08T09:02:00Z,4167.93,4170.41,4167.38,4170.41,77,71
2026-06-08T09:03:00Z,4170.41,4173.66,4170.40,4171.37,78,80
2026-06-08T09:04:00Z,4171.37,4172.38,4170.26,4172.38,69,74
2026-06-08T09:05:00Z,4172.38,4172.50,4170.14,4170.14,73,68
2026-06-08T09:06:00Z,4170.14,4170.62,4167.86,4170.36,70,75
2026-06-08T09:07:00Z,4170.36,4170.43,4168.95,4168.95,63,51
2026-06-08T09:08:00Z,4168.95,4169.01,4166.25,4168.45,62,67
2026-06-08T09:09:00Z,4168.45,4168.87,4166.56,4167.55,62,63
2026-06-08T09:10:00Z,4167.55,4168.03,4164.98,4168.03,73,74
2026-06-08T09:11:00Z,4168.03,4172.69,4168.03,4171.92,71,55
2026-06-08T09:12:00Z,4171.92,4172.14,4169.71,4170.38,67,68
2026-06-08T09:13:00Z,4170.38,4174.96,4170.34,4174.88,71,68
2026-06-08T09:14:00Z,4174.88,4178.97,4173.39,4177.72,63,59
2026-06-08T09:15:00Z,4177.72,4182.80,4177.72,4181.84,69,80
2026-06-08T09:16:00Z,4181.84,4187.28,4181.84,4186.30,63,67
2026-06-08T09:17:00Z,4186.30,4186.98,4184.12,4186.98,68,62
2026-06-08T09:18:00Z,4186.98,4189.33,4185.88,4186.70,56,66
2026-06-08T09:19:00Z,4186.70,4186.99,4182.46,4182.48,61,59
2026-06-08T09:20:00Z,4182.48,4184.76,4182.27,4182.27,56,62
2026-06-08T09:21:00Z,4182.27,4182.27,4179.42,4180.74,57,71
2026-06-08T09:22:00Z,4180.74,4181.77,4179.90,4181.14,58,69
2026-06-08T09:23:00Z,4181.14,4182.78,4179.62,4180.94,60,60
2026-06-08T09:24:00Z,4180.94,4181.16,4177.72,4180.14,55,57
2026-06-08T09:25:00Z,4180.14,4181.32,4178.77,4181.28,54,66
2026-06-08T09:26:00Z,4181.28,4182.53,4180.92,4182.53,49,73
2026-06-08T09:27:00Z,4182.53,4183.41,4181.25,4183.15,48,76
2026-06-08T09:28:00Z,4183.15,4183.66,4179.82,4179.82,48,73
2026-06-08T09:29:00Z,4179.82,4180.51,4178.83,4180.28,56,67
2026-06-08T09:30:00Z,4180.28,4181.65,4179.26,4179.26,62,59
2026-06-08T09:31:00Z,4179.26,4180.16,4178.34,4178.97,48,71
2026-06-08T09:32:00Z,4178.97,4181.36,4178.75,4180.49,47,56
2026-06-08T09:33:00Z,4180.49,4180.75,4176.82,4177.63,59,55
2026-06-08T09:34:00Z,4177.63,4178.92,4176.35,4176.35,53,77
2026-06-08T09:35:00Z,4176.35,4180.85,4175.55,4180.85,59,79
2026-06-08T09:36:00Z,4180.85,4180.85,4176.64,4177.85,48,71
2026-06-08T09:37:00Z,4177.85,4178.08,4175.49,4175.49,51,70
2026-06-08T09:38:00Z,4175.49,4175.49,4172.23,4173.12,48,64
2026-06-08T09:39:00Z,4173.12,4176.10,4172.91,4173.54,43,58
2026-06-08T09:40:00Z,4173.54,4173.61,4170.23,4171.21,45,75
2026-06-08T09:41:00Z,4171.21,4171.21,4167.19,4167.19,45,69
2026-06-08T09:42:00Z,4167.19,4167.87,4164.40,4165.75,41,60
2026-06-08T09:43:00Z,4165.75,4166.27,4160.31,4161.49,43,57
2026-06-08T09:44:00Z,4161.49,4163.67,4161.49,4163.02,52,59
2026-06-08T09:45:00Z,4163.02,4163.27,4160.41,4163.27,51,55
2026-06-08T09:46:00Z,4163.27,4163.27,4158.36,4159.30,42,75
2026-06-08T09:47:00Z,4159.30,4161.18,4159.28,4160.36,39,73
2026-06-08T09:48:00Z,4160.36,4164.70,4160.36,4163.53,42,59
2026-06-08T09:49:00Z,4163.53,4163.54,4157.69,4157.69,41,56
2026-06-08T09:50:00Z,4157.69,4161.07,4157.69,4160.55,40,55
2026-06-08T09:51:00Z,4160.55,4162.06,4160.55,4162.06,42,79
2026-06-08T09:52:00Z,4162.06,4169.71,4162.06,4169.62,48,74
2026-06-08T09:53:00Z,4169.62,4170.82,4168.53,4170.21,43,51
2026-06-08T09:54:00Z,4170.21,4170.83,4169.08,4170.83,46,51
2026-06-08T09:55:00Z,4170.83,4171.38,4170.03,4170.53,36,72
2026-06-08T09:56:00Z,4170.53,4170.53,4166.16,4167.91,36,72
2026-06-08T09:57:00Z,4167.91,4167.91,4163.27,4164.03,36,72
2026-06-08T09:58:00Z,4164.03,4166.51,4163.39,4166.51,50,74
2026-06-08T09:59:00Z,4166.51,4166.51,4163.66,4164.57,41,72
2026-06-08T10:00:00Z,4164.57,4165.68,4163.20,4164.88,42,51
2026-06-08T10:01:00Z,4164.88,4165.39,4162.73,4162.73,34,50
2026-06-08T10:02:00Z,4162.73,4168.00,4162.73,4166.40,41,74
2026-06-08T10:03:00Z,4166.40,4166.40,4162.40,4162.86,37,62
2026-06-08T10:04:00Z,4162.86,4164.63,4161.30,4163.78,42,75
2026-06-08T10:05:00Z,4163.78,4164.10,4162.37,4162.40,40,61
2026-06-08T10:06:00Z,4162.40,4165.74,4161.86,4164.60,34,50
2026-06-08T10:07:00Z,4164.60,4168.19,4163.33,4168.19,41,64
2026-06-08T10:08:00Z,4168.19,4171.96,4168.19,4169.45,32,52
2026-06-08T10:09:00Z,4169.45,4173.92,4169.45,4172.76,39,61
2026-06-08T10:10:00Z,4172.76,4174.07,4172.08,4173.13,42,61
2026-06-08T10:11:00Z,4173.13,4173.89,4169.22,4169.77,39,68
2026-06-08T10:12:00Z,4169.77,4170.54,4165.58,4167.30,33,65
2026-06-08T10:13:00Z,4167.30,4169.56,4167.30,4169.29,38,76
2026-06-08T10:14:00Z,4169.29,4169.45,4168.11,4168.45,36,65
2026-06-08T10:15:00Z,4168.45,4168.45,4163.96,4163.96,33,61
2026-06-08T10:16:00Z,4163.96,4166.97,4163.96,4164.51,44,57
2026-06-08T10:17:00Z,4164.51,4164.51,4158.10,4158.10,44,78
2026-06-08T10:18:00Z,4158.10,4160.49,4158.10,4160.49,33,78
2026-06-08T10:19:00Z,4160.49,4162.86,4159.87,4160.66,44,50
2026-06-08T10:20:00Z,4160.66,4164.62,4159.74,4161.12,36,75
2026-06-08T10:21:00Z,4161.12,4161.22,4157.95,4157.95,38,67
2026-06-08T10:22:00Z,4157.95,4158.49,4156.58,4158.49,32,58
2026-06-08T10:23:00Z,4158.49,4160.26,4157.63,4159.44,30,77
2026-06-08T10:24:00Z,4159.44,4159.49,4157.26,4158.52,28,62
2026-06-08T10:25:00Z,4158.52,4160.60,4155.43,4155.43,32,66
2026-06-08T10:26:00Z,4155.43,4158.27,4155.43,4158.27,34,78
2026-06-08T10:27:00Z,4158.27,4159.39,4156.20,4156.20,38,68
2026-06-08T10:28:00Z,4156.20,4156.20,4150.09,4150.09,44,57
2026-06-08T10:29:00Z,4150.09,4155.24,4150.09,4155.05,37,71
2026-06-08T10:30:00Z,4155.05,4155.05,4151.10,4151.50,42,51
2026-06-08T10:31:00Z,4151.50,4151.98,4149.01,4149.01,43,56
2026-06-08T10:32:00Z,4149.01,4150.39,4148.44,4149.22,38,68
2026-06-08T10:33:00Z,4149.22,4152.14,4149.22,4152.14,40,53
2026-06-08T10:34:00Z,4152.14,4154.40,4149.93,4154.40,27,58
2026-06-08T10:35:00Z,4154.40,4155.85,4152.84,4154.06,33,76
2026-06-08T10:36:00Z,4154.06,4154.09,4152.48,4152.48,38,72
2026-06-08T10:37:00Z,4152.48,4153.58,4151.20,4151.65,37,64
2026-06-08T10:38:00Z,4151.65,4152.98,4150.80,4151.30,27,73
2026-06-08T10:39:00Z,4151.30,4151.30,4148.55,4148.55,26,52
2026-06-08T10:40:00Z,4148.55,4150.13,4146.57,4147.51,34,57
2026-06-08T10:41:00Z,4147.51,4148.45,4145.25,4146.77,36,61
2026-06-08T10:42:00Z,4146.77,4149.25,4145.79,4149.25,38,79
2026-06-08T10:43:00Z,4149.25,4150.56,4148.82,4149.86,39,56
2026-06-08T10:44:00Z,4149.86,4149.86,4147.45,4148.90,29,75
2026-06-08T10:45:00Z,4148.90,4150.99,4147.78,4150.99,26,57
2026-06-08T10:46:00Z,4150.99,4152.40,4149.07,4149.87,37,75
2026-06-08T10:47:00Z,4149.87,4150.76,4148.75,4149.83,29,67
2026-06-08T10:48:00Z,4149.83,4151.94,4146.85,4147.95,28,77
2026-06-08T10:49:00Z,4147.95,4147.95,4145.33,4146.53,31,51
2026-06-08T10:50:00Z,4146.53,4149.26,4146.53,4148.78,41,78
2026-06-08T10:51:00Z,4148.78,4150.19,4147.87,4149.27,37,75
2026-06-08T10:52:00Z,4149.27,4150.09,4148.77,4150.09,28,60
2026-06-08T10:53:00Z,4150.09,4152.73,4150.04,4151.35,33,64
2026-06-08T10:54:00Z,4151.35,4153.92,4151.35,4153.92,41,79
2026-06-08T10:55:00Z,4153.92,4154.58,4150.08,4150.08,25,52
2026-06-08T10:56:00Z,4150.08,4150.08,4146.01,4149.06,35,75
2026-06-08T10:57:00Z,4149.06,4149.58,4146.62,4149.18,38,71
2026-06-08T10:58:00Z,4149.18,4149.42,4146.79,4148.57,35,63
2026-06-08T10:59:00Z,4148.57,4150.33,4148.10,4149.31,38,58
2026-06-08T11:00:00Z,4149.31,4149.86,4147.37,4147.37,35,59
2026-06-08T11:01:00Z,4147.37,4148.18,4144.52,4144.67,39,52
2026-06-08T11:02:00Z,4144.67,4144.67,4142.34,4143.39,33,51
2026-06-08T11:03:00Z,4143.39,4146.56,4143.39,4145.45,31,58
2026-06-08T11:04:00Z,4145.45,4146.54,4144.28,4145.94,31,78
2026-06-08T11:05:00Z,4145.94,4146.88,4145.18,4145.50,31,54
2026-06-08T11:06:00Z,4145.50,4147.09,4145.10,4147.09,32,56
2026-06-08T11:07:00Z,4147.09,4147.09,4141.95,4141.95,28,59
2026-06-08T11:08:00Z,4141.95,4141.95,4136.58,4137.06,36,53
2026-06-08T11:09:00Z,4137.06,4137.06,4134.20,4135.61,36,70
2026-06-08T11:10:00Z,4135.61,4138.87,4135.61,4137.46,40,56
2026-06-08T11:11:00Z,4137.46,4138.50,4135.66,4136.59,27,56
2026-06-08T11:12:00Z,4136.59,4136.78,4134.39,4136.78,38,79
2026-06-08T11:13:00Z,4136.78,4138.65,4135.41,4135.58,35,59
2026-06-08T11:14:00Z,4135.58,4137.17,4135.01,4137.12,29,71
2026-06-08T11:15:00Z,4137.12,4139.41,4136.83,4139.17,32,67
2026-06-08T11:16:00Z,4139.17,4145.10,4139.17,4145.10,37,79
2026-06-08T11:17:00Z,4145.10,4153.95,4144.56,4153.13,26,80
2026-06-08T11:18:00Z,4153.13,4155.37,4151.53,4153.22,36,67
2026-06-08T11:19:00Z,4153.22,4153.45,4150.64,4151.38,28,51
2026-06-08T11:20:00Z,4151.38,4152.75,4150.73,4152.66,40,61
2026-06-08T11:21:00Z,4152.66,4155.73,4152.03,4155.73,37,69
2026-06-08T11:22:00Z,4155.73,4159.74,4154.52,4159.74,32,65
2026-06-08T11:23:00Z,4159.74,4161.14,4158.47,4161.14,35,71
2026-06-08T11:24:00Z,4161.14,4163.52,4159.01,4163.52,27,70
2026-06-08T11:25:00Z,4163.52,4165.87,4162.03,4162.72,32,59
2026-06-08T11:26:00Z,4162.72,4166.28,4161.76,4166.28,28,63
2026-06-08T11:27:00Z,4166.28,4166.28,4162.13,4162.13,41,63
2026-06-08T11:28:00Z,4162.13,4165.64,4162.13,4164.46,31,73
2026-06-08T11:29:00Z,4164.46,4164.46,4161.43,4163.10,32,65
2026-06-08T11:30:00Z,4163.10,4163.28,4160.59,4162.24,43,50
2026-06-08T11:31:00Z,4162.24,4164.51,4161.91,4163.59,35,51
2026-06-08T11:32:00Z,4163.59,4165.64,4163.42,4165.25,39,74
2026-06-08T11:33:00Z,4165.25,4165.25,4159.50,4159.50,44,60
2026-06-08T11:34:00Z,4159.50,4160.36,4157.24,4159.17,31,61
2026-06-08T11:35:00Z,4159.17,4162.54,4159.17,4161.09,42,74
2026-06-08T11:36:00Z,4161.09,4162.17,4158.31,4158.31,29,77
2026-06-08T11:37:00Z,4158.31,4161.45,4157.13,4160.10,33,79
2026-06-08T11:38:00Z,4160.10,4164.65,4160.10,4164.34,39,72
2026-06-08T11:39:00Z,4164.34,4164.34,4160.03,4161.71,45,69
2026-06-08T11:40:00Z,4161.71,4164.06,4160.74,4164.06,39,71
2026-06-08T11:41:00Z,4164.06,4164.31,4162.06,4162.06,40,72
2026-06-08T11:42:00Z,4162.06,4162.06,4155.90,4155.90,39,61
2026-06-08T11:43:00Z,4155.90,4159.01,4155.90,4159.01,41,59
2026-06-08T11:44:00Z,4159.01,4160.94,4157.61,4157.61,44,63
2026-06-08T11:45:00Z,4157.61,4158.01,4154.42,4156.79,37,80
2026-06-08T11:46:00Z,4156.79,4158.58,4155.73,4157.59,37,72
2026-06-08T11:47:00Z,4157.59,4159.14,4155.61,4157.67,34,76
2026-06-08T11:48:00Z,4157.67,4158.04,4155.73,4156.22,35,60
2026-06-08T11:49:00Z,4156.22,4158.64,4154.85,4158.64,34,63
2026-06-08T11:50:00Z,4158.64,4159.58,4153.80,4153.92,33,51
2026-06-08T11:51:00Z,4153.92,4154.04,4151.99,4152.40,45,51
2026-06-08T11:52:00Z,4152.40,4152.40,4149.63,4149.63,32,72
2026-06-08T11:53:00Z,4149.63,4149.63,4144.39,4144.39,46,63
2026-06-08T11:54:00Z,4144.39,4147.10,4144.39,4146.02,49,57
2026-06-08T11:55:00Z,4146.02,4146.71,4144.10,4146.71,40,77
2026-06-08T11:56:00Z,4146.71,4147.32,4143.73,4147.32,43,58
2026-06-08T11:57:00Z,4147.32,4149.87,4145.81,4148.82,46,59
2026-06-08T11:58:00Z,4148.82,4150.45,4147.90,4150.45,41,54
2026-06-08T11:59:00Z,4150.45,4152.00,4147.71,4150.19,39,68
2026-06-08T12:00:00Z,4150.19,4150.19,4142.60,4142.78,51,72
2026-06-08T12:01:00Z,4142.78,4143.83,4142.07,4142.34,46,77
2026-06-08T12:02:00Z,4142.34,4142.34,4136.84,4137.09,44,75
2026-06-08T12:03:00Z,4137.09,4138.37,4136.49,4138.16,45,70
2026-06-08T12:04:00Z,4138.16,4138.72,4136.00,4138.09,45,62
2026-06-08T12:05:00Z,4138.09,4139.98,4136.16,4139.98,42,53
2026-06-08T12:06:00Z,4139.98,4139.98,4134.01,4134.15,39,75
2026-06-08T12:07:00Z,4134.15,4136.56,4133.95,4136.28,43,58
2026-06-08T12:08:00Z,4136.28,4137.60,4133.79,4134.38,46,51
2026-06-08T12:09:00Z,4134.38,4134.52,4131.56,4131.56,50,50
2026-06-08T12:10:00Z,4131.56,4134.27,4131.19,4131.41,46,70
2026-06-08T12:11:00Z,4131.41,4137.21,4131.41,4137.01,45,80
2026-06-08T12:12:00Z,4137.01,4140.35,4136.17,4140.35,53,52
2026-06-08T12:13:00Z,4140.35,4141.56,4139.05,4139.05,51,79
2026-06-08T12:14:00Z,4139.05,4139.05,4136.53,4136.53,54,59
2026-06-08T12:15:00Z,4136.53,4138.77,4136.53,4137.88,42,51
2026-06-08T12:16:00Z,4137.88,4140.42,4137.19,4138.66,44,77
2026-06-08T12:17:00Z,4138.66,4144.58,4138.66,4144.27,48,56
2026-06-08T12:18:00Z,4144.27,4144.27,4142.46,4142.74,46,73
2026-06-08T12:19:00Z,4142.74,4142.74,4138.86,4138.86,47,71
2026-06-08T12:20:00Z,4138.86,4139.92,4137.09,4137.09,54,69
2026-06-08T12:21:00Z,4137.09,4138.12,4135.45,4135.95,50,52
2026-06-08T12:22:00Z,4135.95,4137.59,4135.79,4137.59,48,73
2026-06-08T12:23:00Z,4137.59,4138.60,4135.58,4135.58,59,60
2026-06-08T12:24:00Z,4135.58,4137.74,4133.67,4133.67,55,64
2026-06-08T12:25:00Z,4133.67,4134.99,4132.64,4134.44,53,71
2026-06-08T12:26:00Z,4134.44,4136.03,4133.96,4134.99,51,75
2026-06-08T12:27:00Z,4134.99,4138.85,4134.99,4136.88,51,55
2026-06-08T12:28:00Z,4136.88,4137.56,4136.04,4136.64,59,59
2026-06-08T12:29:00Z,4136.64,4142.06,4136.64,4140.05,48,79
2026-06-08T12:30:00Z,4140.05,4141.00,4137.60,4138.29,55,77
2026-06-08T12:31:00Z,4138.29,4138.40,4133.97,4134.93,51,79
2026-06-08T12:32:00Z,4134.93,4138.13,4134.61,4138.07,53,69
2026-06-08T12:33:00Z,4138.07,4141.12,4136.84,4141.12,49,52
2026-06-08T12:34:00Z,4141.12,4144.44,4141.12,4142.97,50,75
2026-06-08T12:35:00Z,4142.97,4143.63,4140.65,4143.63,64,56
2026-06-08T12:36:00Z,4143.63,4144.14,4140.63,4144.14,66,50
2026-06-08T12:37:00Z,4144.14,4149.01,4143.96,4145.81,57,54
2026-06-08T12:38:00Z,4145.81,4145.84,4141.74,4141.74,51,62
2026-06-08T12:39:00Z,4141.74,4144.91,4141.74,4144.91,55,67
2026-06-08T12:40:00Z,4144.91,4148.52,4144.18,4148.52,61,70
2026-06-08T12:41:00Z,4148.52,4150.93,4147.46,4147.58,52,78
2026-06-08T12:42:00Z,4147.58,4149.09,4145.78,4149.09,56,64
2026-06-08T12:43:00Z,4149.09,4150.18,4146.38,4146.38,65,57
2026-06-08T12:44:00Z,4146.38,4147.11,4144.03,4144.84,56,59
2026-06-08T12:45:00Z,4144.84,4146.42,4143.24,4145.50,55,63
2026-06-08T12:46:00Z,4145.50,4146.66,4145.42,4146.66,61,52
2026-06-08T12:47:00Z,4146.66,4148.33,4145.71,4147.35,68,52
2026-06-08T12:48:00Z,4147.35,4147.79,4144.30,4145.22,72,72
2026-06-08T12:49:00Z,4145.22,4145.94,4143.19,4143.98,73,71
2026-06-08T12:50:00Z,4143.98,4144.42,4141.93,4142.30,70,50
2026-06-08T12:51:00Z,4142.30,4144.12,4141.80,4142.38,64,66
2026-06-08T12:52:00Z,4142.38,4142.38,4137.62,4138.82,60,79
2026-06-08T12:53:00Z,4138.82,4138.82,4133.31,4133.31,60,75
2026-06-08T12:54:00Z,4133.31,4133.31,4131.19,4131.47,63,73
2026-06-08T12:55:00Z,4131.47,4133.72,4131.34,4133.07,67,64
2026-06-08T12:56:00Z,4133.07,4133.58,4131.16,4131.16,68,55
2026-06-08T12:57:00Z,4131.16,4131.76,4128.27,4128.27,62,75
2026-06-08T12:58:00Z,4128.27,4131.56,4128.27,4130.96,75,75
2026-06-08T12:59:00Z,4130.96,4132.15,4130.85,4131.34,67,51
2026-06-08T13:00:00Z,4131.34,4132.87,4129.26,4132.87,77,77
2026-06-08T13:01:00Z,4132.87,4134.18,4132.43,4133.25,76,65
2026-06-08T13:02:00Z,4133.25,4136.15,4133.25,4134.20,73,57
2026-06-08T13:03:00Z,4134.20,4135.26,4132.35,4135.26,77,52
2026-06-08T13:04:00Z,4135.26,4138.09,4135.26,4137.57,71,69
2026-06-08T13:05:00Z,4137.57,4138.56,4136.92,4138.22,75,52
2026-06-08T13:06:00Z,4138.22,4140.75,4138.22,4139.27,74,76
2026-06-08T13:07:00Z,4139.27,4141.23,4138.69,4141.14,74,61
2026-06-08T13:08:00Z,4141.14,4143.80,4140.41,4143.80,83,78
2026-06-08T13:09:00Z,4143.80,4143.80,4140.92,4140.92,82,53
2026-06-08T13:10:00Z,4140.92,4141.82,4137.43,4137.53,75,61
2026-06-08T13:11:00Z,4137.53,4137.53,4133.61,4135.18,81,69
2026-06-08T13:12:00Z,4135.18,4135.65,4133.25,4133.25,80,51
2026-06-08T13:13:00Z,4133.25,4133.35,4131.52,4131.52,79,59
2026-06-08T13:14:00Z,4131.52,4132.68,4131.52,4132.68,89,72
2026-06-08T13:15:00Z,4132.68,4137.52,4131.54,4137.52,87,57
2026-06-08T13:16:00Z,4137.52,4138.85,4136.51,4136.51,81,63
2026-06-08T13:17:00Z,4136.51,4137.15,4135.60,4137.15,85,59
2026-06-08T13:18:00Z,4137.15,4137.18,4134.32,4134.82,79,68
2026-06-08T13:19:00Z,4134.82,4137.27,4134.82,4136.89,80,53
2026-06-08T13:20:00Z,4136.89,4138.13,4134.29,4134.38,90,67
2026-06-08T13:21:00Z,4134.38,4136.96,4131.97,4136.96,82,63
2026-06-08T13:22:00Z,4136.96,4139.17,4136.28,4137.57,79,67
2026-06-08T13:23:00Z,4137.57,4137.57,4134.73,4135.83,95,58
2026-06-08T13:24:00Z,4135.83,4141.07,4135.83,4141.07,94,58
2026-06-08T13:25:00Z,4141.07,4141.63,4139.29,4139.29,83,60
2026-06-08T13:26:00Z,4139.29,4140.04,4137.92,4139.77,87,63
2026-06-08T13:27:00Z,4139.77,4142.85,4139.50,4140.32,93,50
2026-06-08T13:28:00Z,4140.32,4141.68,4139.66,4139.87,87,62
2026-06-08T13:29:00Z,4139.87,4141.31,4138.63,4138.64,99,54
2026-06-08T13:30:00Z,4138.64,4140.16,4135.13,4136.56,94,66
2026-06-08T13:31:00Z,4136.56,4138.28,4135.23,4137.98,86,74
2026-06-08T13:32:00Z,4137.98,4138.34,4132.10,4132.10,92,57
2026-06-08T13:33:00Z,4132.10,4138.82,4132.10,4137.97,103,54
2026-06-08T13:34:00Z,4137.97,4138.30,4135.83,4136.73,99,57
2026-06-08T13:35:00Z,4136.73,4137.95,4135.85,4136.58,95,74
2026-06-08T13:36:00Z,4136.58,4137.01,4134.13,4135.06,105,52
2026-06-08T13:37:00Z,4135.06,4136.67,4133.68,4134.37,101,69
2026-06-08T13:38:00Z,4134.37,4134.68,4131.14,4131.14,105,66
2026-06-08T13:39:00Z,4131.14,4132.34,4129.90,4129.90,94,68
2026-06-08T13:40:00Z,4129.90,4131.02,4129.23,4129.75,96,51
2026-06-08T13:41:00Z,4129.75,4131.44,4128.54,4130.31,104,71
2026-06-08T13:42:00Z,4130.31,4132.18,4126.90,4130.99,99,52
2026-06-08T13:43:00Z,4130.99,4132.42,4129.93,4131.54,109,63
2026-06-08T13:44:00Z,4131.54,4135.72,4131.54,4135.72,101,56
2026-06-08T13:45:00Z,4135.72,4138.44,4134.63,4135.61,106,72
2026-06-08T13:46:00Z,4135.61,4138.61,4135.00,4138.57,107,52
2026-06-08T13:47:00Z,4138.57,4140.19,4138.55,4138.61,103,69
2026-06-08T13:48:00Z,4138.61,4139.86,4137.43,4138.96,105,51
2026-06-08T13:49:00Z,4138.96,4139.68,4137.75,4138.36,108,52
2026-06-08T13:50:00Z,4138.36,4138.36,4135.59,4135.59,119,71
2026-06-08T13:51:00Z,4135.59,4137.00,4134.91,4135.76,114,64
2026-06-08T13:52:00Z,4135.76,4140.38,4135.76,4139.64,109,57
2026-06-08T13:53:00Z,4139.64,4142.49,4138.95,4142.17,106,65
2026-06-08T13:54:00Z,4142.17,4145.16,4142.09,4144.85,109,75
2026-06-08T13:55:00Z,4144.85,4145.91,4142.07,4145.48,113,80
2026-06-08T13:56:00Z,4145.48,4145.48,4139.31,4139.31,108,58
2026-06-08T13:57:00Z,4139.31,4139.31,4136.11,4136.76,122,63
2026-06-08T13:58:00Z,4136.76,4137.01,4134.84,4136.93,118,62
2026-06-08T13:59:00Z,4136.93,4139.99,4136.60,4139.95,118,65
2026-06-09T08:00:00Z,4130.52,4131.15,4127.19,4128.00,127,253
2026-06-09T08:01:00Z,4128.00,4128.53,4127.03,4127.96,113,187
2026-06-09T08:02:00Z,4127.96,4130.23,4127.96,4129.28,121,183
2026-06-09T08:03:00Z,4129.28,4129.28,4127.04,4128.16,119,160
2026-06-09T08:04:00Z,4128.16,4129.56,4126.90,4129.56,110,191
2026-06-09T08:05:00Z,4129.56,4133.80,4128.39,4133.08,120,123
2026-06-09T08:06:00Z,4133.08,4133.27,4128.75,4128.75,122,142
2026-06-09T08:07:00Z,4128.75,4132.62,4128.14,4131.98,116,147
2026-06-09T08:08:00Z,4131.98,4132.31,4129.26,4130.12,107,164
2026-06-09T08:09:00Z,4130.12,4130.58,4129.05,4129.59,109,153
2026-06-09T08:10:00Z,4129.59,4131.27,4128.87,4130.92,104,115
2026-06-09T08:11:00Z,4130.92,4133.03,4130.05,4133.03,117,137
2026-06-09T08:12:00Z,4133.03,4133.60,4127.65,4130.05,117,107
2026-06-09T08:13:00Z,4130.05,4130.05,4127.29,4127.37,103,98
2026-06-09T08:14:00Z,4127.37,4129.03,4127.05,4127.15,108,86
2026-06-09T08:15:00Z,4127.15,4127.15,4125.25,4126.73,110,91
2026-06-09T08:16:00Z,4126.73,4127.30,4125.14,4125.30,112,115
2026-06-09T08:17:00Z,4125.30,4127.40,4124.87,4126.63,102,92
2026-06-09T08:18:00Z,4126.63,4131.56,4125.62,4131.56,111,76
2026-06-09T08:19:00Z,4131.56,4136.09,4131.16,4136.09,104,80
2026-06-09T08:20:00Z,4136.09,4137.20,4134.13,4137.20,105,102
2026-06-09T08:21:00Z,4137.20,4137.20,4132.71,4132.95,109,77
2026-06-09T08:22:00Z,4132.95,4134.93,4132.89,4134.93,98,69
2026-06-09T08:23:00Z,4134.93,4135.72,4133.52,4133.52,92,73
2026-06-09T08:24:00Z,4133.52,4133.71,4131.91,4132.83,98,83
2026-06-09T08:25:00Z,4132.83,4134.75,4132.78,4134.62,105,94
2026-06-09T08:26:00Z,4134.62,4136.13,4133.90,4133.90,104,63
2026-06-09T08:27:00Z,4133.90,4135.44,4133.78,4134.59,93,65
2026-06-09T08:28:00Z,4134.59,4137.55,4134.59,4137.55,88,76
2026-06-09T08:29:00Z,4137.55,4139.32,4136.83,4138.08,97,77
2026-06-09T08:30:00Z,4138.08,4139.99,4137.62,4137.88,96,86
2026-06-09T08:31:00Z,4137.88,4140.90,4136.46,4140.90,86,89
2026-06-09T08:32:00Z,4140.90,4140.90,4137.64,4137.64,86,85
2026-06-09T08:33:00Z,4137.64,4140.85,4137.64,4138.06,85,86
2026-06-09T08:34:00Z,4138.06,4138.68,4137.26,4137.82,94,68
2026-06-09T08:35:00Z,4137.82,4138.63,4135.40,4135.40,96,58
2026-06-09T08:36:00Z,4135.40,4137.80,4135.40,4137.36,96,71
2026-06-09T08:37:00Z,4137.36,4137.36,4134.81,4134.81,87,61
2026-06-09T08:38:00Z,4134.81,4134.81,4132.45,4132.48,95,56
2026-06-09T08:39:00Z,4132.48,4134.15,4132.02,4132.02,84,54
2026-06-09T08:40:00Z,4132.02,4135.21,4131.90,4134.75,93,77
2026-06-09T08:41:00Z,4134.75,4137.97,4134.75,4137.97,93,77
2026-06-09T08:42:00Z,4137.97,4139.68,4135.52,4139.68,85,81
2026-06-09T08:43:00Z,4139.68,4139.86,4136.48,4136.48,86,55
2026-06-09T08:44:00Z,4136.48,4137.45,4135.47,4136.85,80,71
2026-06-09T08:45:00Z,4136.85,4137.02,4134.04,4135.23,84,57
2026-06-09T08:46:00Z,4135.23,4136.65,4134.04,4134.57,87,72
2026-06-09T08:47:00Z,4134.57,4135.70,4133.15,4133.29,88,62
2026-06-09T08:48:00Z,4133.29,4134.21,4132.36,4133.43,82,66
2026-06-09T08:49:00Z,4133.43,4133.43,4127.58,4129.49,82,77
2026-06-09T08:50:00Z,4129.49,4130.07,4127.54,4128.46,71,57
2026-06-09T08:51:00Z,4128.46,4129.41,4126.54,4126.54,74,60
2026-06-09T08:52:00Z,4126.54,4130.44,4126.54,4129.50,82,60
2026-06-09T08:53:00Z,4129.50,4131.47,4128.73,4131.47,80,60
2026-06-09T08:54:00Z,4131.47,4134.72,4131.47,4132.97,81,58
2026-06-09T08:55:00Z,4132.97,4134.61,4132.19,4133.84,75,57
2026-06-09T08:56:00Z,4133.84,4135.98,4133.81,4134.48,68,77
2026-06-09T08:57:00Z,4134.48,4138.53,4134.48,4138.53,79,69
2026-06-09T08:58:00Z,4138.53,4138.94,4134.63,4136.27,74,74
2026-06-09T08:59:00Z,4136.27,4137.75,4134.01,4136.13,75,59
2026-06-09T09:00:00Z,4136.13,4136.13,4134.20,4134.42,79,67
2026-06-09T09:01:00Z,4134.42,4136.84,4133.53,4136.56,65,68
2026-06-09T09:02:00Z,4136.56,4137.18,4135.53,4136.70,63,57
2026-06-09T09:03:00Z,4136.70,4138.68,4135.78,4137.70,78,65
2026-06-09T09:04:00Z,4137.70,4139.26,4137.28,4137.65,73,64
2026-06-09T09:05:00Z,4137.65,4140.73,4137.07,4138.43,73,71
2026-06-09T09:06:00Z,4138.43,4143.02,4138.43,4140.15,66,63
2026-06-09T09:07:00Z,4140.15,4141.13,4138.69,4140.24,59,55
2026-06-09T09:08:00Z,4140.24,4140.73,4137.80,4139.55,74,62
2026-06-09T09:09:00Z,4139.55,4141.96,4139.55,4141.96,68,62
2026-06-09T09:10:00Z,4141.96,4143.00,4140.16,4141.75,70,54
2026-06-09T09:11:00Z,4141.75,4144.01,4141.10,4144.01,57,53
2026-06-09T09:12:00Z,4144.01,4144.35,4142.89,4143.33,59,65
2026-06-09T09:13:00Z,4143.33,4144.18,4141.64,4143.35,62,54
2026-06-09T09:14:00Z,4143.35,4144.57,4139.47,4139.47,64,68
2026-06-09T09:15:00Z,4139.47,4139.47,4132.63,4132.63,64,78
2026-06-09T09:16:00Z,4132.63,4134.00,4131.51,4131.79,54,54
2026-06-09T09:17:00Z,4131.79,4136.12,4131.79,4136.07,57,73
2026-06-09T09:18:00Z,4136.07,4139.09,4135.60,4138.65,68,61
2026-06-09T09:19:00Z,4138.65,4139.45,4136.61,4136.70,66,67
2026-06-09T09:20:00Z,4136.70,4141.80,4136.70,4141.80,52,67
2026-06-09T09:21:00Z,4141.80,4146.70,4141.80,4144.27,57,67
2026-06-09T09:22:00Z,4144.27,4144.27,4140.22,4142.94,53,78
2026-06-09T09:23:00Z,4142.94,4145.11,4141.80,4144.45,65,64
2026-06-09T09:24:00Z,4144.45,4144.64,4142.11,4142.91,66,77
2026-06-09T09:25:00Z,4142.91,4144.54,4142.81,4142.95,56,57
2026-06-09T09:26:00Z,4142.95,4144.54,4142.48,4144.54,59,61
2026-06-09T09:27:00Z,4144.54,4145.11,4142.90,4144.89,55,50
2026-06-09T09:28:00Z,4144.89,4147.01,4144.83,4145.34,52,62
2026-06-09T09:29:00Z,4145.34,4147.31,4145.34,4146.04,49,80
2026-06-09T09:30:00Z,4146.04,4146.73,4142.45,4142.45,51,71
2026-06-09T09:31:00Z,4142.45,4144.82,4142.14,4144.73,52,66
2026-06-09T09:32:00Z,4144.73,4148.08,4144.47,4147.85,48,69
2026-06-09T09:33:00Z,4147.85,4148.83,4147.37,4148.55,45,69
2026-06-09T09:34:00Z,4148.55,4153.42,4147.76,4151.54,56,74
2026-06-09T09:35:00Z,4151.54,4154.30,4150.87,4151.41,55,67
2026-06-09T09:36:00Z,4151.41,4151.41,4145.98,4146.61,46,60
2026-06-09T09:37:00Z,4146.61,4149.53,4146.61,4146.65,55,50
2026-06-09T09:38:00Z,4146.65,4148.99,4146.51,4147.94,59,66
2026-06-09T09:39:00Z,4147.94,4147.94,4145.93,4147.38,54,71
2026-06-09T09:40:00Z,4147.38,4147.38,4142.17,4143.76,46,65
2026-06-09T09:41:00Z,4143.76,4146.56,4142.78,4145.75,42,78
2026-06-09T09:42:00Z,4145.75,4145.75,4142.45,4145.22,49,79
2026-06-09T09:43:00Z,4145.22,4147.77,4144.18,4144.18,43,63
2026-06-09T09:44:00Z,4144.18,4146.05,4142.79,4146.02,50,54
2026-06-09T09:45:00Z,4146.02,4148.82,4145.69,4148.82,53,71
2026-06-09T09:46:00Z,4148.82,4150.70,4148.54,4149.99,51,80
2026-06-09T09:47:00Z,4149.99,4154.88,4149.99,4154.71,41,57
2026-06-09T09:48:00Z,4154.71,4155.28,4152.30,4152.30,40,74
2026-06-09T09:49:00Z,4152.30,4152.89,4149.93,4149.93,52,70
2026-06-09T09:50:00Z,4149.93,4150.65,4148.49,4149.90,38,69
2026-06-09T09:51:00Z,4149.90,4154.36,4147.91,4154.36,38,63
2026-06-09T09:52:00Z,4154.36,4155.83,4152.09,4153.01,45,53
2026-06-09T09:53:00Z,4153.01,4156.60,4153.01,4154.02,43,77
2026-06-09T09:54:00Z,4154.02,4154.85,4152.73,4153.82,37,56
2026-06-09T09:55:00Z,4153.82,4155.14,4151.78,4154.88,41,72
2026-06-09T09:56:00Z,4154.88,4155.12,4153.48,4154.87,36,67
2026-06-09T09:57:00Z,4154.87,4155.59,4154.03,4154.47,49,62
2026-06-09T09:58:00Z,4154.47,4155.56,4153.46,4155.06,44,59
2026-06-09T09:59:00Z,4155.06,4160.99,4154.94,4160.27,43,73
2026-06-09T10:00:00Z,4160.27,4161.64,4159.67,4160.41,39,53
2026-06-09T10:01:00Z,4160.41,4162.64,4160.00,4162.59,36,67
2026-06-09T10:02:00Z,4162.59,4164.51,4161.06,4163.27,36,62
2026-06-09T10:03:00Z,4163.27,4164.40,4162.90,4163.34,50,67
2026-06-09T10:04:00Z,4163.34,4163.34,4159.95,4162.00,33,62
2026-06-09T10:05:00Z,4162.00,4163.97,4161.12,4163.20,49,64
2026-06-09T10:06:00Z,4163.20,4166.05,4163.20,4164.92,41,65
2026-06-09T10:07:00Z,4164.92,4169.33,4162.84,4169.33,48,64
2026-06-09T10:08:00Z,4169.33,4169.78,4167.97,4168.44,39,77
2026-06-09T10:09:00Z,4168.44,4176.29,4168.44,4175.85,36,76
2026-06-09T10:10:00Z,4175.85,4176.82,4175.55,4176.82,43,61
2026-06-09T10:11:00Z,4176.82,4176.82,4173.10,4175.28,32,76
2026-06-09T10:12:00Z,4175.28,4176.53,4173.63,4176.53,40,57
2026-06-09T10:13:00Z,4176.53,4176.89,4174.62,4175.00,31,61
2026-06-09T10:14:00Z,4175.00,4177.27,4173.96,4177.07,45,69
2026-06-09T10:15:00Z,4177.07,4182.24,4175.67,4180.86,45,59
2026-06-09T10:16:00Z,4180.86,4183.87,4179.89,4181.91,42,72
2026-06-09T10:17:00Z,4181.91,4184.47,4181.59,4183.87,42,59
2026-06-09T10:18:00Z,4183.87,4186.47,4183.52,4186.47,31,52
2026-06-09T10:19:00Z,4186.47,4190.06,4185.76,4190.06,43,52
2026-06-09T10:20:00Z,4190.06,4191.00,4188.75,4190.07,29,75
2026-06-09T10:21:00Z,4190.07,4191.77,4189.98,4191.44,38,65
2026-06-09T10:22:00Z,4191.44,4192.06,4190.10,4191.98,36,77
2026-06-09T10:23:00Z,4191.98,4193.53,4191.95,4192.07,44,57
2026-06-09T10:24:00Z,4192.07,4192.12,4190.11,4191.11,44,56
2026-06-09T10:25:00Z,4191.11,4192.22,4188.48,4188.49,36,64
2026-06-09T10:26:00Z,4188.49,4188.91,4186.07,4186.07,28,67
2026-06-09T10:27:00Z,4186.07,4186.07,4182.84,4185.13,41,57
2026-06-09T10:28:00Z,4185.13,4192.03,4185.12,4190.75,34,57
2026-06-09T10:29:00Z,4190.75,4191.14,4189.38,4191.05,41,59
2026-06-09T10:30:00Z,4191.05,4192.19,4189.88,4192.19,28,62
2026-06-09T10:31:00Z,4192.19,4194.89,4191.85,4194.29,35,54
2026-06-09T10:32:00Z,4194.29,4195.79,4193.25,4195.79,40,57
2026-06-09T10:33:00Z,4195.79,4198.29,4195.58,4196.14,29,72
2026-06-09T10:34:00Z,4196.14,4200.81,4196.14,4200.68,40,61
2026-06-09T10:35:00Z,4200.68,4202.26,4194.36,4194.73,38,60
2026-06-09T10:36:00Z,4194.73,4196.35,4194.60,4195.41,27,73
2026-06-09T10:37:00Z,4195.41,4195.41,4191.48,4191.59,33,51
2026-06-09T10:38:00Z,4191.59,4194.36,4191.59,4193.99,38,59
2026-06-09T10:39:00Z,4193.99,4195.58,4192.56,4194.99,38,56
2026-06-09T10:40:00Z,4194.99,4195.95,4192.44,4195.57,36,80
2026-06-09T10:41:00Z,4195.57,4197.40,4191.67,4191.67,34,70
2026-06-09T10:42:00Z,4191.67,4193.97,4191.67,4193.97,33,53
2026-06-09T10:43:00Z,4193.97,4195.08,4191.22,4192.00,28,52
2026-06-09T10:44:00Z,4192.00,4196.45,4192.00,4194.91,42,57
2026-06-09T10:45:00Z,4194.91,4198.12,4194.91,4198.05,27,69
2026-06-09T10:46:00Z,4198.05,4198.05,4194.68,4196.51,38,68
2026-06-09T10:47:00Z,4196.51,4197.09,4193.72,4193.72,34,50
2026-06-09T10:48:00Z,4193.72,4194.64,4192.93,4193.46,33,74
2026-06-09T10:49:00Z,4193.46,4198.36,4193.18,4198.00,37,79
2026-06-09T10:50:00Z,4198.00,4198.43,4196.60,4198.16,30,75
2026-06-09T10:51:00Z,4198.16,4201.23,4197.09,4199.85,28,79
2026-06-09T10:52:00Z,4199.85,4201.09,4199.23,4200.50,40,51
2026-06-09T10:53:00Z,4200.50,4201.56,4199.81,4200.74,35,54
2026-06-09T10:54:00Z,4200.74,4202.33,4200.20,4200.74,28,71
2026-06-09T10:55:00Z,4200.74,4202.73,4200.10,4201.87,33,50
2026-06-09T10:56:00Z,4201.87,4203.21,4200.74,4202.24,28,67
2026-06-09T10:57:00Z,4202.24,4204.08,4199.47,4199.72,37,55
2026-06-09T10:58:00Z,4199.72,4203.12,4199.72,4201.85,39,53
2026-06-09T10:59:00Z,4201.85,4204.64,4200.02,4202.11,28,60
2026-06-09T11:00:00Z,4202.11,4205.18,4201.05,4201.83,35,74
2026-06-09T11:01:00Z,4201.83,4205.02,4201.83,4202.38,26,70
2026-06-09T11:02:00Z,4202.38,4202.38,4199.24,4199.24,26,74
2026-06-09T11:03:00Z,4199.24,4203.28,4199.24,4203.28,28,58
2026-06-09T11:04:00Z,4203.28,4207.93,4203.28,4207.93,36,65
2026-06-09T11:05:00Z,4207.93,4207.93,4205.17,4205.89,28,80
2026-06-09T11:06:00Z,4205.89,4207.48,4204.98,4207.48,35,60
2026-06-09T11:07:00Z,4207.48,4211.10,4207.48,4211.10,32,51
2026-06-09T11:08:00Z,4211.10,4214.95,4211.10,4213.51,40,58
2026-06-09T11:09:00Z,4213.51,4213.51,4207.92,4207.92,28,75
2026-06-09T11:10:00Z,4207.92,4209.89,4206.29,4206.29,31,74
2026-06-09T11:11:00Z,4206.29,4207.87,4205.34,4206.49,32,51
2026-06-09T11:12:00Z,4206.49,4207.69,4205.73,4207.69,32,71
2026-06-09T11:13:00Z,4207.69,4207.69,4204.94,4207.19,26,53
2026-06-09T11:14:00Z,4207.19,4207.19,4205.10,4205.10,27,77
2026-06-09T11:15:00Z,4205.10,4207.71,4204.32,4205.88,41,70
2026-06-09T11:16:00Z,4205.88,4210.93,4203.64,4210.93,33,58
2026-06-09T11:17:00Z,4210.93,4211.78,4209.47,4211.78,34,61
2026-06-09T11:18:00Z,4211.78,4211.78,4209.77,4211.13,42,57
2026-06-09T11:19:00Z,4211.13,4211.13,4206.79,4208.37,40,65
2026-06-09T11:20:00Z,4208.37,4208.51,4206.11,4206.30,29,57
2026-06-09T11:21:00Z,4206.30,4209.45,4206.30,4208.78,33,70
2026-06-09T11:22:00Z,4208.78,4208.78,4204.15,4204.15,29,72
2026-06-09T11:23:00Z,4204.15,4205.78,4203.21,4204.81,26,79
2026-06-09T11:24:00Z,4204.81,4204.81,4202.94,4203.59,36,60
2026-06-09T11:25:00Z,4203.59,4205.94,4203.59,4204.36,35,52
2026-06-09T11:26:00Z,4204.36,4208.04,4204.36,4207.72,39,59
2026-06-09T11:27:00Z,4207.72,4208.81,4204.24,4204.26,30,51
2026-06-09T11:28:00Z,4204.26,4205.65,4199.25,4199.25,35,53
2026-06-09T11:29:00Z,4199.25,4199.25,4196.69,4196.81,30,59
2026-06-09T11:30:00Z,4196.81,4199.49,4194.62,4198.77,35,69
2026-06-09T11:31:00Z,4198.77,4201.12,4198.67,4199.97,42,52
2026-06-09T11:32:00Z,4199.97,4200.63,4197.78,4199.77,42,75
2026-06-09T11:33:00Z,4199.77,4201.66,4199.75,4200.21,43,67
2026-06-09T11:34:00Z,4200.21,4204.65,4200.21,4202.30,33,55
2026-06-09T11:35:00Z,4202.30,4205.68,4201.58,4205.09,35,69
2026-06-09T11:36:00Z,4205.09,4208.53,4205.09,4205.12,36,70
2026-06-09T11:37:00Z,4205.12,4205.12,4201.19,4201.19,39,55
2026-06-09T11:38:00Z,4201.19,4203.88,4200.94,4202.40,41,78
2026-06-09T11:39:00Z,4202.40,4203.16,4200.78,4200.78,33,53
2026-06-09T11:40:00Z,4200.78,4202.17,4200.21,4200.35,30,73
2026-06-09T11:41:00Z,4200.35,4201.14,4198.43,4198.43,34,65
2026-06-09T11:42:00Z,4198.43,4199.27,4196.80,4198.65,41,68
2026-06-09T11:43:00Z,4198.65,4199.48,4197.16,4199.32,43,56
2026-06-09T11:44:00Z,4199.32,4199.89,4197.08,4197.08,33,66
2026-06-09T11:45:00Z,4197.08,4197.08,4194.79,4196.76,37,62
2026-06-09T11:46:00Z,4196.76,4197.42,4195.15,4196.14,46,56
2026-06-09T11:47:00Z,4196.14,4198.19,4194.90,4198.19,46,50
2026-06-09T11:48:00Z,4198.19,4198.19,4196.05,4196.15,41,60
2026-06-09T11:49:00Z,4196.15,4199.86,4196.15,4199.40,44,75
2026-06-09T11:50:00Z,4199.40,4200.96,4197.92,4199.97,48,53
2026-06-09T11:51:00Z,4199.97,4201.43,4196.71,4198.64,46,70
2026-06-09T11:52:00Z,4198.64,4201.19,4197.75,4201.19,47,60
2026-06-09T11:53:00Z,4201.19,4202.80,4198.21,4202.01,36,66
2026-06-09T11:54:00Z,4202.01,4202.84,4200.38,4202.64,47,71
2026-06-09T11:55:00Z,4202.64,4207.45,4202.64,4206.67,41,66
2026-06-09T11:56:00Z,4206.67,4207.19,4205.17,4205.55,39,54
2026-06-09T11:57:00Z,4205.55,4206.88,4203.77,4203.77,39,78
2026-06-09T11:58:00Z,4203.77,4205.91,4203.77,4204.37,43,66
2026-06-09T11:59:00Z,4204.37,4205.25,4204.01,4205.11,44,56
2026-06-09T12:00:00Z,4205.11,4207.68,4204.98,4207.23,44,68
2026-06-09T12:01:00Z,4207.23,4210.70,4207.23,4210.70,42,67
2026-06-09T12:02:00Z,4210.70,4215.28,4210.70,4215.28,51,68
2026-06-09T12:03:00Z,4215.28,4215.28,4212.13,4212.86,51,80
2026-06-09T12:04:00Z,4212.86,4214.72,4212.86,4213.57,47,68
2026-06-09T12:05:00Z,4213.57,4214.03,4211.30,4214.03,37,68
2026-06-09T12:06:00Z,4214.03,4220.15,4214.03,4219.18,39,62
2026-06-09T12:07:00Z,4219.18,4219.43,4216.09,4216.09,39,77
2026-06-09T12:08:00Z,4216.09,4217.39,4215.14,4216.22,48,51
2026-06-09T12:09:00Z,4216.22,4216.81,4213.42,4213.42,50,51
2026-06-09T12:10:00Z,4213.42,4213.91,4211.34,4213.42,50,51
2026-06-09T12:11:00Z,4213.42,4218.20,4213.25,4218.17,43,67
2026-06-09T12:12:00Z,4218.17,4218.17,4213.48,4213.48,51,69
2026-06-09T12:13:00Z,4213.48,4215.89,4213.40,4215.32,49,54
2026-06-09T12:14:00Z,4215.32,4217.45,4215.25,4217.08,50,54
2026-06-09T12:15:00Z,4217.08,4220.68,4216.97,4219.89,41,73
2026-06-09T12:16:00Z,4219.89,4221.54,4218.83,4221.15,56,62
2026-06-09T12:17:00Z,4221.15,4224.00,4221.00,4223.48,52,64
2026-06-09T12:18:00Z,4223.48,4224.53,4222.30,4222.30,42,71
2026-06-09T12:19:00Z,4222.30,4226.29,4221.35,4225.41,49,77
2026-06-09T12:20:00Z,4225.41,4225.93,4223.25,4223.54,45,58
2026-06-09T12:21:00Z,4223.54,4223.54,4220.30,4220.38,50,53
2026-06-09T12:22:00Z,4220.38,4221.01,4218.80,4220.38,47,60
2026-06-09T12:23:00Z,4220.38,4221.85,4219.36,4219.36,49,54
2026-06-09T12:24:00Z,4219.36,4222.38,4219.17,4221.96,55,76
2026-06-09T12:25:00Z,4221.96,4222.39,4219.43,4222.39,53,77
2026-06-09T12:26:00Z,4222.39,4222.73,4219.38,4220.79,54,65
2026-06-09T12:27:00Z,4220.79,4222.20,4218.77,4220.43,56,74
2026-06-09T12:28:00Z,4220.43,4220.43,4217.68,4219.28,54,55
2026-06-09T12:29:00Z,4219.28,4220.31,4217.98,4218.12,53,75
2026-06-09T12:30:00Z,4218.12,4219.34,4216.90,4219.34,55,74
2026-06-09T12:31:00Z,4219.34,4224.33,4219.34,4224.33,54,52
2026-06-09T12:32:00Z,4224.33,4224.46,4220.86,4220.86,48,54
2026-06-09T12:33:00Z,4220.86,4222.57,4219.58,4221.39,61,71
2026-06-09T12:34:00Z,4221.39,4222.16,4218.87,4220.00,57,59
2026-06-09T12:35:00Z,4220.00,4221.85,4218.54,4219.98,61,54
2026-06-09T12:36:00Z,4219.98,4220.45,4218.81,4219.67,52,63
2026-06-09T12:37:00Z,4219.67,4221.52,4219.67,4220.76,61,65
2026-06-09T12:38:00Z,4220.76,4224.30,4220.76,4224.30,63,78
2026-06-09T12:39:00Z,4224.30,4226.17,4224.12,4225.30,63,50
2026-06-09T12:40:00Z,4225.30,4229.60,4225.00,4229.41,67,57
2026-06-09T12:41:00Z,4229.41,4230.64,4228.96,4230.64,68,75
2026-06-09T12:42:00Z,4230.64,4230.72,4226.33,4226.33,64,51
2026-06-09T12:43:00Z,4226.33,4228.44,4225.96,4227.68,59,73
2026-06-09T12:44:00Z,4227.68,4229.19,4225.84,4227.31,68,73
2026-06-09T12:45:00Z,4227.31,4228.72,4226.22,4226.22,63,75
2026-06-09T12:46:00Z,4226.22,4228.80,4226.22,4228.30,55,69
2026-06-09T12:47:00Z,4228.30,4233.54,4228.30,4232.53,72,51
2026-06-09T12:48:00Z,4232.53,4234.05,4232.48,4233.98,59,63
2026-06-09T12:49:00Z,4233.98,4236.51,4233.30,4236.51,73,58
2026-06-09T12:50:00Z,4236.51,4237.49,4235.13,4237.49,62,66
2026-06-09T12:51:00Z,4237.49,4239.89,4237.49,4239.44,62,80
2026-06-09T12:52:00Z,4239.44,4241.21,4237.69,4240.70,70,60
2026-06-09T12:53:00Z,4240.70,4242.57,4239.89,4241.18,67,55
2026-06-09T12:54:00Z,4241.18,4241.18,4237.29,4237.29,76,67
2026-06-09T12:55:00Z,4237.29,4238.69,4237.29,4238.23,67,59
2026-06-09T12:56:00Z,4238.23,4240.05,4238.23,4240.05,70,80
2026-06-09T12:57:00Z,4240.05,4240.77,4237.36,4237.53,76,62
2026-06-09T12:58:00Z,4237.53,4237.53,4235.06,4235.25,67,79
2026-06-09T12:59:00Z,4235.25,4235.67,4232.97,4235.67,64,56
2026-06-09T13:00:00Z,4235.67,4236.48,4233.83,4235.21,70,69
2026-06-09T13:01:00Z,4235.21,4235.65,4234.18,4234.87,74,65
2026-06-09T13:02:00Z,4234.87,4236.68,4234.49,4234.49,78,51
2026-06-09T13:03:00Z,4234.49,4236.50,4233.19,4235.61,79,62
2026-06-09T13:04:00Z,4235.61,4235.61,4230.39,4231.08,67,76
2026-06-09T13:05:00Z,4231.08,4231.08,4227.79,4230.41,72,79
2026-06-09T13:06:00Z,4230.41,4233.66,4229.71,4231.99,75,76
2026-06-09T13:07:00Z,4231.99,4231.99,4227.05,4227.36,82,59
2026-06-09T13:08:00Z,4227.36,4227.36,4224.70,4226.49,76,60
2026-06-09T13:09:00Z,4226.49,4226.61,4220.61,4220.61,79,54
2026-06-09T13:10:00Z,4220.61,4221.23,4219.63,4221.19,82,78
2026-06-09T13:11:00Z,4221.19,4221.66,4218.44,4219.16,77,54
2026-06-09T13:12:00Z,4219.16,4220.37,4218.71,4220.33,81,57
2026-06-09T13:13:00Z,4220.33,4222.45,4219.21,4219.35,74,56
2026-06-09T13:14:00Z,4219.35,4220.52,4218.09,4218.77,82,70
2026-06-09T13:15:00Z,4218.77,4219.05,4215.34,4215.56,79,65
2026-06-09T13:16:00Z,4215.56,4218.58,4214.12,4216.85,86,58
2026-06-09T13:17:00Z,4216.85,4218.38,4216.34,4218.38,76,75
2026-06-09T13:18:00Z,4218.38,4222.05,4218.38,4220.52,88,72
2026-06-09T13:19:00Z,4220.52,4221.05,4219.14,4220.67,87,57
2026-06-09T13:20:00Z,4220.67,4222.23,4220.21,4221.45,83,77
2026-06-09T13:21:00Z,4221.45,4221.57,4218.84,4218.94,86,56
2026-06-09T13:22:00Z,4218.94,4223.25,4218.94,4222.37,82,73
2026-06-09T13:23:00Z,4222.37,4223.39,4219.09,4222.32,86,61
2026-06-09T13:24:00Z,4222.32,4225.21,4222.32,4223.28,83,72
2026-06-09T13:25:00Z,4223.28,4223.28,4220.61,4221.06,84,74
2026-06-09T13:26:00Z,4221.06,4223.69,4219.95,4223.66,91,74
2026-06-09T13:27:00Z,4223.66,4226.22,4222.51,4226.22,94,63
2026-06-09T13:28:00Z,4226.22,4227.20,4224.35,4224.35,95,71
2026-06-09T13:29:00Z,4224.35,4224.35,4221.18,4224.25,99,51
2026-06-09T13:30:00Z,4224.25,4226.56,4224.08,4226.30,99,79
2026-06-09T13:31:00Z,4226.30,4226.94,4224.86,4226.05,90,71
2026-06-09T13:32:00Z,4226.05,4228.56,4226.05,4228.56,90,70
2026-06-09T13:33:00Z,4228.56,4231.39,4228.56,4229.84,95,64
2026-06-09T13:34:00Z,4229.84,4230.38,4228.22,4228.22,99,58
2026-06-09T13:35:00Z,4228.22,4229.35,4226.54,4227.50,96,72
2026-06-09T13:36:00Z,4227.50,4229.10,4226.07,4229.10,96,61
2026-06-09T13:37:00Z,4229.10,4229.10,4225.84,4226.50,97,64
2026-06-09T13:38:00Z,4226.50,4228.05,4224.00,4224.39,103,60
2026-06-09T13:39:00Z,4224.39,4227.21,4223.14,4226.76,99,65
2026-06-09T13:40:00Z,4226.76,4227.25,4225.94,4226.92,99,55
2026-06-09T13:41:00Z,4226.92,4227.16,4226.04,4226.07,105,50
2026-06-09T13:42:00Z,4226.07,4226.67,4222.77,4222.88,111,52
2026-06-09T13:43:00Z,4222.88,4225.80,4220.87,4225.36,101,70
2026-06-09T13:44:00Z,4225.36,4232.45,4225.36,4232.45,107,72
2026-06-09T13:45:00Z,4232.45,4232.45,4228.97,4231.17,106,70
2026-06-09T13:46:00Z,4231.17,4233.33,4230.59,4230.71,113,77
2026-06-09T13:47:00Z,4230.71,4231.79,4226.93,4226.93,115,80
2026-06-09T13:48:00Z,4226.93,4227.98,4224.52,4224.52,110,57
2026-06-09T13:49:00Z,4224.52,4225.41,4223.75,4223.75,116,50
2026-06-09T13:50:00Z,4223.75,4223.75,4220.56,4223.15,108,62
2026-06-09T13:51:00Z,4223.15,4223.77,4220.98,4222.22,108,74
2026-06-09T13:52:00Z,4222.22,4222.22,4217.55,4219.56,104,69
2026-06-09T13:53:00Z,4219.56,4221.80,4219.41,4220.20,107,52
2026-06-09T13:54:00Z,4220.20,4222.87,4220.20,4222.64,112,72
2026-06-09T13:55:00Z,4222.64,4223.91,4221.32,4221.36,109,78
2026-06-09T13:56:00Z,4221.36,4222.15,4219.14,4220.53,121,56
2026-06-09T13:57:00Z,4220.53,4222.73,4220.13,4222.73,120,66
2026-06-09T13:58:00Z,4222.73,4226.11,4222.73,4223.73,115,55
2026-06-09T13:59:00Z,4223.73,4227.95,4223.73,4227.17,126,73
2026-06-10T08:00:00Z,4236.27,4237.85,4235.75,4236.56,120,227
2026-06-10T08:01:00Z,4236.56,4236.56,4232.90,4234.00,116,157
2026-06-10T08:02:00Z,4234.00,4235.19,4232.34,4232.85,121,229
2026-06-10T08:03:00Z,4232.85,4234.57,4231.75,4234.26,118,155
2026-06-10T08:04:00Z,4234.26,4234.26,4230.86,4233.59,110,152
2026-06-10T08:05:00Z,4233.59,4233.59,4232.04,4232.39,119,147
2026-06-10T08:06:00Z,4232.39,4232.39,4226.54,4226.54,111,154
2026-06-10T08:07:00Z,4226.54,4228.22,4225.79,4226.90,115,116
2026-06-10T08:08:00Z,4226.90,4229.76,4226.06,4228.63,120,121
2026-06-10T08:09:00Z,4228.63,4231.02,4227.64,4231.02,106,141
2026-06-10T08:10:00Z,4231.02,4231.02,4227.17,4227.49,115,125
2026-06-10T08:11:00Z,4227.49,4229.72,4226.67,4229.45,104,130
2026-06-10T08:12:00Z,4229.45,4229.45,4226.22,4226.42,112,141
2026-06-10T08:13:00Z,4226.42,4226.42,4220.00,4220.00,113,124
2026-06-10T08:14:00Z,4220.00,4222.69,4220.00,4221.35,103,89
2026-06-10T08:15:00Z,4221.35,4227.01,4221.35,4225.98,107,127
2026-06-10T08:16:00Z,4225.98,4225.98,4221.48,4223.93,103,93
2026-06-10T08:17:00Z,4223.93,4223.93,4220.48,4221.63,112,86
2026-06-10T08:18:00Z,4221.63,4221.63,4218.78,4218.78,107,103
2026-06-10T08:19:00Z,4218.78,4219.61,4216.29,4216.29,109,91
2026-06-10T08:20:00Z,4216.29,4217.64,4215.16,4215.16,101,102
2026-06-10T08:21:00Z,4215.16,4216.06,4211.96,4211.96,108,102
2026-06-10T08:22:00Z,4211.96,4214.08,4210.96,4211.07,97,78
2026-06-10T08:23:00Z,4211.07,4212.09,4208.84,4208.84,96,95
2026-06-10T08:24:00Z,4208.84,4209.16,4207.63,4208.94,104,96
2026-06-10T08:25:00Z,4208.94,4210.92,4208.78,4210.12,99,85
2026-06-10T08:26:00Z,4210.12,4211.10,4208.48,4208.69,104,78
2026-06-10T08:27:00Z,4208.69,4210.45,4207.43,4210.45,92,69
2026-06-10T08:28:00Z,4210.45,4213.22,4209.82,4212.76,88,90
2026-06-10T08:29:00Z,4212.76,4212.76,4209.56,4210.26,92,74
2026-06-10T08:30:00Z,4210.26,4213.38,4209.05,4211.87,89,70
2026-06-10T08:31:00Z,4211.87,4212.39,4210.90,4211.37,97,58
2026-06-10T08:32:00Z,4211.37,4213.22,4209.01,4211.44,91,66
2026-06-10T08:33:00Z,4211.44,4213.75,4210.70,4210.70,95,78
2026-06-10T08:34:00Z,4210.70,4211.70,4209.03,4209.33,92,77
2026-06-10T08:35:00Z,4209.33,4213.43,4209.33,4211.80,92,88
2026-06-10T08:36:00Z,4211.80,4214.03,4209.42,4209.42,84,67
2026-06-10T08:37:00Z,4209.42,4209.96,4206.34,4206.34,86,74
2026-06-10T08:38:00Z,4206.34,4206.34,4204.58,4205.00,82,61
2026-06-10T08:39:00Z,4205.00,4208.63,4205.00,4208.51,90,80
2026-06-10T08:40:00Z,4208.51,4211.54,4208.51,4211.54,92,78
2026-06-10T08:41:00Z,4211.54,4211.54,4205.75,4205.75,90,72
2026-06-10T08:42:00Z,4205.75,4205.75,4202.95,4202.97,80,78
2026-06-10T08:43:00Z,4202.97,4204.05,4200.76,4204.05,81,73
2026-06-10T08:44:00Z,4204.05,4206.83,4203.12,4206.83,90,57
2026-06-10T08:45:00Z,4206.83,4208.33,4206.31,4208.33,88,79
2026-06-10T08:46:00Z,4208.33,4208.33,4206.24,4206.34,80,84
2026-06-10T08:47:00Z,4206.34,4206.66,4203.52,4203.52,78,70
2026-06-10T08:48:00Z,4203.52,4205.77,4203.45,4205.00,83,63
2026-06-10T08:49:00Z,4205.00,4205.00,4202.18,4203.32,83,53
2026-06-10T08:50:00Z,4203.32,4206.50,4202.15,4204.95,85,52
2026-06-10T08:51:00Z,4204.95,4207.00,4203.84,4205.87,85,81
2026-06-10T08:52:00Z,4205.87,4206.05,4204.09,4204.31,82,77
2026-06-10T08:53:00Z,4204.31,4207.18,4203.18,4206.24,80,67
2026-06-10T08:54:00Z,4206.24,4207.36,4203.92,4207.36,82,67
2026-06-10T08:55:00Z,4207.36,4207.36,4204.34,4205.52,75,65
2026-06-10T08:56:00Z,4205.52,4212.06,4205.39,4211.73,74,82
2026-06-10T08:57:00Z,4211.73,4213.18,4209.61,4213.18,70,55
2026-06-10T08:58:00Z,4213.18,4216.00,4211.96,4216.00,76,54
2026-06-10T08:59:00Z,4216.00,4216.00,4213.35,4215.85,67,52
2026-06-10T09:00:00Z,4215.85,4219.17,4215.85,4218.35,64,64
2026-06-10T09:01:00Z,4218.35,4219.07,4214.39,4214.39,69,71
2026-06-10T09:02:00Z,4214.39,4217.45,4212.25,4216.86,69,73
2026-06-10T09:03:00Z,4216.86,4220.95,4216.86,4220.95,76,70
2026-06-10T09:04:00Z,4220.95,4220.95,4216.89,4216.89,70,70
2026-06-10T09:05:00Z,4216.89,4216.97,4213.89,4213.89,66,55
2026-06-10T09:06:00Z,4213.89,4215.09,4213.06,4214.01,64,58
2026-06-10T09:07:00Z,4214.01,4214.62,4212.17,4212.17,72,60
2026-06-10T09:08:00Z,4212.17,4216.42,4211.07,4214.40,66,73
2026-06-10T09:09:00Z,4214.40,4214.40,4209.22,4209.22,64,56
2026-06-10T09:10:00Z,4209.22,4209.22,4205.12,4206.63,59,70
2026-06-10T09:11:00Z,4206.63,4207.12,4202.87,4203.67,64,76
2026-06-10T09:12:00Z,4203.67,4204.25,4202.07,4204.04,70,66
2026-06-10T09:13:00Z,4204.04,4208.70,4203.77,4207.49,69,75
2026-06-10T09:14:00Z,4207.49,4211.21,4207.31,4209.56,67,78
2026-06-10T09:15:00Z,4209.56,4212.44,4209.56,4209.79,57,53
2026-06-10T09:16:00Z,4209.79,4211.14,4209.14,4211.14,68,67
2026-06-10T09:17:00Z,4211.14,4211.53,4207.07,4207.29,65,59
2026-06-10T09:18:00Z,4207.29,4210.20,4207.12,4210.04,62,79
2026-06-10T09:19:00Z,4210.04,4211.44,4210.04,4210.06,60,62
2026-06-10T09:20:00Z,4210.06,4210.06,4206.60,4208.52,67,64
2026-06-10T09:21:00Z,4208.52,4209.65,4206.72,4207.15,67,69
2026-06-10T09:22:00Z,4207.15,4208.48,4206.60,4207.87,61,51
2026-06-10T09:23:00Z,4207.87,4209.40,4206.61,4207.83,62,53
2026-06-10T09:24:00Z,4207.83,4210.28,4207.62,4210.28,64,58
2026-06-10T09:25:00Z,4210.28,4213.81,4209.15,4209.15,50,51
2026-06-10T09:26:00Z,4209.15,4213.00,4209.15,4212.19,56,54
2026-06-10T09:27:00Z,4212.19,4214.52,4212.05,4214.47,52,55
2026-06-10T09:28:00Z,4214.47,4214.47,4212.69,4213.35,63,66
2026-06-10T09:29:00Z,4213.35,4216.10,4212.79,4214.80,48,69
2026-06-10T09:30:00Z,4214.80,4214.89,4213.24,4214.52,63,64
2026-06-10T09:31:00Z,4214.52,4214.52,4212.02,4213.45,59,64
2026-06-10T09:32:00Z,4213.45,4213.68,4211.95,4212.38,47,77
2026-06-10T09:33:00Z,4212.38,4212.38,4209.54,4210.05,54,79
2026-06-10T09:34:00Z,4210.05,4212.77,4210.05,4212.77,59,50
2026-06-10T09:35:00Z,4212.77,4212.96,4210.11,4210.11,56,72
2026-06-10T09:36:00Z,4210.11,4213.19,4210.11,4212.14,49,53
2026-06-10T09:37:00Z,4212.14,4214.99,4209.85,4214.99,48,50
2026-06-10T09:38:00Z,4214.99,4216.51,4214.17,4215.99,44,77
2026-06-10T09:39:00Z,4215.99,4221.69,4215.99,4221.03,51,57
2026-06-10T09:40:00Z,4221.03,4222.34,4219.81,4221.79,45,58
2026-06-10T09:41:00Z,4221.79,4223.64,4219.60,4219.60,50,75
2026-06-10T09:42:00Z,4219.60,4224.86,4219.60,4223.75,54,78
2026-06-10T09:43:00Z,4223.75,4227.68,4223.55,4227.68,51,57
2026-06-10T09:44:00Z,4227.68,4229.90,4226.34,4229.90,57,54
2026-06-10T09:45:00Z,4229.90,4233.41,4229.90,4233.41,43,64
2026-06-10T09:46:00Z,4233.41,4234.06,4232.82,4234.06,53,78
2026-06-10T09:47:00Z,4234.06,4236.72,4233.64,4236.72,40,55
2026-06-10T09:48:00Z,4236.72,4238.53,4235.68,4238.53,46,51
2026-06-10T09:49:00Z,4238.53,4240.73,4237.38,4240.52,40,62
2026-06-10T09:50:00Z,4240.52,4240.79,4238.94,4240.37,45,61
2026-06-10T09:51:00Z,4240.37,4241.39,4238.60,4238.60,53,72
2026-06-10T09:52:00Z,4238.60,4240.52,4238.60,4240.50,47,55
2026-06-10T09:53:00Z,4240.50,4242.09,4239.71,4239.93,52,78
2026-06-10T09:54:00Z,4239.93,4243.10,4239.62,4243.10,52,67
2026-06-10T09:55:00Z,4243.10,4243.10,4238.82,4239.05,36,52
2026-06-10T09:56:00Z,4239.05,4241.21,4239.05,4240.92,52,54
2026-06-10T09:57:00Z,4240.92,4241.32,4237.24,4237.31,49,57
2026-06-10T09:58:00Z,4237.31,4237.71,4235.15,4235.77,36,69
2026-06-10T09:59:00Z,4235.77,4235.77,4232.04,4232.04,46,74
2026-06-10T10:00:00Z,4232.04,4235.36,4232.04,4234.15,45,61
2026-06-10T10:01:00Z,4234.15,4236.39,4233.18,4235.75,42,71
2026-06-10T10:02:00Z,4235.75,4236.46,4234.35,4234.62,47,58
2026-06-10T10:03:00Z,4234.62,4239.75,4234.37,4239.54,34,64
2026-06-10T10:04:00Z,4239.54,4241.69,4238.48,4238.48,41,78
2026-06-10T10:05:00Z,4238.48,4238.48,4236.14,4237.58,48,59
2026-06-10T10:06:00Z,4237.58,4238.60,4236.81,4237.51,41,53
2026-06-10T10:07:00Z,4237.51,4239.70,4237.45,4237.98,36,52
2026-06-10T10:08:00Z,4237.98,4242.76,4237.96,4242.76,39,50
2026-06-10T10:09:00Z,4242.76,4244.51,4242.11,4242.12,48,68
2026-06-10T10:10:00Z,4242.12,4247.66,4242.12,4247.19,35,51
2026-06-10T10:11:00Z,4247.19,4250.78,4246.82,4250.78,46,50
2026-06-10T10:12:00Z,4250.78,4251.09,4248.29,4250.46,37,57
2026-06-10T10:13:00Z,4250.46,4250.46,4248.97,4249.27,36,72
2026-06-10T10:14:00Z,4249.27,4253.11,4249.27,4251.20,47,66
2026-06-10T10:15:00Z,4251.20,4251.20,4249.85,4249.94,34,53
2026-06-10T10:16:00Z,4249.94,4254.36,4249.94,4254.21,35,66
2026-06-10T10:17:00Z,4254.21,4256.88,4252.52,4256.60,43,76
2026-06-10T10:18:00Z,4256.60,4256.60,4253.30,4254.34,41,66
2026-06-10T10:19:00Z,4254.34,4256.22,4253.57,4255.74,30,59
2026-06-10T10:20:00Z,4255.74,4255.75,4249.31,4249.49,38,65
2026-06-10T10:21:00Z,4249.49,4252.87,4249.30,4252.03,29,67
2026-06-10T10:22:00Z,4252.03,4253.78,4251.90,4252.06,44,78
2026-06-10T10:23:00Z,4252.06,4252.77,4248.03,4248.03,31,70
2026-06-10T10:24:00Z,4248.03,4248.27,4246.57,4248.27,39,68
2026-06-10T10:25:00Z,4248.27,4248.27,4243.48,4244.73,44,53
2026-06-10T10:26:00Z,4244.73,4244.73,4242.82,4243.61,33,69
2026-06-10T10:27:00Z,4243.61,4243.61,4241.47,4242.45,35,74
2026-06-10T10:28:00Z,4242.45,4245.30,4241.80,4244.97,38,61
2026-06-10T10:29:00Z,4244.97,4245.49,4244.56,4245.02,40,61
2026-06-10T10:30:00Z,4245.02,4247.28,4245.02,4247.28,33,78
2026-06-10T10:31:00Z,4247.28,4247.28,4244.14,4244.52,40,58
2026-06-10T10:32:00Z,4244.52,4246.37,4243.78,4246.37,34,55
2026-06-10T10:33:00Z,4246.37,4247.17,4244.90,4247.17,38,61
2026-06-10T10:34:00Z,4247.17,4250.40,4247.17,4250.40,36,60
2026-06-10T10:35:00Z,4250.40,4252.83,4248.43,4248.43,42,69
2026-06-10T10:36:00Z,4248.43,4248.43,4244.96,4246.40,38,59
2026-06-10T10:37:00Z,4246.40,4246.40,4243.63,4244.61,31,62
2026-06-10T10:38:00Z,4244.61,4245.64,4242.84,4242.84,38,52
2026-06-10T10:39:00Z,4242.84,4244.44,4241.35,4241.60,33,51
2026-06-10T10:40:00Z,4241.60,4242.07,4240.21,4240.41,37,57
2026-06-10T10:41:00Z,4240.41,4243.87,4240.41,4241.60,29,64
2026-06-10T10:42:00Z,4241.60,4243.22,4240.37,4242.21,39,74
2026-06-10T10:43:00Z,4242.21,4242.21,4238.90,4241.21,40,78
2026-06-10T10:44:00Z,4241.21,4242.40,4240.39,4240.55,37,54
2026-06-10T10:45:00Z,4240.55,4244.32,4239.72,4244.32,34,64
2026-06-10T10:46:00Z,4244.32,4249.23,4244.32,4247.97,27,74
2026-06-10T10:47:00Z,4247.97,4248.26,4246.29,4247.10,31,70
2026-06-10T10:48:00Z,4247.10,4250.09,4245.62,4248.90,34,70
2026-06-10T10:49:00Z,4248.90,4250.56,4248.58,4249.51,30,55
2026-06-10T10:50:00Z,4249.51,4249.51,4246.04,4246.04,34,79
2026-06-10T10:51:00Z,4246.04,4249.76,4245.46,4248.05,38,70
2026-06-10T10:52:00Z,4248.05,4255.52,4248.05,4255.52,26,64
2026-06-10T10:53:00Z,4255.52,4255.52,4252.16,4254.98,27,62
2026-06-10T10:54:00Z,4254.98,4255.05,4249.91,4249.99,41,71
2026-06-10T10:55:00Z,4249.99,4250.51,4248.45,4249.39,26,76
2026-06-10T10:56:00Z,4249.39,4250.74,4248.25,4250.35,39,65
2026-06-10T10:57:00Z,4250.35,4253.30,4249.21,4250.33,36,50
2026-06-10T10:58:00Z,4250.33,4253.59,4249.15,4253.43,31,80
2026-06-10T10:59:00Z,4253.43,4254.91,4251.88,4254.91,28,52
2026-06-10T11:00:00Z,4254.91,4257.06,4254.87,4255.69,39,51
2026-06-10T11:01:00Z,4255.69,4257.22,4254.99,4254.99,34,77
2026-06-10T11:02:00Z,4254.99,4255.06,4251.68,4253.74,28,68
2026-06-10T11:03:00Z,4253.74,4256.07,4253.27,4255.83,38,60
2026-06-10T11:04:00Z,4255.83,4255.83,4252.40,4252.40,27,53
2026-06-10T11:05:00Z,4252.40,4257.53,4252.40,4256.79,26,72
2026-06-10T11:06:00Z,4256.79,4257.30,4253.21,4253.69,32,55
2026-06-10T11:07:00Z,4253.69,4255.37,4253.69,4255.26,38,75
2026-06-10T11:08:00Z,4255.26,4259.78,4255.26,4259.47,30,50
2026-06-10T11:09:00Z,4259.47,4259.54,4256.36,4258.76,33,71
2026-06-10T11:10:00Z,4258.76,4258.76,4255.33,4258.25,26,75
2026-06-10T11:11:00Z,4258.25,4258.25,4254.06,4255.40,36,61
2026-06-10T11:12:00Z,4255.40,4255.40,4251.10,4251.10,26,75
2026-06-10T11:13:00Z,4251.10,4253.76,4251.10,4251.10,25,50
2026-06-10T11:14:00Z,4251.10,4251.89,4247.56,4248.94,40,80
2026-06-10T11:15:00Z,4248.94,4250.37,4248.11,4250.37,34,76
2026-06-10T11:16:00Z,4250.37,4254.37,4249.19,4254.37,37,53
2026-06-10T11:17:00Z,4254.37,4255.48,4252.85,4255.22,38,50
2026-06-10T11:18:00Z,4255.22,4258.84,4255.22,4257.40,31,63
2026-06-10T11:19:00Z,4257.40,4257.40,4253.11,4253.11,39,71
2026-06-10T11:20:00Z,4253.11,4253.11,4250.20,4252.50,27,78
2026-06-10T11:21:00Z,4252.50,4255.20,4252.43,4253.74,38,52
2026-06-10T11:22:00Z,4253.74,4254.97,4253.47,4253.76,29,53
2026-06-10T11:23:00Z,4253.76,4255.39,4252.17,4252.17,27,79
2026-06-10T11:24:00Z,4252.17,4254.95,4251.97,4254.95,29,69
2026-06-10T11:25:00Z,4254.95,4255.38,4250.27,4250.46,27,51
2026-06-10T11:26:00Z,4250.46,4253.07,4249.54,4253.07,33,77
2026-06-10T11:27:00Z,4253.07,4253.07,4249.44,4250.43,29,74
2026-06-10T11:28:00Z,4250.43,4255.73,4249.71,4254.09,31,64
2026-06-10T11:29:00Z,4254.09,4254.09,4249.81,4250.01,36,71
2026-06-10T11:30:00Z,4250.01,4254.94,4250.01,4254.94,40,57
2026-06-10T11:31:00Z,4254.94,4256.42,4251.71,4251.71,44,80
2026-06-10T11:32:00Z,4251.71,4254.68,4251.71,4253.47,42,63
2026-06-10T11:33:00Z,4253.47,4253.85,4251.59,4253.27,43,75
2026-06-10T11:34:00Z,4253.27,4253.33,4249.51,4250.03,42,78
2026-06-10T11:35:00Z,4250.03,4250.06,4243.58,4244.55,31,64
2026-06-10T11:36:00Z,4244.55,4247.86,4244.04,4246.70,38,79
2026-06-10T11:37:00Z,4246.70,4247.83,4243.97,4244.11,38,63
2026-06-10T11:38:00Z,4244.11,4244.55,4241.75,4242.19,37,69
2026-06-10T11:39:00Z,4242.19,4244.68,4242.19,4243.70,39,69
2026-06-10T11:40:00Z,4243.70,4247.77,4243.70,4247.77,33,55
2026-06-10T11:41:00Z,4247.77,4248.04,4246.16,4246.64,31,56
2026-06-10T11:42:00Z,4246.64,4248.56,4246.36,4246.88,42,50
2026-06-10T11:43:00Z,4246.88,4246.88,4241.04,4241.04,32,80
2026-06-10T11:44:00Z,4241.04,4241.34,4239.27,4240.31,42,75
2026-06-10T11:45:00Z,4240.31,4242.70,4239.08,4242.70,37,65
2026-06-10T11:46:00Z,4242.70,4242.70,4238.63,4238.63,46,60
2026-06-10T11:47:00Z,4238.63,4238.63,4235.45,4238.04,43,74
2026-06-10T11:48:00Z,4238.04,4242.54,4238.04,4242.54,47,71
2026-06-10T11:49:00Z,4242.54,4245.62,4242.06,4245.62,33,63
2026-06-10T11:50:00Z,4245.62,4245.62,4241.44,4243.61,46,71
2026-06-10T11:51:00Z,4243.61,4246.53,4242.34,4246.53,38,51
2026-06-10T11:52:00Z,4246.53,4248.51,4245.55,4247.95,44,80
2026-06-10T11:53:00Z,4247.95,4249.85,4246.25,4249.85,44,58
2026-06-10T11:54:00Z,4249.85,4250.01,4248.29,4248.44,48,57
2026-06-10T11:55:00Z,4248.44,4251.90,4247.92,4249.37,46,56
2026-06-10T11:56:00Z,4249.37,4249.76,4247.88,4249.76,45,66
2026-06-10T11:57:00Z,4249.76,4256.09,4249.76,4254.28,34,68
2026-06-10T11:58:00Z,4254.28,4256.26,4253.91,4255.52,36,78
2026-06-10T11:59:00Z,4255.52,4256.35,4253.30,4255.25,40,61
2026-06-10T12:00:00Z,4255.25,4257.87,4254.25,4254.25,43,54
2026-06-10T12:01:00Z,4254.25,4254.38,4252.69,4252.69,51,69
2026-06-10T12:02:00Z,4252.69,4255.56,4251.77,4255.16,43,70
2026-06-10T12:03:00Z,4255.16,4255.24,4252.96,4253.93,41,60
2026-06-10T12:04:00Z,4253.93,4254.70,4250.09,4250.09,44,61
2026-06-10T12:05:00Z,4250.09,4251.62,4249.33,4251.62,38,63
2026-06-10T12:06:00Z,4251.62,4251.62,4248.90,4249.50,40,64
2026-06-10T12:07:00Z,4249.50,4250.66,4248.26,4250.66,53,69
2026-06-10T12:08:00Z,4250.66,4255.65,4249.65,4255.65,39,70
2026-06-10T12:09:00Z,4255.65,4255.65,4251.28,4251.41,41,71
2026-06-10T12:10:00Z,4251.41,4252.54,4249.83,4251.17,38,62
2026-06-10T12:11:00Z,4251.17,4252.52,4251.13,4252.52,50,80
2026-06-10T12:12:00Z,4252.52,4255.06,4251.98,4255.06,41,53
2026-06-10T12:13:00Z,4255.06,4255.06,4249.85,4250.68,43,72
2026-06-10T12:14:00Z,4250.68,4252.01,4249.64,4251.34,49,53
2026-06-10T12:15:00Z,4251.34,4251.50,4249.90,4251.14,52,80
2026-06-10T12:16:00Z,4251.14,4253.47,4251.14,4251.96,41,78
2026-06-10T12:17:00Z,4251.96,4256.22,4250.94,4254.61,50,78
2026-06-10T12:18:00Z,4254.61,4257.76,4253.27,4257.76,43,76
2026-06-10T12:19:00Z,4257.76,4260.53,4257.56,4260.53,55,58
2026-06-10T12:20:00Z,4260.53,4261.10,4259.07,4260.64,50,64
2026-06-10T12:21:00Z,4260.64,4260.64,4256.34,4257.44,47,75
2026-06-10T12:22:00Z,4257.44,4260.00,4257.07,4257.07,58,80
2026-06-10T12:23:00Z,4257.07,4259.28,4257.07,4259.22,55,78
2026-06-10T12:24:00Z,4259.22,4260.31,4257.94,4260.13,57,78
2026-06-10T12:25:00Z,4260.13,4261.37,4258.11,4258.11,56,68
2026-06-10T12:26:00Z,4258.11,4258.16,4252.19,4253.21,55,71
2026-06-10T12:27:00Z,4253.21,4260.28,4253.21,4260.28,59,68
2026-06-10T12:28:00Z,4260.28,4262.94,4259.04,4262.26,60,50
2026-06-10T12:29:00Z,4262.26,4263.38,4258.74,4258.74,53,63
2026-06-10T12:30:00Z,4258.74,4260.21,4258.02,4258.57,56,71
2026-06-10T12:31:00Z,4258.57,4262.59,4258.57,4260.46,63,53
2026-06-10T12:32:00Z,4260.46,4263.76,4260.36,4261.42,64,77
2026-06-10T12:33:00Z,4261.42,4262.48,4260.94,4262.38,51,63
2026-06-10T12:34:00Z,4262.38,4263.17,4261.89,4262.70,64,69
2026-06-10T12:35:00Z,4262.70,4265.06,4262.08,4264.76,64,54
2026-06-10T12:36:00Z,4264.76,4264.76,4261.93,4261.93,60,60
2026-06-10T12:37:00Z,4261.93,4262.10,4258.79,4261.14,55,51
2026-06-10T12:38:00Z,4261.14,4263.49,4260.85,4262.80,51,77
2026-06-10T12:39:00Z,4262.80,4262.94,4261.35,4261.41,53,77
2026-06-10T12:40:00Z,4261.41,4262.71,4260.13,4262.61,61,57
2026-06-10T12:41:00Z,4262.61,4263.07,4260.50,4260.50,66,59
2026-06-10T12:42:00Z,4260.50,4260.56,4255.37,4257.48,59,67
2026-06-10T12:43:00Z,4257.48,4257.75,4255.90,4256.59,55,70
2026-06-10T12:44:00Z,4256.59,4256.59,4253.14,4253.55,61,71
2026-06-10T12:45:00Z,4253.55,4257.45,4253.55,4255.85,57,55
2026-06-10T12:46:00Z,4255.85,4255.85,4253.67,4253.67,66,61
2026-06-10T12:47:00Z,4253.67,4254.50,4250.72,4252.06,65,54
2026-06-10T12:48:00Z,4252.06,4254.03,4250.42,4250.87,58,52
2026-06-10T12:49:00Z,4250.87,4250.92,4247.31,4247.31,63,67
2026-06-10T12:50:00Z,4247.31,4249.45,4247.31,4248.64,70,59
2026-06-10T12:51:00Z,4248.64,4249.82,4247.68,4249.82,64,53
2026-06-10T12:52:00Z,4249.82,4251.38,4248.75,4251.38,63,51
2026-06-10T12:53:00Z,4251.38,4254.61,4251.38,4253.75,60,61
2026-06-10T12:54:00Z,4253.75,4256.58,4253.75,4255.72,68,70
2026-06-10T12:55:00Z,4255.72,4259.71,4253.28,4258.46,62,69
2026-06-10T12:56:00Z,4258.46,4260.60,4258.16,4259.23,72,63
2026-06-10T12:57:00Z,4259.23,4259.23,4254.15,4254.42,75,77
2026-06-10T12:58:00Z,4254.42,4254.61,4251.84,4254.61,64,71
2026-06-10T12:59:00Z,4254.61,4256.08,4253.91,4253.91,69,56
2026-06-10T13:00:00Z,4253.91,4255.34,4253.36,4254.99,65,61
2026-06-10T13:01:00Z,4254.99,4256.00,4253.47,4254.46,78,73
2026-06-10T13:02:00Z,4254.46,4257.59,4253.08,4257.59,68,51
2026-06-10T13:03:00Z,4257.59,4260.91,4257.59,4260.87,75,57
2026-06-10T13:04:00Z,4260.87,4262.76,4260.87,4262.46,77,69
2026-06-10T13:05:00Z,4262.46,4265.09,4261.28,4262.81,74,79
2026-06-10T13:06:00Z,4262.81,4263.37,4261.68,4263.09,73,69
2026-06-10T13:07:00Z,4263.09,4263.09,4261.26,4262.03,72,76
2026-06-10T13:08:00Z,4262.03,4266.57,4262.03,4265.89,84,60
2026-06-10T13:09:00Z,4265.89,4266.11,4264.71,4265.49,84,63
2026-06-10T13:10:00Z,4265.49,4265.49,4262.17,4264.81,75,74
2026-06-10T13:11:00Z,4264.81,4266.43,4264.44,4265.90,80,72
2026-06-10T13:12:00Z,4265.90,4267.32,4264.98,4267.32,75,75
2026-06-10T13:13:00Z,4267.32,4267.44,4265.53,4266.87,86,70
2026-06-10T13:14:00Z,4266.87,4266.87,4262.70,4263.45,82,71
2026-06-10T13:15:00Z,4263.45,4269.02,4263.45,4265.51,77,59
2026-06-10T13:16:00Z,4265.51,4271.36,4265.51,4270.01,88,77
2026-06-10T13:17:00Z,4270.01,4272.34,4269.04,4269.04,86,64
2026-06-10T13:18:00Z,4269.04,4270.22,4267.53,4267.67,84,58
2026-06-10T13:19:00Z,4267.67,4268.44,4265.53,4266.53,84,55
2026-06-10T13:20:00Z,4266.53,4270.85,4265.99,4270.85,81,57
2026-06-10T13:21:00Z,4270.85,4271.23,4267.00,4267.00,92,75
2026-06-10T13:22:00Z,4267.00,4270.08,4267.00,4269.30,86,61
2026-06-10T13:23:00Z,4269.30,4270.08,4268.50,4269.28,81,73
2026-06-10T13:24:00Z,4269.28,4272.13,4269.28,4271.06,87,67
2026-06-10T13:25:00Z,4271.06,4272.29,4270.34,4272.29,88,56
2026-06-10T13:26:00Z,4272.29,4272.59,4269.73,4271.29,89,56
2026-06-10T13:27:00Z,4271.29,4274.22,4270.97,4274.22,90,69
2026-06-10T13:28:00Z,4274.22,4277.28,4274.22,4274.83,85,67
2026-06-10T13:29:00Z,4274.83,4277.27,4274.11,4277.27,89,58
2026-06-10T13:30:00Z,4277.27,4278.07,4276.05,4276.05,85,67
2026-06-10T13:31:00Z,4276.05,4278.22,4275.82,4277.56,99,64
2026-06-10T13:32:00Z,4277.56,4277.56,4273.32,4274.50,101,80
2026-06-10T13:33:00Z,4274.50,4275.91,4273.86,4275.91,102,54
2026-06-10T13:34:00Z,4275.91,4276.95,4274.51,4276.60,101,55
2026-06-10T13:35:00Z,4276.60,4277.90,4275.70,4277.24,93,61
2026-06-10T13:36:00Z,4277.24,4278.77,4276.29,4278.46,97,58
2026-06-10T13:37:00Z,4278.46,4283.06,4277.94,4283.06,95,57
2026-06-10T13:38:00Z,4283.06,4285.09,4282.72,4284.42,101,61
2026-06-10T13:39:00Z,4284.42,4286.84,4283.30,4285.32,102,61
2026-06-10T13:40:00Z,4285.32,4285.32,4281.69,4282.07,104,71
2026-06-10T13:41:00Z,4282.07,4282.09,4278.30,4281.59,100,73
2026-06-10T13:42:00Z,4281.59,4283.15,4278.90,4278.90,98,63
2026-06-10T13:43:00Z,4278.90,4281.94,4277.78,4281.94,106,55
2026-06-10T13:44:00Z,4281.94,4283.46,4280.00,4283.46,105,59
2026-06-10T13:45:00Z,4283.46,4287.42,4283.46,4287.42,113,65
2026-06-10T13:46:00Z,4287.42,4287.66,4282.66,4282.66,101,77
2026-06-10T13:47:00Z,4282.66,4284.89,4282.41,4284.59,114,62
2026-06-10T13:48:00Z,4284.59,4284.59,4281.50,4281.99,108,78
2026-06-10T13:49:00Z,4281.99,4282.97,4280.93,4282.73,102,69
2026-06-10T13:50:00Z,4282.73,4282.73,4276.82,4276.96,118,80
2026-06-10T13:51:00Z,4276.96,4277.50,4274.95,4275.61,108,78
2026-06-10T13:52:00Z,4275.61,4277.18,4274.85,4277.18,119,67
2026-06-10T13:53:00Z,4277.18,4277.18,4274.37,4274.37,117,73
2026-06-10T13:54:00Z,4274.37,4275.56,4274.32,4275.56,119,64
2026-06-10T13:55:00Z,4275.56,4275.56,4273.17,4273.17,123,75
2026-06-10T13:56:00Z,4273.17,4273.84,4270.34,4270.45,121,59
2026-06-10T13:57:00Z,4270.45,4270.45,4268.42,4269.19,122,57
2026-06-10T13:58:00Z,4269.19,4272.85,4269.19,4269.96,116,56
2026-06-10T13:59:00Z,4269.96,4269.96,4267.50,4267.57,113,55
2026-06-11T08:00:00Z,4296.85,4297.99,4295.80,4295.80,126,195
2026-06-11T08:01:00Z,4295.80,4296.57,4294.42,4296.57,124,151
2026-06-11T08:02:00Z,4296.57,4297.21,4294.87,4295.85,124,160
2026-06-11T08:03:00Z,4295.85,4296.61,4293.37,4294.17,117,152
2026-06-11T08:04:00Z,4294.17,4294.47,4289.97,4289.97,118,155
2026-06-11T08:05:00Z,4289.97,4289.97,4286.45,4289.02,114,164
2026-06-11T08:06:00Z,4289.02,4290.70,4284.47,4285.50,106,166
2026-06-11T08:07:00Z,4285.50,4288.11,4284.94,4286.03,116,147
2026-06-11T08:08:00Z,4286.03,4286.41,4283.68,4284.87,111,153
2026-06-11T08:09:00Z,4284.87,4285.39,4281.57,4281.57,112,163
2026-06-11T08:10:00Z,4281.57,4283.72,4281.12,4281.12,111,133
2026-06-11T08:11:00Z,4281.12,4281.12,4278.32,4278.32,108,147
2026-06-11T08:12:00Z,4278.32,4278.76,4275.07,4275.07,112,114
2026-06-11T08:13:00Z,4275.07,4275.07,4270.55,4270.55,110,87
2026-06-11T08:14:00Z,4270.55,4271.59,4270.55,4270.83,111,123
2026-06-11T08:15:00Z,4270.83,4273.96,4269.87,4271.45,101,109
2026-06-11T08:16:00Z,4271.45,4276.52,4271.45,4276.52,104,98
2026-06-11T08:17:00Z,4276.52,4277.01,4273.41,4275.10,109,103
2026-06-11T08:18:00Z,4275.10,4277.99,4275.10,4277.49,97,82
2026-06-11T08:19:00Z,4277.49,4278.87,4275.64,4277.08,98,110
2026-06-11T08:20:00Z,4277.08,4278.90,4276.97,4278.35,105,84
2026-06-11T08:21:00Z,4278.35,4278.54,4275.28,4275.28,95,104
2026-06-11T08:22:00Z,4275.28,4278.64,4275.28,4278.64,93,97
2026-06-11T08:23:00Z,4278.64,4281.56,4278.64,4280.32,94,73
2026-06-11T08:24:00Z,4280.32,4281.65,4278.52,4281.02,102,69
2026-06-11T08:25:00Z,4281.02,4281.44,4276.45,4277.09,102,87
2026-06-11T08:26:00Z,4277.09,4278.33,4274.25,4278.33,104,94
2026-06-11T08:27:00Z,4278.33,4279.41,4276.59,4276.83,97,87
2026-06-11T08:28:00Z,4276.83,4278.96,4276.28,4278.96,91,80
2026-06-11T08:29:00Z,4278.96,4281.48,4278.86,4279.66,88,95
2026-06-11T08:30:00Z,4279.66,4279.82,4277.42,4279.82,85,73
2026-06-11T08:31:00Z,4279.82,4281.25,4278.52,4279.09,98,79
2026-06-11T08:32:00Z,4279.09,4280.90,4278.53,4279.96,89,69
2026-06-11T08:33:00Z,4279.96,4282.83,4279.83,4280.77,86,82
2026-06-11T08:34:00Z,4280.77,4283.61,4280.63,4282.02,87,76
2026-06-11T08:35:00Z,4282.02,4284.12,4281.23,4281.97,89,69
2026-06-11T08:36:00Z,4281.97,4286.06,4281.79,4286.01,89,77
2026-06-11T08:37:00Z,4286.01,4287.54,4282.62,4282.62,88,78
2026-06-11T08:38:00Z,4282.62,4282.62,4278.24,4281.24,88,84
2026-06-11T08:39:00Z,4281.24,4283.96,4281.24,4283.70,85,56
2026-06-11T08:40:00Z,4283.70,4283.70,4274.33,4274.33,92,72
2026-06-11T08:41:00Z,4274.33,4279.03,4274.33,4278.12,89,78
2026-06-11T08:42:00Z,4278.12,4278.37,4276.15,4276.70,85,58
2026-06-11T08:43:00Z,4276.70,4277.84,4276.43,4277.55,87,54
2026-06-11T08:44:00Z,4277.55,4278.38,4273.24,4273.30,77,72
2026-06-11T08:45:00Z,4273.30,4273.30,4269.15,4269.15,76,59
2026-06-11T08:46:00Z,4269.15,4269.15,4266.59,4268.99,83,66
2026-06-11T08:47:00Z,4268.99,4269.51,4265.05,4265.26,76,73
2026-06-11T08:48:00Z,4265.26,4267.05,4264.34,4264.34,77,70
2026-06-11T08:49:00Z,4264.34,4265.98,4263.60,4263.95,79,54
2026-06-11T08:50:00Z,4263.95,4264.62,4262.95,4263.45,78,65
2026-06-11T08:51:00Z,4263.45,4264.31,4260.24,4260.32,78,60
2026-06-11T08:52:00Z,4260.32,4260.35,4258.13,4258.13,82,68
2026-06-11T08:53:00Z,4258.13,4258.13,4251.84,4251.84,75,62
2026-06-11T08:54:00Z,4251.84,4253.16,4249.84,4249.84,73,60
2026-06-11T08:55:00Z,4249.84,4253.06,4249.63,4253.06,75,63
2026-06-11T08:56:00Z,4253.06,4254.27,4250.31,4254.27,75,59
2026-06-11T08:57:00Z,4254.27,4254.27,4251.74,4253.90,67,62
2026-06-11T08:58:00Z,4253.90,4254.97,4252.19,4252.19,74,81
2026-06-11T08:59:00Z,4252.19,4252.39,4250.42,4250.42,66,51
2026-06-11T09:00:00Z,4250.42,4250.53,4248.72,4249.19,68,72
2026-06-11T09:01:00Z,4249.19,4251.17,4248.94,4249.86,65,65
2026-06-11T09:02:00Z,4249.86,4249.86,4246.14,4248.34,66,65
2026-06-11T09:03:00Z,4248.34,4250.65,4248.00,4249.02,66,72
2026-06-11T09:04:00Z,4249.02,4251.06,4247.77,4250.87,65,54
2026-06-11T09:05:00Z,4250.87,4251.96,4249.10,4250.73,71,51
2026-06-11T09:06:00Z,4250.73,4251.17,4249.13,4249.21,62,65
2026-06-11T09:07:00Z,4249.21,4249.40,4247.20,4249.40,66,71
2026-06-11T09:08:00Z,4249.40,4252.63,4249.40,4252.63,74,69
2026-06-11T09:09:00Z,4252.63,4255.02,4251.53,4255.02,68,79
2026-06-11T09:10:00Z,4255.02,4257.99,4255.02,4257.99,66,73
2026-06-11T09:11:00Z,4257.99,4261.38,4257.59,4259.79,73,59
2026-06-11T09:12:00Z,4259.79,4262.59,4259.57,4261.98,62,76
2026-06-11T09:13:00Z,4261.98,4263.53,4260.88,4260.99,62,72
2026-06-11T09:14:00Z,4260.99,4260.99,4257.93,4257.93,67,79
2026-06-11T09:15:00Z,4257.93,4257.94,4255.89,4256.96,70,54
2026-06-11T09:16:00Z,4256.96,4264.15,4256.58,4263.52,64,74
2026-06-11T09:17:00Z,4263.52,4267.88,4263.52,4266.38,63,54
2026-06-11T09:18:00Z,4266.38,4267.38,4265.74,4266.26,65,64
2026-06-11T09:19:00Z,4266.26,4266.26,4264.18,4265.63,54,72
2026-06-11T09:20:00Z,4265.63,4266.09,4263.84,4263.84,53,53
2026-06-11T09:21:00Z,4263.84,4264.73,4262.65,4263.63,52,79
2026-06-11T09:22:00Z,4263.63,4264.55,4260.91,4260.91,61,65
2026-06-11T09:23:00Z,4260.91,4263.69,4260.72,4263.69,58,67
2026-06-11T09:24:00Z,4263.69,4265.10,4262.98,4265.10,50,70
2026-06-11T09:25:00Z,4265.10,4269.78,4265.10,4268.72,62,58
2026-06-11T09:26:00Z,4268.72,4268.89,4267.20,4267.89,62,61
2026-06-11T09:27:00Z,4267.89,4270.89,4267.89,4268.89,56,52
2026-06-11T09:28:00Z,4268.89,4272.80,4268.19,4272.80,48,65
2026-06-11T09:29:00Z,4272.80,4274.88,4272.80,4273.71,55,70
2026-06-11T09:30:00Z,4273.71,4275.07,4273.01,4273.42,55,58
2026-06-11T09:31:00Z,4273.42,4274.38,4271.90,4272.00,50,66
2026-06-11T09:32:00Z,4272.00,4277.32,4272.00,4277.32,60,80
2026-06-11T09:33:00Z,4277.32,4277.34,4274.03,4274.03,58,52
2026-06-11T09:34:00Z,4274.03,4275.22,4273.02,4274.28,52,53
2026-06-11T09:35:00Z,4274.28,4278.70,4274.25,4277.50,49,69
2026-06-11T09:36:00Z,4277.50,4277.67,4275.81,4277.03,57,68
2026-06-11T09:37:00Z,4277.03,4278.75,4276.95,4278.36,53,61
2026-06-11T09:38:00Z,4278.36,4279.59,4277.02,4279.59,54,52
2026-06-11T09:39:00Z,4279.59,4279.72,4277.36,4278.68,51,68
2026-06-11T09:40:00Z,4278.68,4282.41,4278.08,4282.41,46,52
2026-06-11T09:41:00Z,4282.41,4283.89,4281.93,4282.66,45,58
2026-06-11T09:42:00Z,4282.66,4284.15,4281.34,4281.94,55,64
2026-06-11T09:43:00Z,4281.94,4284.51,4281.81,4282.84,55,65
2026-06-11T09:44:00Z,4282.84,4283.96,4282.41,4282.86,43,51
2026-06-11T09:45:00Z,4282.86,4286.96,4282.75,4286.96,43,63
2026-06-11T09:46:00Z,4286.96,4289.34,4286.30,4287.08,43,59
2026-06-11T09:47:00Z,4287.08,4288.73,4286.30,4287.70,43,58
2026-06-11T09:48:00Z,4287.70,4290.46,4286.39,4290.42,52,54
2026-06-11T09:49:00Z,4290.42,4291.17,4288.10,4289.73,45,75
2026-06-11T09:50:00Z,4289.73,4290.40,4288.27,4288.27,44,54
2026-06-11T09:51:00Z,4288.27,4290.62,4285.68,4286.63,42,76
2026-06-11T09:52:00Z,4286.63,4288.04,4285.80,4286.41,48,67
2026-06-11T09:53:00Z,4286.41,4288.10,4282.89,4282.89,39,54
2026-06-11T09:54:00Z,4282.89,4284.13,4282.00,4282.77,47,67
2026-06-11T09:55:00Z,4282.77,4285.76,4282.63,4285.76,51,66
2026-06-11T09:56:00Z,4285.76,4286.67,4282.51,4283.50,46,76
2026-06-11T09:57:00Z,4283.50,4283.76,4282.42,4282.42,41,75
2026-06-11T09:58:00Z,4282.42,4283.88,4281.51,4282.19,39,52
2026-06-11T09:59:00Z,4282.19,4284.53,4281.34,4284.46,42,64
2026-06-11T10:00:00Z,4284.46,4286.26,4283.39,4283.84,49,51
2026-06-11T10:01:00Z,4283.84,4285.99,4282.60,4285.99,37,66
2026-06-11T10:02:00Z,4285.99,4290.64,4285.31,4289.52,47,62
2026-06-11T10:03:00Z,4289.52,4290.25,4288.06,4288.97,40,76
2026-06-11T10:04:00Z,4288.97,4289.07,4286.53,4288.76,40,73
2026-06-11T10:05:00Z,4288.76,4291.84,4288.73,4291.60,42,76
2026-06-11T10:06:00Z,4291.60,4291.60,4284.96,4284.96,33,68
2026-06-11T10:07:00Z,4284.96,4285.29,4282.30,4284.22,38,62
2026-06-11T10:08:00Z,4284.22,4284.92,4283.09,4283.18,36,71
2026-06-11T10:09:00Z,4283.18,4284.03,4281.51,4283.88,36,52
2026-06-11T10:10:00Z,4283.88,4287.65,4283.88,4285.40,42,79
2026-06-11T10:11:00Z,4285.40,4285.40,4282.37,4283.71,40,79
2026-06-11T10:12:00Z,4283.71,4285.61,4283.47,4285.15,33,80
2026-06-11T10:13:00Z,4285.15,4286.28,4283.60,4286.01,34,69
2026-06-11T10:14:00Z,4286.01,4286.86,4285.61,4286.81,44,67
2026-06-11T10:15:00Z,4286.81,4291.13,4286.81,4291.13,30,54
2026-06-11T10:16:00Z,4291.13,4291.24,4287.87,4289.65,42,60
2026-06-11T10:17:00Z,4289.65,4290.48,4288.10,4288.64,41,77
2026-06-11T10:18:00Z,4288.64,4290.99,4288.41,4289.85,33,56
2026-06-11T10:19:00Z,4289.85,4292.38,4289.85,4291.15,40,72
2026-06-11T10:20:00Z,4291.15,4291.42,4288.29,4291.42,35,72
2026-06-11T10:21:00Z,4291.42,4291.42,4288.56,4290.35,34,70
2026-06-11T10:22:00Z,4290.35,4290.35,4284.80,4284.80,43,56
2026-06-11T10:23:00Z,4284.80,4286.81,4283.46,4284.51,42,79
2026-06-11T10:24:00Z,4284.51,4284.51,4281.00,4281.00,34,66
2026-06-11T10:25:00Z,4281.00,4284.99,4281.00,4284.91,40,55
2026-06-11T10:26:00Z,4284.91,4285.25,4281.83,4282.93,42,80
2026-06-11T10:27:00Z,4282.93,4283.95,4280.02,4280.02,39,71
2026-06-11T10:28:00Z,4280.02,4283.09,4280.02,4280.68,42,78
2026-06-11T10:29:00Z,4280.68,4282.58,4279.92,4281.32,37,74
2026-06-11T10:30:00Z,4281.32,4282.47,4279.52,4281.27,36,76
2026-06-11T10:31:00Z,4281.27,4281.27,4278.62,4279.94,35,53
2026-06-11T10:32:00Z,4279.94,4280.93,4279.34,4280.45,27,61
2026-06-11T10:33:00Z,4280.45,4284.40,4280.32,4284.40,35,63
2026-06-11T10:34:00Z,4284.40,4285.72,4282.68,4282.85,31,56
2026-06-11T10:35:00Z,4282.85,4283.17,4280.00,4280.24,34,64
2026-06-11T10:36:00Z,4280.24,4285.78,4280.24,4284.87,35,69
2026-06-11T10:37:00Z,4284.87,4286.40,4282.69,4286.40,35,70
2026-06-11T10:38:00Z,4286.40,4287.64,4286.22,4287.64,33,56
2026-06-11T10:39:00Z,4287.64,4290.98,4285.99,4285.99,39,54
2026-06-11T10:40:00Z,4285.99,4287.08,4284.69,4287.08,35,60
2026-06-11T10:41:00Z,4287.08,4290.86,4286.99,4290.42,37,50
2026-06-11T10:42:00Z,4290.42,4290.42,4285.13,4285.78,42,62
2026-06-11T10:43:00Z,4285.78,4287.08,4285.77,4285.77,29,68
2026-06-11T10:44:00Z,4285.77,4285.77,4283.16,4284.13,27,72
2026-06-11T10:45:00Z,4284.13,4284.82,4282.37,4282.37,26,79
2026-06-11T10:46:00Z,4282.37,4283.60,4281.79,4283.60,39,54
2026-06-11T10:47:00Z,4283.60,4283.87,4283.24,4283.87,33,75
2026-06-11T10:48:00Z,4283.87,4286.28,4283.04,4283.04,33,60
2026-06-11T10:49:00Z,4283.04,4283.04,4278.35,4278.80,36,68
2026-06-11T10:50:00Z,4278.80,4278.80,4273.56,4275.50,29,79
2026-06-11T10:51:00Z,4275.50,4275.59,4270.25,4270.77,35,64
2026-06-11T10:52:00Z,4270.77,4271.99,4269.74,4270.83,39,76
2026-06-11T10:53:00Z,4270.83,4270.83,4265.30,4265.30,25,68
2026-06-11T10:54:00Z,4265.30,4267.83,4263.75,4263.99,25,78
2026-06-11T10:55:00Z,4263.99,4264.37,4262.84,4263.33,35,56
2026-06-11T10:56:00Z,4263.33,4265.51,4261.62,4264.66,25,54
2026-06-11T10:57:00Z,4264.66,4266.01,4263.43,4263.43,35,59
2026-06-11T10:58:00Z,4263.43,4265.02,4262.43,4265.02,26,50
2026-06-11T10:59:00Z,4265.02,4267.53,4264.24,4267.53,34,59
2026-06-11T11:00:00Z,4267.53,4273.42,4266.77,4273.17,34,75
2026-06-11T11:01:00Z,4273.17,4273.29,4270.32,4270.32,31,63
2026-06-11T11:02:00Z,4270.32,4270.32,4266.97,4268.87,27,62
2026-06-11T11:03:00Z,4268.87,4268.87,4264.15,4264.35,39,62
2026-06-11T11:04:00Z,4264.35,4264.35,4260.33,4260.64,36,60
2026-06-11T11:05:00Z,4260.64,4261.23,4258.38,4258.38,29,75
2026-06-11T11:06:00Z,4258.38,4258.38,4254.09,4254.61,34,60
2026-06-11T11:07:00Z,4254.61,4255.37,4251.80,4251.80,37,52
2026-06-11T11:08:00Z,4251.80,4254.75,4251.80,4254.14,29,69
2026-06-11T11:09:00Z,4254.14,4254.14,4251.91,4252.74,32,58
2026-06-11T11:10:00Z,4252.74,4256.19,4252.38,4256.19,35,58
2026-06-11T11:11:00Z,4256.19,4257.43,4255.09,4256.21,33,61
2026-06-11T11:12:00Z,4256.21,4260.15,4256.21,4259.74,28,72
2026-06-11T11:13:00Z,4259.74,4260.39,4257.97,4257.97,32,63
2026-06-11T11:14:00Z,4257.97,4260.72,4257.97,4260.02,41,69
2026-06-11T11:15:00Z,4260.02,4264.66,4260.02,4264.66,40,69
2026-06-11T11:16:00Z,4264.66,4265.74,4263.12,4264.38,34,74
2026-06-11T11:17:00Z,4264.38,4264.65,4262.60,4263.30,34,72
2026-06-11T11:18:00Z,4263.30,4263.74,4260.14,4260.63,26,66
2026-06-11T11:19:00Z,4260.63,4261.11,4258.81,4260.17,34,56
2026-06-11T11:20:00Z,4260.17,4261.00,4258.17,4258.17,26,61
2026-06-11T11:21:00Z,4258.17,4260.76,4258.13,4260.76,34,66
2026-06-11T11:22:00Z,4260.76,4262.95,4260.26,4262.95,38,71
2026-06-11T11:23:00Z,4262.95,4266.73,4262.47,4265.64,29,51
2026-06-11T11:24:00Z,4265.64,4268.56,4265.64,4267.78,39,76
2026-06-11T11:25:00Z,4267.78,4269.10,4267.03,4267.66,29,60
2026-06-11T11:26:00Z,4267.66,4267.66,4264.18,4264.18,42,59
2026-06-11T11:27:00Z,4264.18,4265.16,4264.14,4264.24,36,55
2026-06-11T11:28:00Z,4264.24,4265.01,4261.80,4261.80,37,62
2026-06-11T11:29:00Z,4261.80,4261.80,4259.55,4260.09,32,73
2026-06-11T11:30:00Z,4260.09,4260.09,4257.60,4258.26,41,57
2026-06-11T11:31:00Z,4258.26,4258.79,4254.76,4255.49,35,72
2026-06-11T11:32:00Z,4255.49,4255.49,4249.96,4249.96,40,75
2026-06-11T11:33:00Z,4249.96,4251.86,4244.71,4245.25,40,72
2026-06-11T11:34:00Z,4245.25,4247.83,4244.94,4246.86,31,73
2026-06-11T11:35:00Z,4246.86,4249.01,4246.24,4247.51,28,71
2026-06-11T11:36:00Z,4247.51,4247.51,4245.33,4246.36,30,62
2026-06-11T11:37:00Z,4246.36,4248.15,4243.84,4243.84,38,55
2026-06-11T11:38:00Z,4243.84,4244.05,4242.38,4243.88,35,54
2026-06-11T11:39:00Z,4243.88,4245.11,4243.02,4243.19,38,68
2026-06-11T11:40:00Z,4243.19,4244.38,4241.69,4241.69,32,52
2026-06-11T11:41:00Z,4241.69,4243.71,4241.12,4243.71,43,62
2026-06-11T11:42:00Z,4243.71,4243.71,4241.92,4243.39,37,76
2026-06-11T11:43:00Z,4243.39,4247.31,4242.74,4247.31,45,59
2026-06-11T11:44:00Z,4247.31,4249.53,4247.31,4248.37,41,54
2026-06-11T11:45:00Z,4248.37,4249.45,4246.97,4249.45,30,60
2026-06-11T11:46:00Z,4249.45,4254.74,4249.45,4254.74,39,70
2026-06-11T11:47:00Z,4254.74,4254.74,4250.48,4250.48,33,79
2026-06-11T11:48:00Z,4250.48,4252.64,4250.33,4250.70,46,50
2026-06-11T11:49:00Z,4250.70,4251.69,4249.50,4250.45,37,71
2026-06-11T11:50:00Z,4250.45,4254.03,4250.45,4253.84,35,68
2026-06-11T11:51:00Z,4253.84,4254.07,4250.20,4250.20,42,74
2026-06-11T11:52:00Z,4250.20,4250.91,4247.27,4250.91,32,55
2026-06-11T11:53:00Z,4250.91,4251.00,4248.82,4250.36,49,74
2026-06-11T11:54:00Z,4250.36,4250.59,4247.63,4247.63,47,59
2026-06-11T11:55:00Z,4247.63,4252.04,4247.04,4250.56,36,56
2026-06-11T11:56:00Z,4250.56,4251.51,4248.62,4248.62,39,74
2026-06-11T11:57:00Z,4248.62,4249.68,4247.73,4249.59,44,72
2026-06-11T11:58:00Z,4249.59,4250.05,4245.85,4246.83,44,62
2026-06-11T11:59:00Z,4246.83,4246.83,4243.23,4245.72,45,62
2026-06-11T12:00:00Z,4245.72,4247.08,4244.55,4244.55,51,80
2026-06-11T12:01:00Z,4244.55,4245.80,4242.57,4244.28,47,59
2026-06-11T12:02:00Z,4244.28,4245.05,4241.40,4243.74,35,53
2026-06-11T12:03:00Z,4243.74,4245.92,4243.74,4245.55,45,58
2026-06-11T12:04:00Z,4245.55,4249.77,4244.97,4248.79,48,57
2026-06-11T12:05:00Z,4248.79,4250.29,4248.09,4249.71,52,70
2026-06-11T12:06:00Z,4249.71,4253.00,4249.71,4253.00,50,67
2026-06-11T12:07:00Z,4253.00,4256.06,4252.33,4256.06,46,75
2026-06-11T12:08:00Z,4256.06,4257.65,4255.06,4255.22,50,79
2026-06-11T12:09:00Z,4255.22,4256.23,4252.62,4252.62,53,75
2026-06-11T12:10:00Z,4252.62,4257.74,4252.62,4257.74,44,75
2026-06-11T12:11:00Z,4257.74,4262.03,4257.74,4260.15,41,66
2026-06-11T12:12:00Z,4260.15,4264.36,4260.15,4263.39,39,55
2026-06-11T12:13:00Z,4263.39,4265.10,4261.94,4261.94,52,66
2026-06-11T12:14:00Z,4261.94,4261.94,4258.41,4261.38,49,56
2026-06-11T12:15:00Z,4261.38,4261.57,4259.38,4261.32,46,59
2026-06-11T12:16:00Z,4261.32,4262.39,4260.78,4261.11,51,55
2026-06-11T12:17:00Z,4261.11,4264.08,4260.54,4263.77,51,54
2026-06-11T12:18:00Z,4263.77,4265.79,4261.44,4262.07,49,55
2026-06-11T12:19:00Z,4262.07,4263.71,4261.51,4263.66,43,54
2026-06-11T12:20:00Z,4263.66,4264.11,4262.20,4263.63,53,57
2026-06-11T12:21:00Z,4263.63,4266.95,4263.63,4266.34,59,54
2026-06-11T12:22:00Z,4266.34,4269.20,4265.80,4265.80,52,76
2026-06-11T12:23:00Z,4265.80,4267.30,4264.48,4266.03,44,59
2026-06-11T12:24:00Z,4266.03,4267.16,4264.09,4264.09,45,57
2026-06-11T12:25:00Z,4264.09,4264.09,4262.53,4262.53,44,70
2026-06-11T12:26:00Z,4262.53,4264.85,4262.53,4263.96,59,79
2026-06-11T12:27:00Z,4263.96,4266.21,4263.69,4266.21,45,74
2026-06-11T12:28:00Z,4266.21,4268.18,4266.06,4266.09,61,71
2026-06-11T12:29:00Z,4266.09,4270.17,4266.09,4269.96,47,78
2026-06-11T12:30:00Z,4269.96,4274.88,4269.71,4272.18,55,62
2026-06-11T12:31:00Z,4272.18,4273.26,4271.77,4272.13,61,79
2026-06-11T12:32:00Z,4272.13,4273.14,4270.15,4270.77,63,60
2026-06-11T12:33:00Z,4270.77,4274.42,4269.46,4269.47,54,74
2026-06-11T12:34:00Z,4269.47,4272.36,4269.47,4271.76,58,50
2026-06-11T12:35:00Z,4271.76,4274.74,4271.76,4272.86,57,53
2026-06-11T12:36:00Z,4272.86,4274.34,4272.43,4273.67,57,63
2026-06-11T12:37:00Z,4273.67,4276.11,4273.50,4274.56,63,52
2026-06-11T12:38:00Z,4274.56,4276.37,4274.32,4275.05,52,63
2026-06-11T12:39:00Z,4275.05,4277.30,4275.05,4277.30,54,74
2026-06-11T12:40:00Z,4277.30,4282.16,4276.88,4280.86,54,64
2026-06-11T12:41:00Z,4280.86,4282.74,4280.25,4282.74,59,52
2026-06-11T12:42:00Z,4282.74,4283.59,4280.51,4282.10,66,59
2026-06-11T12:43:00Z,4282.10,4282.10,4278.07,4278.07,69,73
2026-06-11T12:44:00Z,4278.07,4279.47,4275.50,4276.38,66,52
2026-06-11T12:45:00Z,4276.38,4278.20,4275.76,4276.99,59,58
2026-06-11T12:46:00Z,4276.99,4280.67,4276.71,4280.67,67,71
2026-06-11T12:47:00Z,4280.67,4281.94,4277.74,4278.92,72,65
2026-06-11T12:48:00Z,4278.92,4282.38,4278.92,4281.47,56,67
2026-06-11T12:49:00Z,4281.47,4284.42,4281.47,4283.55,63,73
2026-06-11T12:50:00Z,4283.55,4286.26,4283.55,4283.93,73,67
2026-06-11T12:51:00Z,4283.93,4287.57,4283.93,4287.57,61,79
2026-06-11T12:52:00Z,4287.57,4288.02,4285.27,4285.27,74,64
2026-06-11T12:53:00Z,4285.27,4288.19,4285.27,4286.77,59,68
2026-06-11T12:54:00Z,4286.77,4289.48,4286.77,4289.48,67,78
2026-06-11T12:55:00Z,4289.48,4289.48,4286.91,4288.77,77,77
2026-06-11T12:56:00Z,4288.77,4290.28,4287.93,4289.49,69,70
2026-06-11T12:57:00Z,4289.49,4292.13,4288.85,4289.23,73,67
2026-06-11T12:58:00Z,4289.23,4293.01,4288.99,4291.28,75,51
2026-06-11T12:59:00Z,4291.28,4292.54,4290.23,4290.40,71,62
2026-06-11T13:00:00Z,4290.40,4292.63,4289.68,4292.27,73,61
2026-06-11T13:01:00Z,4292.27,4292.27,4288.77,4289.89,69,54
2026-06-11T13:02:00Z,4289.89,4291.65,4289.58,4290.65,70,58
2026-06-11T13:03:00Z,4290.65,4290.95,4288.72,4290.30,72,53
2026-06-11T13:04:00Z,4290.30,4291.13,4289.37,4290.29,72,52
2026-06-11T13:05:00Z,4290.29,4293.35,4290.29,4291.83,81,71
2026-06-11T13:06:00Z,4291.83,4291.92,4290.46,4290.67,79,62
2026-06-11T13:07:00Z,4290.67,4290.67,4285.49,4285.49,69,59
2026-06-11T13:08:00Z,4285.49,4287.90,4285.49,4287.90,85,63
2026-06-11T13:09:00Z,4287.90,4290.72,4287.90,4290.33,76,64
2026-06-11T13:10:00Z,4290.33,4290.99,4287.14,4287.14,74,53
2026-06-11T13:11:00Z,4287.14,4287.48,4282.79,4282.79,81,69
2026-06-11T13:12:00Z,4282.79,4286.07,4281.37,4284.50,77,56
2026-06-11T13:13:00Z,4284.50,4284.50,4283.15,4283.75,72,74
2026-06-11T13:14:00Z,4283.75,4288.88,4283.68,4288.65,83,72
2026-06-11T13:15:00Z,4288.65,4290.63,4287.66,4287.66,89,53
2026-06-11T13:16:00Z,4287.66,4288.37,4284.81,4287.24,88,75
2026-06-11T13:17:00Z,4287.24,4287.26,4283.78,4284.71,91,62
2026-06-11T13:18:00Z,4284.71,4285.03,4279.88,4279.88,78,67
2026-06-11T13:19:00Z,4279.88,4279.88,4276.53,4278.26,90,59
2026-06-11T13:20:00Z,4278.26,4280.01,4277.75,4278.97,84,51
2026-06-11T13:21:00Z,4278.97,4281.47,4277.91,4281.47,92,69
2026-06-11T13:22:00Z,4281.47,4281.99,4276.56,4276.56,91,64
2026-06-11T13:23:00Z,4276.56,4280.04,4276.40,4279.98,84,69
2026-06-11T13:24:00Z,4279.98,4281.14,4278.78,4281.14,87,52
2026-06-11T13:25:00Z,4281.14,4282.95,4280.47,4281.48,90,54
2026-06-11T13:26:00Z,4281.48,4282.22,4279.88,4282.22,88,73
2026-06-11T13:27:00Z,4282.22,4283.49,4279.61,4281.27,83,55
2026-06-11T13:28:00Z,4281.27,4281.27,4278.63,4279.21,96,54
2026-06-11T13:29:00Z,4279.21,4281.70,4278.05,4281.70,98,53
2026-06-11T13:30:00Z,4281.70,4281.79,4278.46,4279.77,85,80
2026-06-11T13:31:00Z,4279.77,4281.07,4278.98,4281.03,96,79
2026-06-11T13:32:00Z,4281.03,4281.53,4279.51,4280.82,87,53
2026-06-11T13:33:00Z,4280.82,4283.45,4279.25,4282.69,103,66
2026-06-11T13:34:00Z,4282.69,4284.36,4281.61,4283.81,93,52
2026-06-11T13:35:00Z,4283.81,4283.81,4280.15,4281.09,96,67
2026-06-11T13:36:00Z,4281.09,4281.64,4275.95,4276.92,103,58
2026-06-11T13:37:00Z,4276.92,4278.40,4276.04,4278.40,91,78
2026-06-11T13:38:00Z,4278.40,4278.92,4277.31,4277.53,93,79
2026-06-11T13:39:00Z,4277.53,4278.68,4274.69,4276.80,101,50
2026-06-11T13:40:00Z,4276.80,4277.29,4274.62,4274.62,94,63
2026-06-11T13:41:00Z,4274.62,4278.50,4274.08,4277.81,99,61
2026-06-11T13:42:00Z,4277.81,4279.99,4277.33,4277.33,102,58
2026-06-11T13:43:00Z,4277.33,4279.56,4277.22,4279.56,111,62
2026-06-11T13:44:00Z,4279.56,4280.10,4277.14,4278.46,113,55
2026-06-11T13:45:00Z,4278.46,4285.32,4278.46,4285.05,112,61
2026-06-11T13:46:00Z,4285.05,4286.51,4283.96,4286.51,103,76
2026-06-11T13:47:00Z,4286.51,4286.51,4281.87,4282.68,104,60
2026-06-11T13:48:00Z,4282.68,4282.74,4277.67,4278.66,107,67
2026-06-11T13:49:00Z,4278.66,4278.66,4275.28,4277.94,109,79
2026-06-11T13:50:00Z,4277.94,4282.38,4277.39,4282.38,116,69
2026-06-11T13:51:00Z,4282.38,4284.01,4282.34,4284.01,107,67
2026-06-11T13:52:00Z,4284.01,4285.14,4280.03,4280.03,109,54
2026-06-11T13:53:00Z,4280.03,4280.03,4277.57,4279.23,110,79
2026-06-11T13:54:00Z,4279.23,4279.23,4277.08,4278.81,118,52
2026-06-11T13:55:00Z,4278.81,4283.74,4278.81,4283.31,117,74
2026-06-11T13:56:00Z,4283.31,4291.20,4283.31,4291.20,123,73
2026-06-11T13:57:00Z,4291.20,4293.19,4288.01,4288.66,123,59
2026-06-11T13:58:00Z,4288.66,4295.18,4288.66,4294.48,114,78
2026-06-11T13:59:00Z,4294.48,4300.05,4294.48,4299.97,119,51
2026-06-12T08:00:00Z,4275.61,4276.34,4273.09,4273.09,114,211
2026-06-12T08:01:00Z,4273.09,4273.98,4271.95,4273.51,116,233
2026-06-12T08:02:00Z,4273.51,4274.81,4272.08,4272.08,121,189
2026-06-12T08:03:00Z,4272.08,4273.53,4271.84,4273.16,119,204
2026-06-12T08:04:00Z,4273.16,4273.65,4271.01,4272.40,119,188
2026-06-12T08:05:00Z,4272.40,4275.83,4272.40,4274.44,119,162
2026-06-12T08:06:00Z,4274.44,4276.32,4273.01,4273.05,115,138
2026-06-12T08:07:00Z,4273.05,4274.19,4271.97,4271.97,108,160
2026-06-12T08:08:00Z,4271.97,4272.74,4269.32,4269.32,108,106
2026-06-12T08:09:00Z,4269.32,4270.22,4268.08,4268.08,112,147
2026-06-12T08:10:00Z,4268.08,4270.98,4268.08,4270.47,119,131
2026-06-12T08:11:00Z,4270.47,4271.71,4268.90,4270.70,114,115
2026-06-12T08:12:00Z,4270.70,4274.78,4270.70,4274.75,104,100
2026-06-12T08:13:00Z,4274.75,4274.75,4272.14,4272.14,113,101
2026-06-12T08:14:00Z,4272.14,4272.14,4266.30,4266.68,104,121
2026-06-12T08:15:00Z,4266.68,4268.54,4266.20,4268.42,101,101
2026-06-12T08:16:00Z,4268.42,4269.48,4266.66,4269.18,112,117
2026-06-12T08:17:00Z,4269.18,4273.75,4268.30,4273.03,105,109
2026-06-12T08:18:00Z,4273.03,4276.77,4273.03,4275.63,109,78
2026-06-12T08:19:00Z,4275.63,4280.71,4275.39,4280.69,105,73
2026-06-12T08:20:00Z,4280.69,4280.72,4277.87,4278.73,110,110
2026-06-12T08:21:00Z,4278.73,4278.89,4273.93,4273.93,98,104
2026-06-12T08:22:00Z,4273.93,4276.96,4273.32,4276.96,106,87
2026-06-12T08:23:00Z,4276.96,4281.18,4276.88,4281.18,93,93
2026-06-12T08:24:00Z,4281.18,4281.39,4274.62,4274.62,98,103
2026-06-12T08:25:00Z,4274.62,4276.55,4273.25,4275.06,102,73
2026-06-12T08:26:00Z,4275.06,4275.12,4272.81,4272.81,98,81
2026-06-12T08:27:00Z,4272.81,4273.14,4271.31,4272.06,95,65
2026-06-12T08:28:00Z,4272.06,4274.45,4271.99,4274.21,91,81
2026-06-12T08:29:00Z,4274.21,4274.21,4271.43,4271.66,90,83
2026-06-12T08:30:00Z,4271.66,4274.08,4268.92,4268.92,85,59
2026-06-12T08:31:00Z,4268.92,4270.12,4268.27,4269.35,87,61
2026-06-12T08:32:00Z,4269.35,4272.68,4269.35,4272.68,95,77
2026-06-12T08:33:00Z,4272.68,4272.68,4270.57,4271.75,97,91
2026-06-12T08:34:00Z,4271.75,4275.60,4271.56,4275.29,86,89
2026-06-12T08:35:00Z,4275.29,4277.22,4272.61,4273.38,82,68
2026-06-12T08:36:00Z,4273.38,4276.71,4273.38,4276.67,89,60
2026-06-12T08:37:00Z,4276.67,4276.93,4273.90,4275.81,96,57
2026-06-12T08:38:00Z,4275.81,4278.54,4275.61,4277.30,92,64
2026-06-12T08:39:00Z,4277.30,4280.12,4277.30,4278.92,80,63
2026-06-12T08:40:00Z,4278.92,4282.22,4276.79,4282.22,79,72
2026-06-12T08:41:00Z,4282.22,4283.17,4281.17,4281.17,84,63
2026-06-12T08:42:00Z,4281.17,4283.29,4279.39,4279.39,83,69
2026-06-12T08:43:00Z,4279.39,4279.39,4276.85,4277.36,87,54
2026-06-12T08:44:00Z,4277.36,4277.87,4275.89,4275.98,76,81
2026-06-12T08:45:00Z,4275.98,4275.98,4273.84,4274.81,89,65
2026-06-12T08:46:00Z,4274.81,4275.15,4273.77,4273.77,87,58
2026-06-12T08:47:00Z,4273.77,4274.58,4272.50,4272.81,85,59
2026-06-12T08:48:00Z,4272.81,4277.31,4272.36,4277.31,74,63
2026-06-12T08:49:00Z,4277.31,4279.42,4276.74,4276.74,83,69
2026-06-12T08:50:00Z,4276.74,4279.93,4274.57,4274.84,75,83
2026-06-12T08:51:00Z,4274.84,4276.21,4273.75,4274.16,80,62
2026-06-12T08:52:00Z,4274.16,4276.67,4274.10,4274.86,76,68
2026-06-12T08:53:00Z,4274.86,4276.76,4271.74,4271.74,78,54
2026-06-12T08:54:00Z,4271.74,4276.01,4271.74,4274.59,83,55
2026-06-12T08:55:00Z,4274.59,4277.77,4274.38,4274.38,74,69
2026-06-12T08:56:00Z,4274.38,4277.50,4273.93,4276.69,66,77
2026-06-12T08:57:00Z,4276.69,4276.69,4274.32,4275.15,81,75
2026-06-12T08:58:00Z,4275.15,4278.97,4275.15,4277.18,80,53
2026-06-12T08:59:00Z,4277.18,4278.67,4276.81,4277.34,77,77
2026-06-12T09:00:00Z,4277.34,4277.34,4268.91,4268.91,73,52
2026-06-12T09:01:00Z,4268.91,4271.48,4268.84,4271.48,65,72
2026-06-12T09:02:00Z,4271.48,4271.54,4268.35,4268.35,66,67
2026-06-12T09:03:00Z,4268.35,4270.40,4267.24,4270.40,62,77
2026-06-12T09:04:00Z,4270.40,4274.35,4270.40,4273.54,75,78
2026-06-12T09:05:00Z,4273.54,4273.54,4269.98,4272.12,68,62
2026-06-12T09:06:00Z,4272.12,4272.12,4268.81,4268.95,74,65
2026-06-12T09:07:00Z,4268.95,4270.72,4268.02,4268.02,69,75
2026-06-12T09:08:00Z,4268.02,4270.77,4268.02,4270.74,72,68
2026-06-12T09:09:00Z,4270.74,4271.00,4268.04,4268.04,67,68
2026-06-12T09:10:00Z,4268.04,4270.47,4267.30,4270.02,70,53
2026-06-12T09:11:00Z,4270.02,4272.48,4270.02,4272.02,73,59
2026-06-12T09:12:00Z,4272.02,4275.57,4272.02,4275.09,61,54
2026-06-12T09:13:00Z,4275.09,4275.77,4272.84,4272.84,58,57
2026-06-12T09:14:00Z,4272.84,4277.35,4272.84,4276.22,65,78
2026-06-12T09:15:00Z,4276.22,4277.25,4273.92,4273.95,64,55
2026-06-12T09:16:00Z,4273.95,4276.73,4273.95,4276.73,69,51
2026-06-12T09:17:00Z,4276.73,4276.73,4270.52,4270.52,66,51
2026-06-12T09:18:00Z,4270.52,4274.55,4270.52,4274.55,57,62
2026-06-12T09:19:00Z,4274.55,4276.45,4274.55,4275.13,64,57
2026-06-12T09:20:00Z,4275.13,4277.74,4275.13,4276.95,61,74
2026-06-12T09:21:00Z,4276.95,4276.95,4270.29,4270.65,51,61
2026-06-12T09:22:00Z,4270.65,4272.30,4269.90,4272.30,52,63
2026-06-12T09:23:00Z,4272.30,4273.24,4271.08,4272.25,58,63
2026-06-12T09:24:00Z,4272.25,4273.07,4271.66,4271.86,50,65
2026-06-12T09:25:00Z,4271.86,4272.12,4268.97,4268.97,53,65
2026-06-12T09:26:00Z,4268.97,4272.09,4268.97,4270.26,58,54
2026-06-12T09:27:00Z,4270.26,4270.62,4267.38,4267.38,63,76
2026-06-12T09:28:00Z,4267.38,4269.76,4266.01,4268.62,58,75
2026-06-12T09:29:00Z,4268.62,4270.46,4267.92,4270.46,55,74
2026-06-12T09:30:00Z,4270.46,4272.01,4268.94,4268.94,56,66
2026-06-12T09:31:00Z,4268.94,4269.74,4265.59,4265.59,52,65
2026-06-12T09:32:00Z,4265.59,4266.56,4262.69,4266.41,48,77
2026-06-12T09:33:00Z,4266.41,4267.76,4263.12,4263.12,51,61
2026-06-12T09:34:00Z,4263.12,4263.12,4261.39,4262.25,50,74
2026-06-12T09:35:00Z,4262.25,4264.22,4261.87,4262.49,46,52
2026-06-12T09:36:00Z,4262.49,4264.50,4262.49,4262.97,56,76
2026-06-12T09:37:00Z,4262.97,4263.39,4261.45,4261.64,44,58
2026-06-12T09:38:00Z,4261.64,4264.42,4261.29,4263.54,52,69
2026-06-12T09:39:00Z,4263.54,4265.59,4263.52,4265.06,47,54
2026-06-12T09:40:00Z,4265.06,4265.83,4263.23,4264.23,55,60
2026-06-12T09:41:00Z,4264.23,4265.35,4263.28,4263.28,42,66
2026-06-12T09:42:00Z,4263.28,4266.07,4263.28,4263.66,47,75
2026-06-12T09:43:00Z,4263.66,4265.62,4262.70,4263.86,43,54
2026-06-12T09:44:00Z,4263.86,4267.59,4262.41,4267.59,51,79
2026-06-12T09:45:00Z,4267.59,4270.13,4266.99,4266.99,52,59
2026-06-12T09:46:00Z,4266.99,4269.27,4265.05,4265.63,48,54
2026-06-12T09:47:00Z,4265.63,4266.24,4264.50,4265.86,45,70
2026-06-12T09:48:00Z,4265.86,4267.67,4265.65,4267.60,41,63
2026-06-12T09:49:00Z,4267.60,4268.09,4266.33,4267.43,41,73
2026-06-12T09:50:00Z,4267.43,4267.43,4264.56,4264.74,52,76
2026-06-12T09:51:00Z,4264.74,4265.66,4260.61,4263.62,49,52
2026-06-12T09:52:00Z,4263.62,4263.62,4258.73,4259.66,52,61
2026-06-12T09:53:00Z,4259.66,4261.97,4259.47,4261.14,44,55
2026-06-12T09:54:00Z,4261.14,4261.22,4257.53,4258.42,41,50
2026-06-12T09:55:00Z,4258.42,4263.56,4258.30,4262.82,44,71
2026-06-12T09:56:00Z,4262.82,4265.93,4261.26,4265.93,47,55
2026-06-12T09:57:00Z,4265.93,4269.73,4265.72,4268.73,48,80
2026-06-12T09:58:00Z,4268.73,4269.28,4267.48,4268.37,44,62
2026-06-12T09:59:00Z,4268.37,4268.82,4266.41,4267.37,49,73
2026-06-12T10:00:00Z,4267.37,4267.37,4260.71,4260.99,35,75
2026-06-12T10:01:00Z,4260.99,4263.62,4260.24,4262.81,35,68
2026-06-12T10:02:00Z,4262.81,4267.48,4262.81,4265.17,47,75
2026-06-12T10:03:00Z,4265.17,4268.31,4265.17,4265.49,38,54
2026-06-12T10:04:00Z,4265.49,4267.28,4264.76,4267.28,39,72
2026-06-12T10:05:00Z,4267.28,4267.86,4264.18,4264.30,39,79
2026-06-12T10:06:00Z,4264.30,4268.80,4264.30,4268.80,42,75
2026-06-12T10:07:00Z,4268.80,4272.27,4267.79,4271.52,47,72
2026-06-12T10:08:00Z,4271.52,4272.18,4269.07,4271.08,43,76
2026-06-12T10:09:00Z,4271.08,4271.08,4268.95,4270.95,46,52
2026-06-12T10:10:00Z,4270.95,4272.72,4270.95,4271.70,36,64
2026-06-12T10:11:00Z,4271.70,4276.95,4271.70,4276.95,40,71
2026-06-12T10:12:00Z,4276.95,4276.95,4274.95,4275.25,47,79
2026-06-12T10:13:00Z,4275.25,4277.47,4274.81,4275.99,32,69
2026-06-12T10:14:00Z,4275.99,4275.99,4271.36,4274.63,32,68
2026-06-12T10:15:00Z,4274.63,4276.10,4273.74,4276.09,45,61
2026-06-12T10:16:00Z,4276.09,4279.67,4276.09,4279.67,42,58
2026-06-12T10:17:00Z,4279.67,4281.76,4277.87,4277.87,30,70
2026-06-12T10:18:00Z,4277.87,4283.38,4277.87,4282.75,37,50
2026-06-12T10:19:00Z,4282.75,4282.75,4276.96,4276.96,45,50
2026-06-12T10:20:00Z,4276.96,4280.04,4276.96,4278.10,38,65
2026-06-12T10:21:00Z,4278.10,4278.51,4270.60,4271.06,33,57
2026-06-12T10:22:00Z,4271.06,4274.61,4268.48,4274.04,44,79
2026-06-12T10:23:00Z,4274.04,4275.73,4273.12,4275.73,35,59
2026-06-12T10:24:00Z,4275.73,4280.19,4275.06,4280.19,37,65
2026-06-12T10:25:00Z,4280.19,4280.19,4276.70,4277.22,42,76
2026-06-12T10:26:00Z,4277.22,4281.17,4275.63,4281.17,42,75
2026-06-12T10:27:00Z,4281.17,4281.17,4278.10,4279.64,29,71
2026-06-12T10:28:00Z,4279.64,4280.87,4276.89,4276.89,39,55
2026-06-12T10:29:00Z,4276.89,4277.84,4276.19,4277.66,30,78
2026-06-12T10:30:00Z,4277.66,4279.74,4277.66,4277.82,30,73
2026-06-12T10:31:00Z,4277.82,4279.79,4276.29,4276.41,43,76
2026-06-12T10:32:00Z,4276.41,4277.23,4274.49,4275.49,31,61
2026-06-12T10:33:00Z,4275.49,4279.86,4274.67,4279.86,42,57
2026-06-12T10:34:00Z,4279.86,4281.14,4278.75,4279.67,42,65
2026-06-12T10:35:00Z,4279.67,4281.39,4279.12,4279.65,37,58
2026-06-12T10:36:00Z,4279.65,4281.64,4276.04,4276.04,38,55
2026-06-12T10:37:00Z,4276.04,4276.04,4271.79,4274.11,38,59
2026-06-12T10:38:00Z,4274.11,4275.65,4272.96,4275.65,37,72
2026-06-12T10:39:00Z,4275.65,4275.65,4272.69,4273.12,26,75
2026-06-12T10:40:00Z,4273.12,4275.15,4272.28,4274.74,26,74
2026-06-12T10:41:00Z,4274.74,4278.60,4274.24,4277.45,32,51
2026-06-12T10:42:00Z,4277.45,4277.96,4274.00,4277.96,41,65
2026-06-12T10:43:00Z,4277.96,4278.98,4276.77,4278.13,39,53
2026-06-12T10:44:00Z,4278.13,4279.10,4275.51,4279.10,37,65
2026-06-12T10:45:00Z,4279.10,4279.14,4274.38,4274.38,41,74
2026-06-12T10:46:00Z,4274.38,4276.44,4273.23,4275.91,38,56
2026-06-12T10:47:00Z,4275.91,4278.09,4275.91,4277.75,26,59
2026-06-12T10:48:00Z,4277.75,4277.86,4276.25,4276.28,32,58
2026-06-12T10:49:00Z,4276.28,4277.91,4274.98,4277.91,41,55
2026-06-12T10:50:00Z,4277.91,4280.01,4276.49,4279.81,25,62
2026-06-12T10:51:00Z,4279.81,4282.80,4279.75,4281.36,37,55
2026-06-12T10:52:00Z,4281.36,4281.45,4278.67,4279.38,32,80
2026-06-12T10:53:00Z,4279.38,4283.29,4279.33,4283.29,41,66
2026-06-12T10:54:00Z,4283.29,4287.24,4283.29,4286.77,38,54
2026-06-12T10:55:00Z,4286.77,4288.55,4285.73,4287.71,37,66
2026-06-12T10:56:00Z,4287.71,4287.71,4283.13,4284.50,36,78
2026-06-12T10:57:00Z,4284.50,4285.64,4280.88,4285.64,37,69
2026-06-12T10:58:00Z,4285.64,4285.92,4282.65,4283.22,26,55
2026-06-12T10:59:00Z,4283.22,4285.22,4283.22,4285.00,38,76
2026-06-12T11:00:00Z,4285.00,4285.00,4280.61,4280.61,26,77
2026-06-12T11:01:00Z,4280.61,4284.47,4280.61,4283.62,26,76
2026-06-12T11:02:00Z,4283.62,4283.62,4278.91,4280.77,34,72
2026-06-12T11:03:00Z,4280.77,4280.77,4277.81,4278.30,30,57
2026-06-12T11:04:00Z,4278.30,4279.10,4275.75,4275.78,31,55
2026-06-12T11:05:00Z,4275.78,4278.85,4275.78,4277.19,32,59
2026-06-12T11:06:00Z,4277.19,4282.37,4276.58,4281.45,30,53
2026-06-12T11:07:00Z,4281.45,4282.64,4280.25,4281.04,32,65
2026-06-12T11:08:00Z,4281.04,4282.96,4279.46,4282.96,36,71
2026-06-12T11:09:00Z,4282.96,4282.96,4278.01,4278.01,40,73
2026-06-12T11:10:00Z,4278.01,4279.93,4276.82,4278.47,32,67
2026-06-12T11:11:00Z,4278.47,4278.72,4274.18,4276.34,31,80
2026-06-12T11:12:00Z,4276.34,4276.34,4273.43,4274.43,36,50
2026-06-12T11:13:00Z,4274.43,4277.50,4274.26,4274.50,38,71
2026-06-12T11:14:00Z,4274.50,4277.07,4272.85,4277.07,35,75
2026-06-12T11:15:00Z,4277.07,4277.07,4276.00,4276.96,34,58
2026-06-12T11:16:00Z,4276.96,4281.50,4275.92,4280.83,28,57
2026-06-12T11:17:00Z,4280.83,4282.33,4278.69,4282.26,31,65
2026-06-12T11:18:00Z,4282.26,4282.53,4278.98,4280.32,31,54
2026-06-12T11:19:00Z,4280.32,4281.54,4278.93,4279.43,41,63
2026-06-12T11:20:00Z,4279.43,4282.52,4279.01,4280.42,39,77
2026-06-12T11:21:00Z,4280.42,4282.18,4279.29,4280.49,35,61
2026-06-12T11:22:00Z,4280.49,4280.98,4276.57,4276.81,27,79
2026-06-12T11:23:00Z,4276.81,4279.28,4275.54,4276.19,30,69
2026-06-12T11:24:00Z,4276.19,4278.38,4274.61,4278.21,35,59
2026-06-12T11:25:00Z,4278.21,4280.46,4278.06,4279.76,36,68
2026-06-12T11:26:00Z,4279.76,4279.76,4276.95,4277.43,37,58
2026-06-12T11:27:00Z,4277.43,4278.05,4274.43,4274.70,34,62
2026-06-12T11:28:00Z,4274.70,4274.70,4272.93,4272.93,40,57
2026-06-12T11:29:00Z,4272.93,4276.25,4272.19,4275.33,36,73
2026-06-12T11:30:00Z,4275.33,4276.00,4273.81,4275.00,29,51
2026-06-12T11:31:00Z,4275.00,4275.00,4272.22,4274.80,39,65
2026-06-12T11:32:00Z,4274.80,4279.39,4274.80,4279.39,40,61
2026-06-12T11:33:00Z,4279.39,4280.79,4276.86,4280.79,30,57
2026-06-12T11:34:00Z,4280.79,4284.25,4280.79,4283.15,41,70
2026-06-12T11:35:00Z,4283.15,4283.65,4279.20,4281.45,31,79
2026-06-12T11:36:00Z,4281.45,4281.45,4279.95,4280.43,35,75
2026-06-12T11:37:00Z,4280.43,4281.15,4277.76,4281.15,45,75
2026-06-12T11:38:00Z,4281.15,4283.53,4279.92,4279.94,32,67
2026-06-12T11:39:00Z,4279.94,4279.94,4276.03,4277.79,40,53
2026-06-12T11:40:00Z,4277.79,4281.40,4277.47,4281.40,31,59
2026-06-12T11:41:00Z,4281.40,4281.40,4278.12,4279.29,31,68
2026-06-12T11:42:00Z,4279.29,4283.63,4279.29,4283.08,39,71
2026-06-12T11:43:00Z,4283.08,4283.21,4280.48,4280.92,31,71
2026-06-12T11:44:00Z,4280.92,4282.82,4280.14,4282.82,34,70
2026-06-12T11:45:00Z,4282.82,4283.53,4280.98,4281.19,33,79
2026-06-12T11:46:00Z,4281.19,4282.81,4280.62,4281.25,35,53
2026-06-12T11:47:00Z,4281.25,4284.14,4280.20,4284.14,34,66
2026-06-12T11:48:00Z,4284.14,4284.87,4283.35,4283.35,31,70
2026-06-12T11:49:00Z,4283.35,4285.46,4283.35,4284.25,46,78
2026-06-12T11:50:00Z,4284.25,4287.18,4284.25,4286.17,40,75
2026-06-12T11:51:00Z,4286.17,4287.30,4285.65,4285.65,36,51
2026-06-12T11:52:00Z,4285.65,4286.89,4283.26,4286.89,33,56
2026-06-12T11:53:00Z,4286.89,4291.42,4286.89,4289.90,41,66
2026-06-12T11:54:00Z,4289.90,4291.75,4283.48,4283.48,38,51
2026-06-12T11:55:00Z,4283.48,4286.66,4282.90,4286.66,34,59
2026-06-12T11:56:00Z,4286.66,4288.16,4286.23,4287.64,39,55
2026-06-12T11:57:00Z,4287.64,4289.71,4287.64,4288.69,48,75
2026-06-12T11:58:00Z,4288.69,4291.01,4287.45,4290.74,35,62
2026-06-12T11:59:00Z,4290.74,4291.93,4289.67,4291.58,46,63
2026-06-12T12:00:00Z,4291.58,4293.09,4290.61,4293.09,35,59
2026-06-12T12:01:00Z,4293.09,4296.34,4291.73,4296.04,46,75
2026-06-12T12:02:00Z,4296.04,4300.87,4296.04,4298.52,49,66
2026-06-12T12:03:00Z,4298.52,4299.57,4297.16,4297.35,38,68
2026-06-12T12:04:00Z,4297.35,4297.35,4294.42,4294.42,39,71
2026-06-12T12:05:00Z,4294.42,4297.10,4293.50,4297.10,50,69
2026-06-12T12:06:00Z,4297.10,4302.36,4297.10,4301.17,49,56
2026-06-12T12:07:00Z,4301.17,4301.21,4297.74,4299.08,52,63
2026-06-12T12:08:00Z,4299.08,4301.25,4297.18,4298.20,48,51
2026-06-12T12:09:00Z,4298.20,4301.39,4298.20,4299.52,43,64
2026-06-12T12:10:00Z,4299.52,4304.76,4299.52,4304.76,48,57
2026-06-12T12:11:00Z,4304.76,4304.76,4301.08,4303.70,40,53
2026-06-12T12:12:00Z,4303.70,4305.03,4302.43,4303.94,54,61
2026-06-12T12:13:00Z,4303.94,4306.39,4303.44,4303.63,42,51
2026-06-12T12:14:00Z,4303.63,4310.62,4303.63,4310.23,54,72
2026-06-12T12:15:00Z,4310.23,4310.98,4308.68,4309.13,46,51
2026-06-12T12:16:00Z,4309.13,4309.39,4307.35,4308.07,51,58
2026-06-12T12:17:00Z,4308.07,4308.07,4303.70,4304.39,48,74
2026-06-12T12:18:00Z,4304.39,4304.47,4303.01,4304.10,41,72
2026-06-12T12:19:00Z,4304.10,4305.72,4302.38,4305.72,43,66
2026-06-12T12:20:00Z,4305.72,4308.20,4305.50,4306.25,50,51
2026-06-12T12:21:00Z,4306.25,4309.13,4305.47,4306.57,58,58
2026-06-12T12:22:00Z,4306.57,4306.57,4302.53,4302.53,47,73
2026-06-12T12:23:00Z,4302.53,4306.14,4302.53,4305.62,54,61
2026-06-12T12:24:00Z,4305.62,4307.39,4304.74,4307.01,53,68
2026-06-12T12:25:00Z,4307.01,4309.21,4305.77,4306.76,53,59
2026-06-12T12:26:00Z,4306.76,4308.64,4304.54,4308.64,56,66
2026-06-12T12:27:00Z,4308.64,4308.64,4302.29,4303.14,50,53
2026-06-12T12:28:00Z,4303.14,4303.34,4299.41,4299.74,60,73
2026-06-12T12:29:00Z,4299.74,4302.42,4298.25,4302.42,61,78
2026-06-12T12:30:00Z,4302.42,4306.09,4302.05,4306.09,63,65
2026-06-12T12:31:00Z,4306.09,4306.78,4305.25,4306.78,51,64
2026-06-12T12:32:00Z,4306.78,4307.59,4306.16,4306.69,48,57
2026-06-12T12:33:00Z,4306.69,4309.01,4306.29,4308.13,48,54
2026-06-12T12:34:00Z,4308.13,4308.77,4305.45,4305.92,53,50
2026-06-12T12:35:00Z,4305.92,4309.18,4305.70,4308.32,61,74
2026-06-12T12:36:00Z,4308.32,4308.83,4305.56,4308.00,61,72
2026-06-12T12:37:00Z,4308.00,4308.00,4306.58,4306.86,65,76
2026-06-12T12:38:00Z,4306.86,4307.45,4304.75,4304.75,62,68
2026-06-12T12:39:00Z,4304.75,4305.66,4303.52,4303.52,55,63
2026-06-12T12:40:00Z,4303.52,4303.52,4302.08,4303.38,65,60
2026-06-12T12:41:00Z,4303.38,4304.30,4302.53,4303.81,64,54
2026-06-12T12:42:00Z,4303.81,4307.18,4303.81,4306.18,58,62
2026-06-12T12:43:00Z,4306.18,4306.45,4303.12,4303.12,65,70
2026-06-12T12:44:00Z,4303.12,4303.12,4298.96,4298.96,59,55
2026-06-12T12:45:00Z,4298.96,4300.04,4297.28,4297.32,58,57
2026-06-12T12:46:00Z,4297.32,4299.71,4297.30,4298.91,56,79
2026-06-12T12:47:00Z,4298.91,4301.67,4298.91,4300.09,58,54
2026-06-12T12:48:00Z,4300.09,4302.06,4299.41,4300.61,59,79
2026-06-12T12:49:00Z,4300.61,4301.30,4299.99,4301.18,63,72
2026-06-12T12:50:00Z,4301.18,4301.84,4298.15,4298.53,62,50
2026-06-12T12:51:00Z,4298.53,4299.84,4295.21,4296.63,61,62
2026-06-12T12:52:00Z,4296.63,4296.63,4293.53,4294.53,68,51
2026-06-12T12:53:00Z,4294.53,4294.53,4292.47,4292.47,75,75
2026-06-12T12:54:00Z,4292.47,4293.34,4291.98,4291.98,76,73
2026-06-12T12:55:00Z,4291.98,4294.82,4291.48,4294.82,64,77
2026-06-12T12:56:00Z,4294.82,4299.89,4294.82,4297.44,74,79
2026-06-12T12:57:00Z,4297.44,4298.56,4296.30,4297.58,73,69
2026-06-12T12:58:00Z,4297.58,4299.75,4294.43,4294.43,64,53
2026-06-12T12:59:00Z,4294.43,4294.43,4291.99,4293.34,70,65
2026-06-12T13:00:00Z,4293.34,4294.17,4292.65,4294.17,74,64
2026-06-12T13:01:00Z,4294.17,4299.52,4294.17,4299.52,64,72
2026-06-12T13:02:00Z,4299.52,4299.78,4296.38,4296.75,71,51
2026-06-12T13:03:00Z,4296.75,4300.51,4295.63,4300.51,69,75
2026-06-12T13:04:00Z,4300.51,4300.74,4298.08,4298.08,67,63
2026-06-12T13:05:00Z,4298.08,4298.61,4295.53,4296.26,67,67
2026-06-12T13:06:00Z,4296.26,4299.46,4295.57,4296.89,71,67
2026-06-12T13:07:00Z,4296.89,4299.07,4295.59,4299.07,79,69
2026-06-12T13:08:00Z,4299.07,4303.27,4299.07,4303.12,84,63
2026-06-12T13:09:00Z,4303.12,4303.12,4300.26,4301.37,79,52
2026-06-12T13:10:00Z,4301.37,4303.30,4298.82,4298.82,82,68
2026-06-12T13:11:00Z,4298.82,4301.87,4298.82,4301.49,86,56
2026-06-12T13:12:00Z,4301.49,4302.91,4300.50,4302.91,82,50
2026-06-12T13:13:00Z,4302.91,4305.73,4302.91,4303.85,81,71
2026-06-12T13:14:00Z,4303.85,4307.45,4301.61,4301.61,86,74
2026-06-12T13:15:00Z,4301.61,4301.61,4295.99,4295.99,87,80
2026-06-12T13:16:00Z,4295.99,4298.39,4295.99,4297.07,86,52
2026-06-12T13:17:00Z,4297.07,4298.26,4295.93,4298.26,81,57
2026-06-12T13:18:00Z,4298.26,4302.50,4297.89,4302.05,82,80
2026-06-12T13:19:00Z,4302.05,4304.12,4300.56,4304.12,92,69
2026-06-12T13:20:00Z,4304.12,4306.39,4303.44,4304.75,86,75
2026-06-12T13:21:00Z,4304.75,4306.60,4303.23,4303.91,91,62
2026-06-12T13:22:00Z,4303.91,4304.93,4302.63,4304.15,86,63
2026-06-12T13:23:00Z,4304.15,4307.36,4303.75,4307.36,93,53
2026-06-12T13:24:00Z,4307.36,4311.06,4307.36,4311.06,81,66
2026-06-12T13:25:00Z,4311.06,4315.92,4311.06,4314.73,83,58
2026-06-12T13:26:00Z,4314.73,4317.82,4313.78,4317.82,90,58
2026-06-12T13:27:00Z,4317.82,4319.82,4317.82,4317.91,99,64
2026-06-12T13:28:00Z,4317.91,4320.29,4317.51,4320.29,85,70
2026-06-12T13:29:00Z,4320.29,4321.50,4318.99,4319.00,85,56
2026-06-12T13:30:00Z,4319.00,4319.69,4316.26,4317.71,86,76
2026-06-12T13:31:00Z,4317.71,4319.89,4316.45,4319.89,93,60
2026-06-12T13:32:00Z,4319.89,4322.17,4318.87,4322.17,99,75
2026-06-12T13:33:00Z,4322.17,4322.17,4319.48,4321.55,99,65
2026-06-12T13:34:00Z,4321.55,4321.87,4318.79,4318.96,96,53
2026-06-12T13:35:00Z,4318.96,4319.76,4318.60,4319.76,103,71
2026-06-12T13:36:00Z,4319.76,4319.76,4316.21,4316.94,98,58
2026-06-12T13:37:00Z,4316.94,4316.94,4312.79,4313.07,101,53
2026-06-12T13:38:00Z,4313.07,4313.07,4310.81,4310.81,108,54
2026-06-12T13:39:00Z,4310.81,4313.26,4310.02,4310.02,101,73
2026-06-12T13:40:00Z,4310.02,4310.02,4303.07,4303.07,110,65
2026-06-12T13:41:00Z,4303.07,4304.75,4303.07,4304.75,99,74
2026-06-12T13:42:00Z,4304.75,4305.12,4303.12,4304.43,111,63
2026-06-12T13:43:00Z,4304.43,4304.90,4301.99,4303.72,98,54
2026-06-12T13:44:00Z,4303.72,4308.57,4303.58,4308.46,102,57
2026-06-12T13:45:00Z,4308.46,4311.44,4307.75,4310.62,100,60
2026-06-12T13:46:00Z,4310.62,4312.10,4310.35,4310.42,115,65
2026-06-12T13:47:00Z,4310.42,4312.42,4305.17,4305.17,109,79
2026-06-12T13:48:00Z,4305.17,4308.62,4302.95,4308.62,114,58
2026-06-12T13:49:00Z,4308.62,4309.17,4306.98,4307.58,117,60
2026-06-12T13:50:00Z,4307.58,4308.11,4305.28,4305.28,116,56
2026-06-12T13:51:00Z,4305.28,4305.51,4304.32,4305.44,110,65
2026-06-12T13:52:00Z,4305.44,4305.56,4299.32,4300.28,105,71
2026-06-12T13:53:00Z,4300.28,4303.09,4300.04,4303.05,119,64
2026-06-12T13:54:00Z,4303.05,4303.65,4301.51,4302.56,115,65
2026-06-12T13:55:00Z,4302.56,4306.88,4302.56,4306.78,122,69
2026-06-12T13:56:00Z,4306.78,4308.74,4306.01,4307.44,113,72
2026-06-12T13:57:00Z,4307.44,4308.18,4301.73,4301.84,119,66
2026-06-12T13:58:00Z,4301.84,4302.70,4299.97,4300.21,114,51
2026-06-12T13:59:00Z,4300.21,4304.48,4300.14,4304.48,124,75
